dia_semana;uf;causa_acidente;tipo_acidente;classificacao_acidente;fase_dia;condicao_metereologica;tracado_via
quarta-feira;CE;Falta de Atencao Conducao;Colisao traseira;Sem Vitimas;Plena Noite;Garoa/Chuvisco;Reta
quinta-feira;ES;Falta de Atencao Conducao;Queda de ocupante de veiculo;Com Vitimas Feridas;Pleno dia;Ceu Claro;Reta
quinta-feira;ES;Desobediencia nas normas de transito pelo condutor;Colisao transversal;Com Vitimas Feridas;Pleno dia;Ceu Claro;Reta
quinta-feira;PE;Velocidade Incompativel;Capotamento;Com Vitimas Feridas;Amanhecer;Ceu Claro;Reta
quinta-feira;ES;Nao guardar distancia de seguranca;Colisao traseira;Com Vitimas Feridas;Pleno dia;Ceu Claro;Reta
quinta-feira;PR;Ultrapassagem Indevida;Colisao frontal;Com Vitimas Fatais;Pleno dia;Chuva;Nao Informado
quinta-feira;PR;Nao guardar distancia de seguranca;Colisao traseira;Com Vitimas Feridas;Pleno dia;Sol;Reta
quinta-feira;MG;Nao guardar distancia de seguranca;Colisao traseira;Com Vitimas Feridas;Pleno dia;Sol;Reta
quinta-feira;MG;Condutor Dormindo;Saida de leito carrocavel;Com Vitimas Fatais;Pleno dia;Ceu Claro;Reta
quinta-feira;PR;Falta de Atencao Conducao;Atropelamento de Pedestre;Com Vitimas Feridas;Pleno dia;Sol;Reta
quinta-feira;PR;Falta de Atencao Conducao;Colisao lateral;Com Vitimas Feridas;Pleno dia;Ceu Claro;Reta
quinta-feira;GO;Defeito Mecanico no Veiculo;Colisao com objeto estatico;Com Vitimas Feridas;Amanhecer;Ceu Claro;Ponte
quinta-feira;RO;Desobediencia nas normas de transito pelo condutor;Colisao frontal;Com Vitimas Feridas;Pleno dia;Nublado;Nao Informado
quinta-feira;PE;Condutor Dormindo;Saida de leito carrocavel;Com Vitimas Feridas;Amanhecer;Ceu Claro;Reta
quinta-feira;RO;Falta de Atencao Conducao;Colisao transversal;Com Vitimas Feridas;Pleno dia;Sol;Reta
segunda-feira;MG;Nao guardar distancia de seguranca;Colisao traseira;Sem Vitimas;Plena Noite;Ceu Claro;Reta
segunda-feira;BA;Condutor Dormindo;Colisao lateral;Com Vitimas Feridas;Pleno dia;Nublado;Reta
quinta-feira;MT;Nao guardar distancia de seguranca;Colisao frontal;Com Vitimas Fatais;Amanhecer;Nublado;Reta
quinta-feira;PE;Desobediencia nas normas de transito pelo condutor;Colisao transversal;Com Vitimas Feridas;Pleno dia;Ceu Claro;Reta
quinta-feira;MG;Condutor Dormindo;Saida de leito carrocavel;Com Vitimas Feridas;Pleno dia;Ceu Claro;Reta
quinta-feira;RJ;Falta de Atencao Conducao;Colisao traseira;Com Vitimas Feridas;Pleno dia;Ceu Claro;Reta
quinta-feira;CE;Desobediencia nas normas de transito pelo condutor;Colisao lateral;Com Vitimas Feridas;Pleno dia;Ceu Claro;Reta
quinta-feira;SC;Desobediencia nas normas de transito pelo condutor;Colisao transversal;Com Vitimas Feridas;Pleno dia;Sol;Intersecao de vias
quinta-feira;PR;Falta de Atencao Conducao;Tombamento;Com Vitimas Feridas;Pleno dia;Sol;Desvio Temporario
quinta-feira;BA;Falta de Atencao Conducao;Colisao transversal;Com Vitimas Feridas;Pleno dia;Ceu Claro;Reta
quinta-feira;RJ;Falta de Atencao Conducao;Colisao transversal;Com Vitimas Feridas;Pleno dia;Ceu Claro;Reta
quinta-feira;CE;Desobediencia nas normas de transito pelo condutor;Colisao lateral;Com Vitimas Feridas;Pleno dia;Ceu Claro;Reta
quinta-feira;PB;Velocidade Incompativel;Colisao com objeto estatico;Com Vitimas Fatais;Pleno dia;Ceu Claro;Nao Informado
quinta-feira;RJ;Defeito Mecanico no Veiculo;Incendio;Sem Vitimas;Pleno dia;Ceu Claro;Reta
quinta-feira;BA;Falta de Atencao Conducao;Colisao lateral;Com Vitimas Feridas;Pleno dia;Ceu Claro;Curva
quinta-feira;RS;Pista Escorregadia;Colisao transversal;Com Vitimas Feridas;Pleno dia;Garoa/Chuvisco;Curva
quinta-feira;PI;Falta de Atencao Conducao;Colisao lateral;Com Vitimas Feridas;Pleno dia;Nublado;Reta
quinta-feira;PR;Velocidade Incompativel;Colisao traseira;Com Vitimas Feridas;Pleno dia;Ceu Claro;Reta
quinta-feira;TO;Pista Escorregadia;Saida de leito carrocavel;Com Vitimas Feridas;Pleno dia;Chuva;Curva
quinta-feira;MG;Falta de Atencao Conducao;Queda de ocupante de veiculo;Com Vitimas Feridas;Pleno dia;Ceu Claro;Desvio Temporario
quinta-feira;TO;Pista Escorregadia;Saida de leito carrocavel;Sem Vitimas;Pleno dia;Chuva;Reta
quinta-feira;PR;Nao guardar distancia de seguranca;Colisao traseira;Com Vitimas Feridas;Pleno dia;Sol;Reta
quinta-feira;PA;Falta de Atencao Conducao;Colisao traseira;Com Vitimas Feridas;Pleno dia;Garoa/Chuvisco;Reta
quinta-feira;GO;Nao guardar distancia de seguranca;Colisao traseira;Com Vitimas Feridas;Pleno dia;Chuva;Nao Informado
quinta-feira;RJ;Defeito Mecanico no Veiculo;Tombamento;Sem Vitimas;Pleno dia;Ceu Claro;Reta
quinta-feira;MG;Falta de Atencao Conducao;Colisao traseira;Com Vitimas Feridas;Pleno dia;Ceu Claro;Reta
quinta-feira;MG;Falta de Atencao Conducao;Colisao frontal;Com Vitimas Feridas;Pleno dia;Sol;Reta
quinta-feira;RJ;Nao guardar distancia de seguranca;Colisao traseira;Com Vitimas Feridas;Pleno dia;Sol;Reta
quinta-feira;SP;Pista Escorregadia;Tombamento;Com Vitimas Feridas;Pleno dia;Sol;Intersecao de vias
quinta-feira;MG;Falta de Atencao Conducao;Capotamento;Com Vitimas Feridas;Pleno dia;Ceu Claro;Curva
quinta-feira;RR;Falta de Atencao Conducao;Colisao transversal;Com Vitimas Feridas;Pleno dia;Ceu Claro;Reta
segunda-feira;RS;Nao guardar distancia de seguranca;Colisao traseira;Sem Vitimas;Pleno dia;Garoa/Chuvisco;Reta
quinta-feira;RS;Defeito Mecanico no Veiculo;Incendio;Sem Vitimas;Pleno dia;Ceu Claro;Reta
quinta-feira;PR;Falta de Atencao Conducao;Colisao frontal;Com Vitimas Feridas;Pleno dia;Nublado;Curva
quinta-feira;MG;Falta de Atencao Conducao;Colisao lateral;Com Vitimas Feridas;Pleno dia;Ceu Claro;Reta
quinta-feira;MG;Nao guardar distancia de seguranca;Colisao traseira;Sem Vitimas;Pleno dia;Sol;Nao Informado
quinta-feira;MG;Desobediencia nas normas de transito pelo condutor;Colisao transversal;Com Vitimas Feridas;Pleno dia;Sol;Reta
quinta-feira;MG;Falta de Atencao Conducao;Colisao transversal;Com Vitimas Feridas;Pleno dia;Ceu Claro;Reta
quinta-feira;PR;Velocidade Incompativel;Tombamento;Com Vitimas Fatais;Pleno dia;Nublado;Curva
quinta-feira;MG;Desobediencia nas normas de transito pelo condutor;Colisao com objeto estatico;Sem Vitimas;Pleno dia;Ceu Claro;Reta
quinta-feira;DF;Nao guardar distancia de seguranca;Saida de leito carrocavel;Sem Vitimas;Pleno dia;Ceu Claro;Reta
quinta-feira;RJ;Falta de Atencao Conducao;Colisao lateral;Com Vitimas Feridas;Pleno dia;Ceu Claro;Nao Informado
quinta-feira;MG;Falta de Atencao Conducao;Colisao com objeto estatico;Com Vitimas Feridas;Pleno dia;Sol;Curva
quinta-feira;MG;Condutor Dormindo;Saida de leito carrocavel;Com Vitimas Feridas;Pleno dia;Ceu Claro;Reta
quinta-feira;RS;Condutor Dormindo;Colisao traseira;Com Vitimas Feridas;Pleno dia;Nublado;Reta
quinta-feira;SP;Nao guardar distancia de seguranca;Colisao traseira;Com Vitimas Feridas;Pleno dia;Sol;Reta
quinta-feira;SC;Falta de Atencao Conducao;Colisao transversal;Com Vitimas Feridas;Pleno dia;Ceu Claro;Reta
quinta-feira;PR;Velocidade Incompativel;Colisao transversal;Com Vitimas Feridas;Pleno dia;Nublado;Curva
quinta-feira;SC;Agressao Externa;Danos eventuais;Com Vitimas Feridas;Pleno dia;Chuva;Reta
quinta-feira;SC;Nao guardar distancia de seguranca;Colisao traseira;Com Vitimas Feridas;Pleno dia;Ceu Claro;Reta
quinta-feira;PR;Velocidade Incompativel;Colisao traseira;Com Vitimas Feridas;Pleno dia;Nublado;Nao Informado
quinta-feira;PA;Falta de Atencao Conducao;Tombamento;Com Vitimas Feridas;Pleno dia;Ceu Claro;Curva
quinta-feira;SP;Agressao Externa;Saida de leito carrocavel;Sem Vitimas;Pleno dia;Ceu Claro;Reta
quinta-feira;SC;Desobediencia nas normas de transito pelo condutor;Colisao transversal;Com Vitimas Feridas;Pleno dia;Ceu Claro;Nao Informado
quinta-feira;MG;Falta de Atencao Conducao;Colisao traseira;Com Vitimas Fatais;Pleno dia;Sol;Curva
quinta-feira;PR;Avarias e/ou desgaste excessivo no pneu;Saida de leito carrocavel;Com Vitimas Feridas;Pleno dia;Sol;Reta
quinta-feira;MS;Falta de Atencao Conducao;Colisao traseira;Com Vitimas Feridas;Pleno dia;Sol;Reta
quinta-feira;RS;Nao guardar distancia de seguranca;Colisao lateral;Com Vitimas Feridas;Pleno dia;Ceu Claro;Reta
quinta-feira;PE;Falta de Atencao Conducao;Colisao traseira;Com Vitimas Feridas;Pleno dia;Sol;Reta
quinta-feira;BA;Falta de Atencao Conducao;Colisao transversal;Com Vitimas Feridas;Pleno dia;Ceu Claro;Reta
quinta-feira;RJ;Falta de Atencao Conducao;Colisao lateral;Com Vitimas Fatais;Pleno dia;Sol;Reta
quinta-feira;PR;Falta de Atencao Conducao;Colisao lateral;Com Vitimas Feridas;Pleno dia;Nublado;Reta
quinta-feira;RS;Falta de Atencao Conducao;Colisao com objeto estatico;Com Vitimas Feridas;Pleno dia;Ceu Claro;Curva
quinta-feira;RO;Falta de Atencao Conducao;Saida de leito carrocavel;Sem Vitimas;Pleno dia;Nublado;Reta
quinta-feira;MG;Defeito Mecanico no Veiculo;Incendio;Sem Vitimas;Plena Noite;Nublado;Reta
quinta-feira;MG;Avarias e/ou desgaste excessivo no pneu;Saida de leito carrocavel;Com Vitimas Feridas;Pleno dia;Ceu Claro;Reta
quinta-feira;CE;Ingestao de Alcool;Colisao traseira;Com Vitimas Feridas;Pleno dia;Ceu Claro;Viaduto
quinta-feira;ES;Defeito Mecanico no Veiculo;Colisao traseira;Com Vitimas Feridas;Pleno dia;Ceu Claro;Curva
quinta-feira;PR;Falta de Atencao Conducao;Saida de leito carrocavel;Com Vitimas Feridas;Pleno dia;Garoa/Chuvisco;Curva
quinta-feira;MA;Desobediencia nas normas de transito pelo condutor;Colisao transversal;Com Vitimas Feridas;Pleno dia;Ceu Claro;Reta
quinta-feira;PR;Velocidade Incompativel;Saida de leito carrocavel;Sem Vitimas;Pleno dia;Ceu Claro;Curva
quinta-feira;PR;Nao guardar distancia de seguranca;Colisao lateral;Com Vitimas Fatais;Pleno dia;Nublado;Reta
quinta-feira;SP;Falta de Atencao Conducao;Colisao transversal;Com Vitimas Feridas;Pleno dia;Ceu Claro;Intersecao de vias
quinta-feira;GO;Ultrapassagem Indevida;Colisao frontal;Com Vitimas Feridas;Anoitecer;Chuva;Reta
quinta-feira;GO;Falta de Atencao Conducao;Colisao transversal;Com Vitimas Feridas;Pleno dia;Nublado;Retorno Regulamentado
quinta-feira;SC;Nao guardar distancia de seguranca;Tombamento;Com Vitimas Feridas;Pleno dia;Sol;Reta
quinta-feira;RS;Pista Escorregadia;Tombamento;Com Vitimas Feridas;Anoitecer;Ceu Claro;Intersecao de vias
quinta-feira;SC;Desobediencia nas normas de transito pelo condutor;Colisao transversal;Com Vitimas Feridas;Anoitecer;Nublado;Reta
domingo;RJ;Falta de Atencao Conducao;Tombamento;Com Vitimas Feridas;Pleno dia;Ceu Claro;Reta
quinta-feira;SC;Ingestao de Alcool;Colisao traseira;Sem Vitimas;Pleno dia;Nublado;Nao Informado
quinta-feira;SC;Ingestao de Alcool;Colisao traseira;Sem Vitimas;Pleno dia;Nublado;Reta
quinta-feira;ES;Animais na Pista;Atropelamento de Animal;Com Vitimas Feridas;Plena Noite;Nublado;Reta
quinta-feira;RN;Falta de Atencao Conducao;Colisao lateral;Com Vitimas Feridas;Plena Noite;Ceu Claro;Reta
quinta-feira;PR;Falta de Atencao Conducao;Colisao traseira;Com Vitimas Feridas;Anoitecer;Ceu Claro;Reta
quinta-feira;MG;Falta de Atencao Conducao;Colisao transversal;Com Vitimas Feridas;Plena Noite;Ceu Claro;Reta
quinta-feira;MT;Falta de Atencao Conducao;Saida de leito carrocavel;Com Vitimas Feridas;Plena Noite;Ceu Claro;Reta
quinta-feira;SC;Fenomenos da Natureza;Tombamento;Com Vitimas Feridas;Pleno dia;Chuva;Reta
quinta-feira;BA;Velocidade Incompativel;Capotamento;Com Vitimas Feridas;Pleno dia;Ceu Claro;Reta
quinta-feira;GO;Ingestao de Alcool;Queda de ocupante de veiculo;Com Vitimas Fatais;Plena Noite;Ceu Claro;Desvio Temporario
quinta-feira;MG;Velocidade Incompativel;Saida de leito carrocavel;Com Vitimas Feridas;Plena Noite;Ceu Claro;Reta
quinta-feira;RJ;Velocidade Incompativel;Saida de leito carrocavel;Com Vitimas Feridas;Plena Noite;Ceu Claro;Reta
quinta-feira;MG;Desobediencia nas normas de transito pelo condutor;Colisao lateral;Sem Vitimas;Plena Noite;Ceu Claro;Reta
quinta-feira;RJ;Deficincia ou nao Acionamento do Sistema de Iluminacao/Sinalizacao do Veiculo;Colisao traseira;Com Vitimas Fatais;Plena Noite;Ceu Claro;Reta
quinta-feira;MS;Falta de Atencao do Pedestre;Atropelamento de Pedestre;Com Vitimas Fatais;Plena Noite;Ceu Claro;Reta
quinta-feira;PI;Defeito Mecanico no Veiculo;Saida de leito carrocavel;Sem Vitimas;Pleno dia;Ceu Claro;Reta
quinta-feira;AL;Animais na Pista;Atropelamento de Animal;Com Vitimas Feridas;Pleno dia;Sol;Intersecao de vias
quinta-feira;PI;Desobediencia nas normas de transito pelo condutor;Colisao frontal;Com Vitimas Fatais;Pleno dia;Garoa/Chuvisco;Nao Informado
quinta-feira;PA;Falta de Atencao do Pedestre;Atropelamento de Pedestre;Com Vitimas Feridas;Plena Noite;Chuva;Reta
quinta-feira;GO;Desobediencia nas normas de transito pelo condutor;Capotamento;Com Vitimas Feridas;Plena Noite;Ceu Claro;Reta
quinta-feira;PR;Velocidade Incompativel;Capotamento;Sem Vitimas;Plena Noite;Nublado;Intersecao de vias
quinta-feira;MG;Animais na Pista;Atropelamento de Animal;Com Vitimas Feridas;Plena Noite;Nublado;Reta
quinta-feira;SC;Falta de Atencao Conducao;Saida de leito carrocavel;Com Vitimas Feridas;Plena Noite;Ceu Claro;Reta
quinta-feira;MG;Falta de Atencao Conducao;Colisao traseira;Com Vitimas Feridas;Anoitecer;Ceu Claro;Curva
quinta-feira;SE;Velocidade Incompativel;Tombamento;Com Vitimas Feridas;Plena Noite;Ceu Claro;Curva
quinta-feira;SC;Falta de Atencao Conducao;Tombamento;Com Vitimas Feridas;Plena Noite;Nublado;Curva
quinta-feira;SC;Nao guardar distancia de seguranca;Colisao traseira;Com Vitimas Feridas;Pleno dia;Nublado;Nao Informado
quinta-feira;PR;Ingestao de Alcool;Colisao lateral;Sem Vitimas;Plena Noite;Ceu Claro;Retorno Regulamentado
quinta-feira;SC;Mal Subito;Saida de leito carrocavel;Com Vitimas Feridas;Plena Noite;Chuva;Reta
quinta-feira;MG;Ultrapassagem Indevida;Colisao frontal;Com Vitimas Fatais;Pleno dia;Ceu Claro;Ponte
quinta-feira;MS;Animais na Pista;Atropelamento de Animal;Sem Vitimas;Plena Noite;Nublado;Reta
quinta-feira;AL;Falta de Atencao Conducao;Colisao lateral;Com Vitimas Feridas;Plena Noite;Chuva;Curva
quinta-feira;RS;Ingestao de Alcool;Colisao frontal;Com Vitimas Feridas;Plena Noite;Nublado;Reta
sexta-feira;RJ;Falta de Atencao Conducao;Colisao traseira;Com Vitimas Fatais;Plena Noite;Ceu Claro;Reta
quinta-feira;BA;Falta de Atencao Conducao;Colisao transversal;Com Vitimas Feridas;Plena Noite;Ceu Claro;Reta
quinta-feira;BA;Defeito na Via;Colisao com objeto estatico;Sem Vitimas;Plena Noite;Nublado;Reta
quinta-feira;RJ;Falta de Atencao Conducao;Colisao frontal;Com Vitimas Feridas;Plena Noite;Ceu Claro;Reta
sexta-feira;PR;Desobediencia nas normas de transito pelo condutor;Colisao transversal;Com Vitimas Feridas;Plena Noite;Ceu Claro;Intersecao de vias
sexta-feira;MG;Desobedincia nas normas de transito pelo pedestre;Atropelamento de Pedestre;Com Vitimas Fatais;Plena Noite;Ceu Claro;Reta
sexta-feira;PE;Falta de Atencao Conducao;Saida de leito carrocavel;Com Vitimas Feridas;Plena Noite;Chuva;Nao Informado
sexta-feira;SC;Nao guardar distancia de seguranca;Colisao traseira;Com Vitimas Feridas;Pleno dia;Ceu Claro;Reta
quinta-feira;BA;Velocidade Incompativel;Tombamento;Com Vitimas Feridas;Plena Noite;Ceu Claro;Nao Informado
terca-feira;SC;Ingestao de Alcool;Saida de leito carrocavel;Sem Vitimas;Amanhecer;Nublado;Reta
sexta-feira;PR;Falta de Atencao Conducao;Colisao transversal;Com Vitimas Feridas;Pleno dia;Ceu Claro;Rotatoria
sexta-feira;MT;Desobediencia nas normas de transito pelo condutor;Colisao lateral;Sem Vitimas;Plena Noite;Ceu Claro;Nao Informado
sexta-feira;PR;Ultrapassagem Indevida;Saida de leito carrocavel;Com Vitimas Feridas;Pleno dia;Ceu Claro;Reta
segunda-feira;PR;Falta de Atencao do Pedestre;Atropelamento de Pedestre;Com Vitimas Feridas;Plena Noite;Garoa/Chuvisco;Reta
sexta-feira;CE;Falta de Atencao Conducao;Colisao transversal;Com Vitimas Feridas;Pleno dia;Sol;Reta
sexta-feira;SP;Falta de Atencao Conducao;Colisao lateral;Com Vitimas Feridas;Pleno dia;Sol;Reta
segunda-feira;CE;Falta de Atencao Conducao;Colisao lateral;Com Vitimas Feridas;Pleno dia;Ceu Claro;Retorno Regulamentado
sexta-feira;MG;Falta de Atencao Conducao;Queda de ocupante de veiculo;Com Vitimas Feridas;Pleno dia;Ceu Claro;Curva
sexta-feira;RS;Falta de Atencao Conducao;Colisao transversal;Com Vitimas Feridas;Pleno dia;Ceu Claro;Rotatoria
sexta-feira;MG;Velocidade Incompativel;Saida de leito carrocavel;Com Vitimas Feridas;Amanhecer;Ceu Claro;Curva
segunda-feira;SC;Falta de Atencao Conducao;Tombamento;Sem Vitimas;Pleno dia;Ceu Claro;Reta
sexta-feira;RS;Desobediencia nas normas de transito pelo condutor;Colisao traseira;Com Vitimas Feridas;Pleno dia;Ceu Claro;Reta
sexta-feira;PR;Ingestao de Alcool;Colisao frontal;Com Vitimas Feridas;Plena Noite;Nublado;Reta
segunda-feira;PR;Defeito Mecanico no Veiculo;Capotamento;Com Vitimas Feridas;Pleno dia;Garoa/Chuvisco;Reta
sexta-feira;PR;Falta de Atencao Conducao;Queda de ocupante de veiculo;Com Vitimas Feridas;Pleno dia;Ceu Claro;Reta
sexta-feira;RS;Defeito Mecanico no Veiculo;Saida de leito carrocavel;Sem Vitimas;Pleno dia;Nublado;Curva
terca-feira;MG;Condutor Dormindo;Saida de leito carrocavel;Sem Vitimas;Plena Noite;Ceu Claro;Retorno Regulamentado
segunda-feira;PR;Falta de Atencao Conducao;Colisao traseira;Sem Vitimas;Pleno dia;Sol;Reta
segunda-feira;MS;Pista Escorregadia;Saida de leito carrocavel;Com Vitimas Feridas;Plena Noite;Chuva;Nao Informado
sexta-feira;MG;Condutor Dormindo;Colisao traseira;Com Vitimas Feridas;Pleno dia;Ceu Claro;Reta
terca-feira;RJ;Pista Escorregadia;Saida de leito carrocavel;Com Vitimas Feridas;Amanhecer;Ceu Claro;Curva
segunda-feira;PR;Fenomenos da Natureza;Colisao com objeto em movimento;Com Vitimas Feridas;Pleno dia;Chuva;Reta
segunda-feira;RS;Ingestao de Alcool;Saida de leito carrocavel;Com Vitimas Feridas;Pleno dia;Ceu Claro;Curva
sexta-feira;RN;Falta de Atencao Conducao;Colisao lateral;Com Vitimas Feridas;Pleno dia;Sol;Reta
sexta-feira;RS;Falta de Atencao Conducao;Colisao transversal;Sem Vitimas;Pleno dia;Ceu Claro;Rotatoria
sexta-feira;SC;Desobediencia nas normas de transito pelo condutor;Colisao transversal;Com Vitimas Feridas;Pleno dia;Ceu Claro;Nao Informado
sexta-feira;PE;Falta de Atencao Conducao;Colisao lateral;Com Vitimas Feridas;Pleno dia;Ceu Claro;Intersecao de vias
quinta-feira;RR;Restricao de Visibilidade;Colisao traseira;Com Vitimas Feridas;Plena Noite;Ceu Claro;Reta
sexta-feira;MS;Falta de Atencao Conducao;Colisao lateral;Com Vitimas Feridas;Pleno dia;Ceu Claro;Reta
segunda-feira;SE;Falta de Atencao Conducao;Colisao lateral;Sem Vitimas;Plena Noite;Ceu Claro;Reta
segunda-feira;RS;Desobedincia nas normas de transito pelo pedestre;Atropelamento de Pedestre;Com Vitimas Feridas;Plena Noite;Ceu Claro;Reta
segunda-feira;SP;Desobediencia nas normas de transito pelo condutor;Colisao transversal;Com Vitimas Feridas;Plena Noite;Nublado;Curva
segunda-feira;SC;Desobediencia nas normas de transito pelo condutor;Colisao transversal;Com Vitimas Feridas;Anoitecer;Ceu Claro;Rotatoria
sexta-feira;SP;Falta de Atencao Conducao;Colisao lateral;Com Vitimas Feridas;Pleno dia;Ceu Claro;Reta
segunda-feira;ES;Condutor Dormindo;Colisao frontal;Com Vitimas Fatais;Plena Noite;Ceu Claro;Curva
terca-feira;MG;Animais na Pista;Atropelamento de Animal;Com Vitimas Feridas;Plena Noite;Nublado;Reta
sexta-feira;SP;Nao guardar distancia de seguranca;Colisao lateral;Com Vitimas Feridas;Pleno dia;Sol;Reta
segunda-feira;MS;Falta de Atencao Conducao;Colisao transversal;Com Vitimas Feridas;Pleno dia;Nublado;Rotatoria
sexta-feira;TO;Velocidade Incompativel;Saida de leito carrocavel;Com Vitimas Feridas;Pleno dia;Ceu Claro;Nao Informado
segunda-feira;CE;Falta de Atencao Conducao;Colisao frontal;Com Vitimas Feridas;Anoitecer;Nublado;Reta
terca-feira;GO;Defeito na Via;Tombamento;Com Vitimas Feridas;Plena Noite;Ceu Claro;Reta
segunda-feira;SC;Animais na Pista;Atropelamento de Animal;Sem Vitimas;Plena Noite;Nublado;Reta
sexta-feira;GO;Velocidade Incompativel;Tombamento;Com Vitimas Feridas;Pleno dia;Ceu Claro;Rotatoria
sexta-feira;RJ;Ingestao de Alcool;Colisao lateral;Sem Vitimas;Pleno dia;Ceu Claro;Curva
sexta-feira;GO;Condutor Dormindo;Colisao com objeto estatico;Com Vitimas Feridas;Pleno dia;Nublado;Reta
sexta-feira;MG;Velocidade Incompativel;Saida de leito carrocavel;Com Vitimas Feridas;Pleno dia;Ceu Claro;Nao Informado
sexta-feira;MG;Defeito Mecanico no Veiculo;Capotamento;Com Vitimas Feridas;Pleno dia;Ceu Claro;Desvio Temporario
sexta-feira;ES;Defeito Mecanico no Veiculo;Incendio;Sem Vitimas;Pleno dia;Ceu Claro;Curva
sexta-feira;RJ;Falta de Atencao Conducao;Colisao lateral;Com Vitimas Feridas;Pleno dia;Ceu Claro;Curva
sexta-feira;SP;Nao guardar distancia de seguranca;Colisao lateral;Com Vitimas Feridas;Pleno dia;Ceu Claro;Reta
sexta-feira;MG;Falta de Atencao Conducao;Colisao lateral;Com Vitimas Feridas;Pleno dia;Ceu Claro;Reta
sexta-feira;RJ;Falta de Atencao Conducao;Colisao traseira;Com Vitimas Feridas;Pleno dia;Ceu Claro;Reta
terca-feira;ES;Desobediencia nas normas de transito pelo condutor;Colisao transversal;Com Vitimas Feridas;Plena Noite;Ceu Claro;Intersecao de vias
sexta-feira;MG;Falta de Atencao Conducao;Colisao transversal;Com Vitimas Feridas;Pleno dia;Sol;Reta
sexta-feira;PI;Falta de Atencao Conducao;Colisao lateral;Com Vitimas Feridas;Pleno dia;Ceu Claro;Reta
sexta-feira;RJ;Defeito Mecanico no Veiculo;Tombamento;Com Vitimas Feridas;Pleno dia;Sol;Intersecao de vias
sexta-feira;PR;Ultrapassagem Indevida;Colisao lateral;Com Vitimas Feridas;Pleno dia;Sol;Reta
sexta-feira;RJ;Desobediencia nas normas de transito pelo condutor;Colisao traseira;Com Vitimas Feridas;Pleno dia;Ceu Claro;Curva
segunda-feira;AC;Defeito na Via;Colisao lateral;Sem Vitimas;Pleno dia;Ceu Claro;Reta
sexta-feira;SC;Falta de Atencao Conducao;Colisao lateral;Sem Vitimas;Pleno dia;Sol;Reta
sexta-feira;PR;Falta de Atencao Conducao;Colisao traseira;Sem Vitimas;Pleno dia;Sol;Nao Informado
quarta-feira;BA;Falta de Atencao do Pedestre;Atropelamento de Pedestre;Com Vitimas Feridas;Pleno dia;Ceu Claro;Reta
sexta-feira;GO;Falta de Atencao Conducao;Colisao lateral;Com Vitimas Feridas;Pleno dia;Ceu Claro;Reta
sexta-feira;SP;Defeito Mecanico no Veiculo;Capotamento;Com Vitimas Feridas;Pleno dia;Sol;Reta
sexta-feira;SC;Falta de Atencao Conducao;Colisao transversal;Com Vitimas Feridas;Pleno dia;Sol;Reta
sexta-feira;SC;Falta de Atencao Conducao;Engavetamento;Com Vitimas Feridas;Pleno dia;Sol;Nao Informado
sexta-feira;SP;Ingestao de Alcool;Tombamento;Com Vitimas Feridas;Pleno dia;Sol;Rotatoria
terca-feira;ES;Falta de Atencao Conducao;Colisao traseira;Com Vitimas Feridas;Plena Noite;Ceu Claro;Reta
sexta-feira;DF;Falta de Atencao Conducao;Colisao lateral;Sem Vitimas;Pleno dia;Ceu Claro;Nao Informado
sexta-feira;PE;Ingestao de Alcool;Colisao traseira;Sem Vitimas;Pleno dia;Ceu Claro;Reta
sexta-feira;RO;Nao guardar distancia de seguranca;Colisao lateral;Com Vitimas Feridas;Pleno dia;Sol;Nao Informado
sexta-feira;RJ;Fenomenos da Natureza;Incendio;Sem Vitimas;Pleno dia;Sol;Reta
sexta-feira;RO;Desobediencia nas normas de transito pelo condutor;Colisao lateral;Com Vitimas Feridas;Pleno dia;Ceu Claro;Reta
sexta-feira;PR;Velocidade Incompativel;Queda de ocupante de veiculo;Com Vitimas Feridas;Pleno dia;Ceu Claro;Reta
segunda-feira;PE;Falta de Atencao Conducao;Colisao transversal;Com Vitimas Feridas;Plena Noite;Nublado;Reta
sexta-feira;SC;Desobediencia nas normas de transito pelo condutor;Colisao transversal;Com Vitimas Feridas;Pleno dia;Ceu Claro;Intersecao de vias
sexta-feira;MG;Falta de Atencao Conducao;Capotamento;Sem Vitimas;Pleno dia;Ceu Claro;Reta
sexta-feira;MG;Velocidade Incompativel;Saida de leito carrocavel;Com Vitimas Feridas;Pleno dia;Chuva;Reta
sexta-feira;MG;Falta de Atencao Conducao;Tombamento;Com Vitimas Feridas;Pleno dia;Chuva;Desvio Temporario
sexta-feira;SC;Desobediencia nas normas de transito pelo condutor;Colisao lateral;Com Vitimas Feridas;Pleno dia;Ceu Claro;Reta
segunda-feira;GO;Velocidade Incompativel;Engavetamento;Com Vitimas Feridas;Anoitecer;Ceu Claro;Reta
sexta-feira;SC;Desobediencia nas normas de transito pelo condutor;Colisao transversal;Com Vitimas Feridas;Pleno dia;Ceu Claro;Reta
sexta-feira;CE;Falta de Atencao Conducao;Colisao traseira;Com Vitimas Feridas;Pleno dia;Ceu Claro;Reta
sexta-feira;SC;Falta de Atencao Conducao;Tombamento;Com Vitimas Feridas;Pleno dia;Sol;Intersecao de vias