dia_semana;uf;causa_acidente;tipo_acidente;classificacao_acidente;fase_dia;condicao_metereologica;tracado_via
quinta-feira;PR;Nao guardar distancia de seguranca;Colisao traseira;Com Vitimas Feridas;Plena Noite;Ceu Claro;Reta
quinta-feira;PR;Velocidade Incompativel;Tombamento;Sem Vitimas;Plena Noite;Ignorado;Nao Informado
quinta-feira;RS;Animais na Pista;Capotamento;Com Vitimas Feridas;Plena Noite;Nublado;Reta
quinta-feira;MA;Desobediencia nas normas de transito pelo condutor;Colisao lateral;Com Vitimas Feridas;Plena Noite;Ceu Claro;Reta
quinta-feira;SP;Condutor Dormindo;Colisao traseira;Com Vitimas Feridas;Plena Noite;Nublado;Reta
quinta-feira;MS;Animais na Pista;Atropelamento de Animal;Sem Vitimas;Plena Noite;Ceu Claro;Reta
quinta-feira;MT;Ingestao de Alcool;Saida de leito carrocavel;Com Vitimas Feridas;Plena Noite;Ceu Claro;Retorno Regulamentado
quinta-feira;RJ;Desobediencia nas normas de transito pelo condutor;Colisao lateral;Sem Vitimas;Plena Noite;Ceu Claro;Reta
quinta-feira;MS;Falta de Atencao Conducao;Saida de leito carrocavel;Sem Vitimas;Plena Noite;Nublado;Reta
quinta-feira;MG;Pista Escorregadia;Saida de leito carrocavel;Com Vitimas Feridas;Amanhecer;Chuva;Reta
quinta-feira;PR;Defeito Mecanico no Veiculo;Saida de leito carrocavel;Com Vitimas Feridas;Amanhecer;Ceu Claro;Nao Informado
quinta-feira;DF;Falta de Atencao Conducao;Queda de ocupante de veiculo;Com Vitimas Feridas;Amanhecer;Ceu Claro;Reta
quinta-feira;RS;Condutor Dormindo;Saida de leito carrocavel;Com Vitimas Feridas;Plena Noite;Nublado;Reta
quinta-feira;MG;Condutor Dormindo;Colisao com objeto estatico;Com Vitimas Feridas;Amanhecer;Ceu Claro;Reta
quinta-feira;RJ;Condutor Dormindo;Colisao com objeto em movimento;Com Vitimas Feridas;Pleno dia;Sol;Reta
quinta-feira;MG;Velocidade Incompativel;Tombamento;Com Vitimas Feridas;Amanhecer;Ceu Claro;Viaduto
quinta-feira;RN;Condutor Dormindo;Colisao frontal;Com Vitimas Fatais;Pleno dia;Ceu Claro;Desvio Temporario
quinta-feira;PE;Defeito na Via;Queda de ocupante de veiculo;Com Vitimas Feridas;Pleno dia;Nublado;Reta
quinta-feira;SC;Falta de Atencao Conducao;Colisao lateral;Com Vitimas Feridas;Pleno dia;Ceu Claro;Reta
quinta-feira;RS;Falta de Atencao Conducao;Colisao transversal;Com Vitimas Feridas;Pleno dia;Chuva;Nao Informado
quinta-feira;PR;Falta de Atencao Conducao;Colisao traseira;Com Vitimas Feridas;Amanhecer;Ceu Claro;Reta
quinta-feira;SP;Avarias e/ou desgaste excessivo no pneu;Tombamento;Com Vitimas Feridas;Pleno dia;Ceu Claro;Reta
quinta-feira;DF;Falta de Atencao Conducao;Colisao traseira;Com Vitimas Feridas;Pleno dia;Ceu Claro;Reta
quinta-feira;PE;Desobediencia nas normas de transito pelo condutor;Colisao frontal;Sem Vitimas;Pleno dia;Nublado;Reta
quinta-feira;GO;Mal Subito;Saida de leito carrocavel;Com Vitimas Feridas;Pleno dia;Ceu Claro;Reta
quinta-feira;MG;Falta de Atencao Conducao;Colisao transversal;Com Vitimas Feridas;Pleno dia;Ceu Claro;Reta
quinta-feira;SC;Falta de Atencao Conducao;Colisao transversal;Com Vitimas Feridas;Pleno dia;Ceu Claro;Reta
quinta-feira;MG;Falta de Atencao Conducao;Colisao traseira;Com Vitimas Feridas;Pleno dia;Nublado;Reta
quinta-feira;RS;Falta de Atencao Conducao;Queda de ocupante de veiculo;Com Vitimas Feridas;Pleno dia;Ceu Claro;Reta
quinta-feira;RJ;Falta de Atencao Conducao;Tombamento;Sem Vitimas;Pleno dia;Ceu Claro;Reta
quinta-feira;RJ;Falta de Atencao Conducao;Colisao lateral;Com Vitimas Feridas;Pleno dia;Sol;Reta
quinta-feira;RS;Falta de Atencao Conducao;Colisao transversal;Com Vitimas Feridas;Pleno dia;Chuva;Reta
quinta-feira;MG;Falta de Atencao Conducao;Colisao traseira;Com Vitimas Feridas;Pleno dia;Ceu Claro;Rotatoria
quinta-feira;PR;Deficincia ou nao Acionamento do Sistema de Iluminacao/Sinalizacao do Veiculo;Saida de leito carrocavel;Com Vitimas Feridas;Pleno dia;Sol;Reta
quinta-feira;SC;Ingestao de Alcool;Colisao traseira;Com Vitimas Feridas;Pleno dia;Ceu Claro;Desvio Temporario
quinta-feira;SE;Falta de Atencao Conducao;Tombamento;Com Vitimas Feridas;Pleno dia;Ceu Claro;Curva
quinta-feira;MG;Defeito Mecanico no Veiculo;Incendio;Sem Vitimas;Amanhecer;Ignorado;Nao Informado
quinta-feira;CE;Falta de Atencao Conducao;Colisao lateral;Sem Vitimas;Pleno dia;Ceu Claro;Reta
quarta-feira;GO;Falta de Atencao Conducao;Colisao transversal;Com Vitimas Feridas;Pleno dia;Ceu Claro;Intersecao de vias
quinta-feira;SP;Nao guardar distancia de seguranca;Colisao lateral;Com Vitimas Feridas;Pleno dia;Sol;Reta
quinta-feira;PI;Desobediencia nas normas de transito pelo condutor;Colisao transversal;Sem Vitimas;Pleno dia;Ceu Claro;Intersecao de vias
quinta-feira;RN;Nao guardar distancia de seguranca;Colisao lateral;Com Vitimas Feridas;Pleno dia;Ceu Claro;Nao Informado
quinta-feira;RN;Avarias e/ou desgaste excessivo no pneu;Colisao frontal;Com Vitimas Feridas;Pleno dia;Nublado;Reta
quinta-feira;PE;Falta de Atencao do Pedestre;Atropelamento de Pedestre;Com Vitimas Feridas;Pleno dia;Nublado;Reta
quinta-feira;RJ;Falta de Atencao Conducao;Colisao traseira;Com Vitimas Feridas;Pleno dia;Ceu Claro;Reta
quinta-feira;ES;Falta de Atencao do Pedestre;Atropelamento de Pedestre;Com Vitimas Fatais;Pleno dia;Ceu Claro;Desvio Temporario
quinta-feira;SC;Falta de Atencao Conducao;Colisao traseira;Com Vitimas Feridas;Pleno dia;Ceu Claro;Reta
quinta-feira;PE;Falta de Atencao do Pedestre;Atropelamento de Pedestre;Com Vitimas Fatais;Pleno dia;Ceu Claro;Reta
quinta-feira;PE;Velocidade Incompativel;Capotamento;Com Vitimas Fatais;Pleno dia;Nublado;Curva
quinta-feira;BA;Falta de Atencao Conducao;Saida de leito carrocavel;Com Vitimas Feridas;Plena Noite;Ignorado;Nao Informado
quinta-feira;MG;Falta de Atencao Conducao;Colisao lateral;Com Vitimas Feridas;Pleno dia;Ceu Claro;Nao Informado
quinta-feira;PE;Desobediencia nas normas de transito pelo condutor;Colisao transversal;Com Vitimas Feridas;Pleno dia;Ceu Claro;Reta
quinta-feira;PR;Defeito Mecanico no Veiculo;Saida de leito carrocavel;Com Vitimas Feridas;Pleno dia;Ceu Claro;Nao Informado
quinta-feira;PA;Restricao de Visibilidade;Colisao traseira;Com Vitimas Feridas;Plena Noite;Nevoeiro/Neblina;Reta
quinta-feira;PR;Ultrapassagem Indevida;Colisao transversal;Com Vitimas Feridas;Pleno dia;Sol;Nao Informado
quinta-feira;SC;Ultrapassagem Indevida;Colisao lateral;Com Vitimas Feridas;Pleno dia;Sol;Reta
quinta-feira;BA;Falta de Atencao do Pedestre;Atropelamento de Pedestre;Com Vitimas Fatais;Pleno dia;Ceu Claro;Reta
quinta-feira;MG;Defeito Mecanico no Veiculo;Incendio;Sem Vitimas;Pleno dia;Ceu Claro;Reta
quinta-feira;MG;Desobediencia nas normas de transito pelo condutor;Colisao lateral;Com Vitimas Feridas;Pleno dia;Ceu Claro;Reta
quinta-feira;CE;Falta de Atencao Conducao;Colisao transversal;Com Vitimas Feridas;Pleno dia;Ceu Claro;Reta
quinta-feira;RO;Desobediencia nas normas de transito pelo condutor;Colisao transversal;Com Vitimas Feridas;Pleno dia;Sol;Nao Informado
quinta-feira;MG;Velocidade Incompativel;Capotamento;Com Vitimas Feridas;Pleno dia;Ceu Claro;Curva
quinta-feira;GO;Defeito Mecanico no Veiculo;Tombamento;Sem Vitimas;Pleno dia;Ceu Claro;Nao Informado
quarta-feira;MS;Falta de Atencao Conducao;Colisao lateral;Com Vitimas Feridas;Pleno dia;Ceu Claro;Reta
quinta-feira;MT;Desobediencia nas normas de transito pelo condutor;Colisao transversal;Com Vitimas Feridas;Pleno dia;Ceu Claro;Rotatoria
domingo;MG;Falta de Atencao Conducao;Colisao lateral;Com Vitimas Feridas;Pleno dia;Ceu Claro;Reta
quinta-feira;BA;Ultrapassagem Indevida;Capotamento;Com Vitimas Feridas;Pleno dia;Sol;Nao Informado
quinta-feira;SP;Falta de Atencao Conducao;Saida de leito carrocavel;Sem Vitimas;Pleno dia;Ceu Claro;Curva
quinta-feira;PI;Falta de Atencao Conducao;Colisao frontal;Com Vitimas Feridas;Pleno dia;Ceu Claro;Reta
quinta-feira;PR;Falta de Atencao Conducao;Colisao lateral;Com Vitimas Feridas;Pleno dia;Ceu Claro;Rotatoria
quinta-feira;SC;Falta de Atencao Conducao;Colisao lateral;Com Vitimas Feridas;Pleno dia;Ceu Claro;Rotatoria
quinta-feira;RJ;Falta de Atencao Conducao;Colisao com objeto estatico;Com Vitimas Feridas;Pleno dia;Ceu Claro;Curva
quinta-feira;MT;Defeito na Via;Colisao lateral;Com Vitimas Feridas;Amanhecer;Ceu Claro;Desvio Temporario
quinta-feira;MT;Carga excessiva e/ou mal acondicionada;Tombamento;Com Vitimas Feridas;Pleno dia;Ceu Claro;Nao Informado
domingo;MS;Animais na Pista;Atropelamento de Animal;Com Vitimas Feridas;Plena Noite;Ceu Claro;Reta
quinta-feira;RO;Falta de Atencao Conducao;Colisao transversal;Com Vitimas Fatais;Pleno dia;Ceu Claro;Reta
quinta-feira;ES;Nao guardar distancia de seguranca;Colisao traseira;Com Vitimas Feridas;Pleno dia;Sol;Reta
quinta-feira;GO;Defeito Mecanico no Veiculo;Capotamento;Com Vitimas Feridas;Pleno dia;Sol;Reta
quinta-feira;RS;Velocidade Incompativel;Saida de leito carrocavel;Com Vitimas Feridas;Pleno dia;Chuva;Reta
quinta-feira;RJ;Falta de Atencao Conducao;Colisao transversal;Com Vitimas Feridas;Pleno dia;Ceu Claro;Reta
quinta-feira;PR;Velocidade Incompativel;Tombamento;Sem Vitimas;Pleno dia;Chuva;Curva
quinta-feira;RJ;Falta de Atencao Conducao;Queda de ocupante de veiculo;Com Vitimas Feridas;Pleno dia;Sol;Reta
quinta-feira;CE;Falta de Atencao Conducao;Colisao frontal;Com Vitimas Feridas;Pleno dia;Ceu Claro;Reta
quinta-feira;SC;Defeito Mecanico no Veiculo;Capotamento;Com Vitimas Feridas;Pleno dia;Ceu Claro;Reta
quinta-feira;SC;Falta de Atencao Conducao;Colisao traseira;Sem Vitimas;Pleno dia;Nublado;Reta
quinta-feira;SC;Velocidade Incompativel;Colisao frontal;Sem Vitimas;Pleno dia;Nublado;Nao Informado
quinta-feira;MG;Velocidade Incompativel;Colisao frontal;Com Vitimas Feridas;Pleno dia;Chuva;Curva
quinta-feira;RS;Defeito Mecanico no Veiculo;Saida de leito carrocavel;Sem Vitimas;Pleno dia;Nublado;Reta
quinta-feira;GO;Defeito Mecanico no Veiculo;Incendio;Sem Vitimas;Pleno dia;Ceu Claro;Reta
quinta-feira;ES;Falta de Atencao Conducao;Tombamento;Com Vitimas Feridas;Pleno dia;Ceu Claro;Reta
quinta-feira;MG;Falta de Atencao Conducao;Colisao lateral;Com Vitimas Feridas;Pleno dia;Chuva;Nao Informado
quinta-feira;RJ;Falta de Atencao Conducao;Colisao frontal;Com Vitimas Feridas;Pleno dia;Ceu Claro;Reta
quinta-feira;MG;Condutor Dormindo;Colisao com objeto estatico;Com Vitimas Feridas;Pleno dia;Ceu Claro;Ponte
quinta-feira;ES;Falta de Atencao Conducao;Colisao transversal;Com Vitimas Feridas;Pleno dia;Ceu Claro;Viaduto
quinta-feira;SC;Fenomenos da Natureza;Saida de leito carrocavel;Com Vitimas Feridas;Pleno dia;Vento;Reta
quinta-feira;RJ;Condutor Dormindo;Saida de leito carrocavel;Com Vitimas Feridas;Plena Noite;Ceu Claro;Curva
quinta-feira;SP;Falta de Atencao do Pedestre;Atropelamento de Pedestre;Com Vitimas Feridas;Pleno dia;Ceu Claro;Reta
quinta-feira;PE;Falta de Atencao Conducao;Colisao traseira;Sem Vitimas;Pleno dia;Sol;Reta
quinta-feira;ES;Nao guardar distancia de seguranca;Colisao traseira;Com Vitimas Feridas;Pleno dia;Sol;Reta
quinta-feira;MT;Falta de Atencao Conducao;Colisao traseira;Sem Vitimas;Pleno dia;Nublado;Reta
quinta-feira;ES;Falta de Atencao Conducao;Colisao lateral;Com Vitimas Feridas;Pleno dia;Ceu Claro;Reta
quinta-feira;RS;Falta de Atencao Conducao;Saida de leito carrocavel;Com Vitimas Feridas;Anoitecer;Chuva;Curva
quinta-feira;MS;Velocidade Incompativel;Capotamento;Com Vitimas Feridas;Pleno dia;Sol;Nao Informado
quinta-feira;MG;Falta de Atencao Conducao;Queda de ocupante de veiculo;Com Vitimas Feridas;Anoitecer;Ceu Claro;Intersecao de vias
quinta-feira;RJ;Falta de Atencao Conducao;Colisao lateral;Com Vitimas Feridas;Pleno dia;Ceu Claro;Reta
quinta-feira;RS;Ultrapassagem Indevida;Colisao frontal;Com Vitimas Feridas;Pleno dia;Chuva;Nao Informado
quinta-feira;RJ;Ingestao de Alcool;Saida de leito carrocavel;Com Vitimas Feridas;Anoitecer;Ignorado;Curva
quinta-feira;SP;Falta de Atencao Conducao;Colisao lateral;Com Vitimas Feridas;Anoitecer;Nublado;Curva
quinta-feira;PR;Velocidade Incompativel;Colisao com objeto estatico;Com Vitimas Feridas;Anoitecer;Nublado;Reta
quinta-feira;SC;Desobediencia nas normas de transito pelo condutor;Colisao transversal;Com Vitimas Feridas;Pleno dia;Chuva;Rotatoria
quinta-feira;SP;Falta de Atencao Conducao;Colisao traseira;Com Vitimas Feridas;Anoitecer;Chuva;Reta
quinta-feira;RJ;Falta de Atencao Conducao;Colisao transversal;Com Vitimas Feridas;Anoitecer;Ceu Claro;Reta
quinta-feira;SP;Pista Escorregadia;Saida de leito carrocavel;Com Vitimas Feridas;Pleno dia;Garoa/Chuvisco;Nao Informado
quinta-feira;PR;Pista Escorregadia;Colisao lateral;Com Vitimas Feridas;Anoitecer;Chuva;Curva
quinta-feira;SP;Defeito Mecanico no Veiculo;Colisao com objeto estatico;Com Vitimas Feridas;Plena Noite;Ceu Claro;Reta
quinta-feira;SC;Velocidade Incompativel;Colisao com objeto estatico;Sem Vitimas;Pleno dia;Chuva;Intersecao de vias
quinta-feira;PR;Pista Escorregadia;Capotamento;Com Vitimas Feridas;Plena Noite;Chuva;Nao Informado
quinta-feira;GO;Agressao Externa;Saida de leito carrocavel;Com Vitimas Fatais;Plena Noite;Ceu Claro;Nao Informado
quinta-feira;MS;Defeito na Via;Saida de leito carrocavel;Com Vitimas Feridas;Anoitecer;Ceu Claro;Reta
quinta-feira;MG;Falta de Atencao Conducao;Tombamento;Com Vitimas Feridas;Plena Noite;Ceu Claro;Curva
quinta-feira;TO;Carga excessiva e/ou mal acondicionada;Tombamento;Com Vitimas Feridas;Anoitecer;Ceu Claro;Reta
quinta-feira;ES;Falta de Atencao Conducao;Colisao transversal;Com Vitimas Feridas;Plena Noite;Ceu Claro;Intersecao de vias
quinta-feira;MA;Falta de Atencao Conducao;Colisao lateral;Com Vitimas Feridas;Plena Noite;Garoa/Chuvisco;Reta
quinta-feira;DF;Animais na Pista;Atropelamento de Animal;Com Vitimas Feridas;Plena Noite;Ceu Claro;Reta
quinta-feira;RN;Nao guardar distancia de seguranca;Colisao traseira;Com Vitimas Feridas;Plena Noite;Ceu Claro;Rotatoria
quinta-feira;BA;Animais na Pista;Atropelamento de Animal;Com Vitimas Feridas;Plena Noite;Ceu Claro;Reta
quinta-feira;PR;Velocidade Incompativel;Saida de leito carrocavel;Com Vitimas Feridas;Plena Noite;Chuva;Curva
quinta-feira;MA;Nao guardar distancia de seguranca;Colisao transversal;Com Vitimas Feridas;Anoitecer;Ceu Claro;Reta
quinta-feira;SC;Falta de Atencao Conducao;Colisao transversal;Com Vitimas Feridas;Plena Noite;Chuva;Reta
quinta-feira;MG;Falta de Atencao Conducao;Colisao transversal;Com Vitimas Feridas;Plena Noite;Ceu Claro;Intersecao de vias
quinta-feira;SP;Defeito Mecanico no Veiculo;Tombamento;Com Vitimas Feridas;Plena Noite;Nublado;Reta
quinta-feira;PI;Desobediencia nas normas de transito pelo condutor;Colisao com objeto estatico;Com Vitimas Fatais;Plena Noite;Chuva;Reta
quinta-feira;PI;Animais na Pista;Atropelamento de Animal;Com Vitimas Feridas;Plena Noite;Ceu Claro;Ponte
quinta-feira;GO;Falta de Atencao Conducao;Colisao traseira;Com Vitimas Feridas;Plena Noite;Ceu Claro;Reta
quinta-feira;MA;Falta de Atencao Conducao;Colisao traseira;Sem Vitimas;Anoitecer;Ceu Claro;Desvio Temporario
quinta-feira;AM;Falta de Atencao Conducao;Colisao traseira;Com Vitimas Feridas;Pleno dia;Ignorado;Reta
quinta-feira;RN;Ingestao de Alcool;Atropelamento de Pedestre;Com Vitimas Feridas;Plena Noite;Ceu Claro;Reta
quinta-feira;RN;Animais na Pista;Atropelamento de Animal;Com Vitimas Feridas;Plena Noite;Nublado;Reta
quinta-feira;SP;Falta de Atencao Conducao;Colisao com objeto estatico;Com Vitimas Feridas;Plena Noite;Nublado;Reta
quinta-feira;MG;Falta de Atencao Conducao;Colisao transversal;Com Vitimas Feridas;Plena Noite;Nublado;Reta
quinta-feira;MT;Falta de Atencao Conducao;Colisao transversal;Com Vitimas Feridas;Plena Noite;Nublado;Reta
quinta-feira;RS;Pista Escorregadia;Saida de leito carrocavel;Com Vitimas Feridas;Plena Noite;Chuva;Reta
quinta-feira;PE;Falta de Atencao Conducao;Colisao transversal;Com Vitimas Feridas;Plena Noite;Ceu Claro;Curva
quinta-feira;MA;Ultrapassagem Indevida;Capotamento;Com Vitimas Feridas;Plena Noite;Ceu Claro;Reta
sexta-feira;SC;Falta de Atencao Conducao;Colisao com objeto estatico;Com Vitimas Feridas;Plena Noite;Chuva;Reta
sexta-feira;SP;Animais na Pista;Atropelamento de Animal;Com Vitimas Feridas;Plena Noite;Nublado;Reta
quinta-feira;BA;Falta de Atencao Conducao;Queda de ocupante de veiculo;Com Vitimas Feridas;Plena Noite;Ceu Claro;Reta
quinta-feira;ES;Falta de Atencao Conducao;Colisao com objeto estatico;Sem Vitimas;Plena Noite;Ceu Claro;Ponte
sexta-feira;RO;Falta de Atencao do Pedestre;Atropelamento de Pedestre;Com Vitimas Feridas;Plena Noite;Ceu Claro;Reta
sexta-feira;RS;Velocidade Incompativel;Saida de leito carrocavel;Com Vitimas Feridas;Plena Noite;Garoa/Chuvisco;Curva
sexta-feira;MG;Ingestao de Alcool;Saida de leito carrocavel;Sem Vitimas;Plena Noite;Ceu Claro;Curva
sexta-feira;GO;Falta de Atencao Conducao;Tombamento;Com Vitimas Feridas;Plena Noite;Ceu Claro;Reta
sexta-feira;RS;Falta de Atencao Conducao;Colisao traseira;Com Vitimas Feridas;Amanhecer;Nublado;Reta
quinta-feira;PR;Velocidade Incompativel;Tombamento;Com Vitimas Fatais;Plena Noite;Nublado;Curva
sexta-feira;CE;Falta de Atencao do Pedestre;Atropelamento de Pedestre;Com Vitimas Feridas;Amanhecer;Ceu Claro;Reta
quinta-feira;SC;Pista Escorregadia;Saida de leito carrocavel;Com Vitimas Feridas;Plena Noite;Chuva;Reta
sexta-feira;DF;Nao guardar distancia de seguranca;Colisao traseira;Com Vitimas Feridas;Pleno dia;Ceu Claro;Reta
sexta-feira;MG;Falta de Atencao Conducao;Colisao lateral;Com Vitimas Feridas;Amanhecer;Ceu Claro;Reta
sexta-feira;PI;Desobediencia nas normas de transito pelo condutor;Colisao transversal;Sem Vitimas;Pleno dia;Ceu Claro;Intersecao de vias
quinta-feira;MG;Desobediencia nas normas de transito pelo condutor;Colisao traseira;Com Vitimas Feridas;Pleno dia;Ceu Claro;Reta
sexta-feira;PR;Falta de Atencao Conducao;Colisao traseira;Com Vitimas Feridas;Pleno dia;Ceu Claro;Curva
sexta-feira;MG;Nao guardar distancia de seguranca;Colisao traseira;Com Vitimas Feridas;Pleno dia;Ceu Claro;Reta
sexta-feira;MA;Defeito Mecanico no Veiculo;Incendio;Sem Vitimas;Plena Noite;Ceu Claro;Reta
sexta-feira;BA;Desobediencia nas normas de transito pelo condutor;Colisao traseira;Com Vitimas Feridas;Pleno dia;Ceu Claro;Desvio Temporario
sexta-feira;MT;Falta de Atencao Conducao;Colisao traseira;Com Vitimas Feridas;Pleno dia;Nublado;Reta
sexta-feira;PR;Falta de Atencao Conducao;Queda de ocupante de veiculo;Com Vitimas Feridas;Pleno dia;Ceu Claro;Curva
sexta-feira;RS;Falta de Atencao Conducao;Saida de leito carrocavel;Com Vitimas Feridas;Pleno dia;Nublado;Reta
sexta-feira;PB;Velocidade Incompativel;Colisao traseira;Com Vitimas Fatais;Pleno dia;Ceu Claro;Reta
sexta-feira;BA;Defeito Mecanico no Veiculo;Colisao frontal;Sem Vitimas;Pleno dia;Sol;Nao Informado
sexta-feira;RJ;Desobediencia nas normas de transito pelo condutor;Colisao transversal;Com Vitimas Feridas;Amanhecer;Ceu Claro;Reta
sexta-feira;RS;Nao guardar distancia de seguranca;Colisao traseira;Com Vitimas Feridas;Pleno dia;Ceu Claro;Reta
sexta-feira;TO;Desobediencia nas normas de transito pelo condutor;Saida de leito carrocavel;Com Vitimas Feridas;Pleno dia;Ceu Claro;Reta
sexta-feira;BA;Falta de Atencao Conducao;Saida de leito carrocavel;Com Vitimas Feridas;Pleno dia;Sol;Curva
sexta-feira;ES;Falta de Atencao Conducao;Colisao traseira;Sem Vitimas;Pleno dia;Ceu Claro;Reta
sexta-feira;SP;Defeito Mecanico no Veiculo;Tombamento;Com Vitimas Feridas;Pleno dia;Sol;Reta
sexta-feira;PR;Falta de Atencao Conducao;Engavetamento;Com Vitimas Feridas;Pleno dia;Ceu Claro;Reta
sexta-feira;SP;Velocidade Incompativel;Colisao traseira;Com Vitimas Feridas;Pleno dia;Ceu Claro;Reta
sexta-feira;SC;Defeito Mecanico no Veiculo;Colisao traseira;Com Vitimas Feridas;Pleno dia;Chuva;Reta
sexta-feira;BA;Falta de Atencao Conducao;Colisao traseira;Com Vitimas Feridas;Pleno dia;Ceu Claro;Reta
quarta-feira;PR;Falta de Atencao Conducao;Engavetamento;Com Vitimas Feridas;Pleno dia;Ceu Claro;Reta
sexta-feira;MT;Ultrapassagem Indevida;Colisao frontal;Com Vitimas Feridas;Pleno dia;Ceu Claro;Reta
sexta-feira;SC;Falta de Atencao Conducao;Colisao transversal;Com Vitimas Feridas;Pleno dia;Sol;Intersecao de vias
sexta-feira;MG;Falta de Atencao Conducao;Capotamento;Com Vitimas Feridas;Pleno dia;Ceu Claro;Reta
sexta-feira;BA;Velocidade Incompativel;Tombamento;Com Vitimas Feridas;Pleno dia;Ceu Claro;Curva
sexta-feira;PR;Falta de Atencao Conducao;Colisao traseira;Com Vitimas Feridas;Pleno dia;Ceu Claro;Reta
sexta-feira;CE;Nao guardar distancia de seguranca;Colisao traseira;Com Vitimas Feridas;Pleno dia;Chuva;Reta
sexta-feira;SC;Falta de Atencao Conducao;Colisao lateral;Com Vitimas Feridas;Pleno dia;Ceu Claro;Reta
sexta-feira;PR;Falta de Atencao Conducao;Colisao traseira;Com Vitimas Feridas;Pleno dia;Ceu Claro;Nao Informado
sexta-feira;SE;Nao guardar distancia de seguranca;Colisao traseira;Sem Vitimas;Pleno dia;Ceu Claro;Intersecao de vias
sexta-feira;SC;Falta de Atencao Conducao;Colisao traseira;Com Vitimas Feridas;Pleno dia;Sol;Reta
sexta-feira;MT;Ultrapassagem Indevida;Colisao traseira;Sem Vitimas;Pleno dia;Ceu Claro;Reta
sexta-feira;GO;Condutor Dormindo;Saida de leito carrocavel;Com Vitimas Feridas;Pleno dia;Sol;Curva
sexta-feira;PE;Desobediencia nas normas de transito pelo condutor;Colisao transversal;Com Vitimas Feridas;Pleno dia;Sol;Reta
sexta-feira;MS;Ingestao de Alcool;Colisao traseira;Sem Vitimas;Pleno dia;Nublado;Reta
sexta-feira;ES;Falta de Atencao Conducao;Tombamento;Sem Vitimas;Pleno dia;Ceu Claro;Curva
sexta-feira;MS;Falta de Atencao Conducao;Saida de leito carrocavel;Com Vitimas Feridas;Pleno dia;Nublado;Reta
sexta-feira;PB;Nao guardar distancia de seguranca;Colisao traseira;Com Vitimas Feridas;Pleno dia;Ceu Claro;Reta
sexta-feira;SC;Desobediencia nas normas de transito pelo condutor;Colisao traseira;Com Vitimas Feridas;Plena Noite;Ceu Claro;Reta
sexta-feira;SE;Falta de Atencao Conducao;Saida de leito carrocavel;Com Vitimas Feridas;Pleno dia;Ceu Claro;Reta
sexta-feira;SP;Nao guardar distancia de seguranca;Colisao traseira;Com Vitimas Feridas;Pleno dia;Ceu Claro;Reta
sexta-feira;PI;Pista Escorregadia;Saida de leito carrocavel;Com Vitimas Feridas;Pleno dia;Chuva;Reta
sexta-feira;PR;Falta de Atencao Conducao;Colisao transversal;Com Vitimas Feridas;Pleno dia;Nublado;Nao Informado
sexta-feira;GO;Ingestao de Alcool;Atropelamento de Pedestre;Com Vitimas Feridas;Pleno dia;Ceu Claro;Reta
sexta-feira;SP;Falta de Atencao Conducao;Tombamento;Com Vitimas Feridas;Pleno dia;Sol;Reta
quarta-feira;PR;Falta de Atencao Conducao;Colisao lateral;Com Vitimas Feridas;Pleno dia;Ceu Claro;Reta
sexta-feira;MG;Ultrapassagem Indevida;Tombamento;Com Vitimas Feridas;Pleno dia;Sol;Reta
sexta-feira;GO;Condutor Dormindo;Colisao frontal;Com Vitimas Fatais;Pleno dia;Ceu Claro;Nao Informado
sexta-feira;RS;Pista Escorregadia;Saida de leito carrocavel;Sem Vitimas;Pleno dia;Chuva;Reta
sexta-feira;PE;Falta de Atencao Conducao;Colisao lateral;Sem Vitimas;Pleno dia;Ceu Claro;Reta
sexta-feira;AL;Mal Subito;Saida de leito carrocavel;Com Vitimas Feridas;Pleno dia;Nublado;Reta
sexta-feira;BA;Defeito Mecanico no Veiculo;Queda de ocupante de veiculo;Com Vitimas Feridas;Pleno dia;Ceu Claro;Reta
sexta-feira;PI;Pista Escorregadia;Capotamento;Com Vitimas Feridas;Pleno dia;Chuva;Nao Informado
sexta-feira;MG;Condutor Dormindo;Colisao lateral;Com Vitimas Feridas;Pleno dia;Ceu Claro;Reta
sexta-feira;SE;Nao guardar distancia de seguranca;Colisao com objeto estatico;Com Vitimas Feridas;Pleno dia;Ceu Claro;Reta
sexta-feira;PE;Falta de Atencao Conducao;Colisao traseira;Sem Vitimas;Pleno dia;Ceu Claro;Reta
sexta-feira;PE;Falta de Atencao Conducao;Colisao lateral;Com Vitimas Feridas;Pleno dia;Sol;Retorno Regulamentado
sexta-feira;MG;Falta de Atencao Conducao;Colisao lateral;Sem Vitimas;Pleno dia;Sol;Nao Informado
sexta-feira;MG;Falta de Atencao Conducao;Colisao traseira;Com Vitimas Feridas;Pleno dia;Ceu Claro;Reta
sexta-feira;MG;Carga excessiva e/ou mal acondicionada;Colisao com objeto estatico;Sem Vitimas;Pleno dia;Ceu Claro;Reta
sexta-feira;MG;Defeito Mecanico no Veiculo;Incendio;Sem Vitimas;Pleno dia;Ceu Claro;Reta
sexta-feira;ES;Falta de Atencao Conducao;Colisao transversal;Com Vitimas Feridas;Pleno dia;Ceu Claro;Nao Informado
sexta-feira;MG;Falta de Atencao Conducao;Colisao transversal;Com Vitimas Feridas;Pleno dia;Ceu Claro;Intersecao de vias
sexta-feira;RJ;Velocidade Incompativel;Saida de leito carrocavel;Com Vitimas Feridas;Pleno dia;Ceu Claro;Reta