dia_semana;uf;causa_acidente;tipo_acidente;classificacao_acidente;fase_dia;condicao_metereologica;tracado_via
sexta-feira;GO;Desobediencia nas normas de transito pelo condutor;Colisao lateral;Com Vitimas Feridas;Pleno dia;Ceu Claro;Reta
sexta-feira;GO;Falta de Atencao Conducao;Colisao traseira;Sem Vitimas;Pleno dia;Ceu Claro;Reta
sexta-feira;SP;Falta de Atencao Conducao;Colisao traseira;Com Vitimas Feridas;Pleno dia;Ceu Claro;Reta
sexta-feira;SP;Avarias e/ou desgaste excessivo no pneu;Tombamento;Com Vitimas Feridas;Pleno dia;Sol;Curva
sexta-feira;GO;Ingestao de Alcool e/ou substancias psicoativas pelo pedestre;Colisao com objeto estatico;Com Vitimas Feridas;Pleno dia;Ceu Claro;Reta
sexta-feira;GO;Desobediencia nas normas de transito pelo condutor;Colisao transversal;Com Vitimas Feridas;Pleno dia;Chuva;Reta
sexta-feira;PE;Nao guardar distancia de seguranca;Colisao traseira;Sem Vitimas;Pleno dia;Ceu Claro;Reta
sexta-feira;GO;Pista Escorregadia;Saida de leito carrocavel;Com Vitimas Feridas;Pleno dia;Chuva;Curva
sexta-feira;RS;Desobediencia nas normas de transito pelo condutor;Colisao transversal;Sem Vitimas;Pleno dia;Sol;Curva
sexta-feira;RJ;Desobediencia nas normas de transito pelo condutor;Colisao transversal;Com Vitimas Feridas;Pleno dia;Ceu Claro;Reta
sexta-feira;SC;Falta de Atencao Conducao;Colisao lateral;Com Vitimas Feridas;Pleno dia;Sol;Viaduto
sexta-feira;SC;Defeito Mecanico no Veiculo;Tombamento;Com Vitimas Feridas;Pleno dia;Ceu Claro;Reta
sexta-feira;MG;Desobediencia nas normas de transito pelo condutor;Saida de leito carrocavel;Com Vitimas Feridas;Pleno dia;Ceu Claro;Reta
sexta-feira;RS;Falta de Atencao Conducao;Tombamento;Com Vitimas Feridas;Pleno dia;Nublado;Reta
sexta-feira;DF;Falta de Atencao Conducao;Colisao traseira;Com Vitimas Feridas;Pleno dia;Ceu Claro;Reta
sexta-feira;SC;Falta de Atencao Conducao;Tombamento;Com Vitimas Feridas;Pleno dia;Nublado;Curva
sexta-feira;SP;Nao guardar distancia de seguranca;Colisao traseira;Com Vitimas Feridas;Pleno dia;Chuva;Reta
sexta-feira;RJ;Falta de Atencao Conducao;Colisao traseira;Com Vitimas Feridas;Pleno dia;Sol;Reta
sexta-feira;ES;Falta de Atencao Conducao;Capotamento;Com Vitimas Feridas;Pleno dia;Ceu Claro;Reta
sexta-feira;PR;Desobediencia nas normas de transito pelo condutor;Colisao transversal;Com Vitimas Feridas;Pleno dia;Ceu Claro;Retorno Regulamentado
sexta-feira;BA;Desobediencia nas normas de transito pelo condutor;Colisao transversal;Com Vitimas Feridas;Pleno dia;Sol;Reta
sexta-feira;SC;Falta de Atencao Conducao;Colisao traseira;Com Vitimas Feridas;Pleno dia;Nublado;Reta
sexta-feira;SP;Nao guardar distancia de seguranca;Colisao transversal;Com Vitimas Feridas;Anoitecer;Chuva;Reta
sexta-feira;RN;Avarias e/ou desgaste excessivo no pneu;Saida de leito carrocavel;Com Vitimas Feridas;Anoitecer;Ceu Claro;Reta
sexta-feira;MT;Falta de Atencao Conducao;Saida de leito carrocavel;Sem Vitimas;Pleno dia;Chuva;Reta
sexta-feira;MT;Defeito na Via;Saida de leito carrocavel;Sem Vitimas;Pleno dia;Ceu Claro;Reta
sexta-feira;BA;Falta de Atencao do Pedestre;Atropelamento de Pedestre;Com Vitimas Feridas;Pleno dia;Sol;Reta
sexta-feira;MT;Defeito na Via;Tombamento;Com Vitimas Feridas;Anoitecer;Ceu Claro;Reta
sexta-feira;PR;Fenomenos da Natureza;Colisao transversal;Com Vitimas Feridas;Pleno dia;Chuva;Desvio Temporario
sexta-feira;PR;Desobediencia nas normas de transito pelo condutor;Colisao traseira;Com Vitimas Feridas;Pleno dia;Nublado;Reta
sexta-feira;RJ;Falta de Atencao Conducao;Queda de ocupante de veiculo;Com Vitimas Feridas;Plena Noite;Ceu Claro;Reta
sexta-feira;PR;Desobediencia nas normas de transito pelo condutor;Colisao lateral;Sem Vitimas;Pleno dia;Ceu Claro;Curva
sexta-feira;MG;Velocidade Incompativel;Colisao com objeto estatico;Com Vitimas Feridas;Anoitecer;Chuva;Nao Informado
sexta-feira;GO;Desobediencia nas normas de transito pelo condutor;Colisao transversal;Com Vitimas Feridas;Anoitecer;Nublado;Reta
sexta-feira;PR;Nao guardar distancia de seguranca;Colisao traseira;Com Vitimas Feridas;Pleno dia;Nublado;Desvio Temporario
sexta-feira;CE;Defeito Mecanico no Veiculo;Colisao com objeto estatico;Sem Vitimas;Pleno dia;Nublado;Nao Informado
sexta-feira;MG;Falta de Atencao Conducao;Queda de ocupante de veiculo;Com Vitimas Feridas;Pleno dia;Ceu Claro;Reta
sexta-feira;MG;Avarias e/ou desgaste excessivo no pneu;Saida de leito carrocavel;Com Vitimas Feridas;Anoitecer;Ceu Claro;Curva
sexta-feira;RS;Pista Escorregadia;Saida de leito carrocavel;Sem Vitimas;Pleno dia;Chuva;Nao Informado
sexta-feira;RJ;Ultrapassagem Indevida;Colisao lateral;Com Vitimas Fatais;Pleno dia;Sol;Reta
sexta-feira;RJ;Velocidade Incompativel;Tombamento;Com Vitimas Feridas;Pleno dia;Sol;Curva
sexta-feira;SP;Falta de Atencao Conducao;Colisao lateral;Com Vitimas Feridas;Anoitecer;Chuva;Desvio Temporario
sexta-feira;PR;Pista Escorregadia;Saida de leito carrocavel;Com Vitimas Fatais;Anoitecer;Chuva;Desvio Temporario
sexta-feira;RO;Falta de Atencao Conducao;Colisao traseira;Com Vitimas Feridas;Pleno dia;Ceu Claro;Reta
sexta-feira;PB;Nao guardar distancia de seguranca;Colisao traseira;Com Vitimas Feridas;Plena Noite;Ceu Claro;Reta
sexta-feira;RJ;Falta de Atencao Conducao;Engavetamento;Com Vitimas Feridas;Anoitecer;Ceu Claro;Reta
sexta-feira;MG;Falta de Atencao Conducao;Colisao traseira;Com Vitimas Feridas;Pleno dia;Ceu Claro;Nao Informado
sexta-feira;SC;Velocidade Incompativel;Colisao lateral;Com Vitimas Feridas;Plena Noite;Chuva;Reta
sexta-feira;SC;Ingestao de Alcool;Colisao traseira;Sem Vitimas;Plena Noite;Chuva;Desvio Temporario
sexta-feira;RJ;Desobediencia nas normas de transito pelo condutor;Colisao lateral;Com Vitimas Feridas;Anoitecer;Nublado;Reta
sexta-feira;MG;Nao guardar distancia de seguranca;Colisao traseira;Com Vitimas Feridas;Plena Noite;Ceu Claro;Reta
sexta-feira;BA;Ingestao de Alcool;Colisao frontal;Com Vitimas Feridas;Plena Noite;Ceu Claro;Desvio Temporario
sexta-feira;PR;Ingestao de Alcool;Colisao traseira;Com Vitimas Feridas;Plena Noite;Nublado;Reta
sexta-feira;SC;Velocidade Incompativel;Capotamento;Com Vitimas Feridas;Plena Noite;Chuva;Reta
sexta-feira;SC;Ingestao de Alcool;Saida de leito carrocavel;Sem Vitimas;Plena Noite;Chuva;Curva
sexta-feira;PR;Velocidade Incompativel;Colisao traseira;Sem Vitimas;Pleno dia;Ceu Claro;Reta
sexta-feira;PR;Velocidade Incompativel;Colisao lateral;Com Vitimas Feridas;Plena Noite;Chuva;Reta
sexta-feira;PB;Falta de Atencao Conducao;Colisao transversal;Com Vitimas Fatais;Plena Noite;Ceu Claro;Reta
sexta-feira;SC;Falta de Atencao Conducao;Colisao traseira;Com Vitimas Fatais;Plena Noite;Chuva;Reta
sexta-feira;SC;Falta de Atencao Conducao;Colisao lateral;Com Vitimas Feridas;Anoitecer;Chuva;Reta
sexta-feira;PR;Falta de Atencao Conducao;Capotamento;Com Vitimas Feridas;Plena Noite;Chuva;Reta
sexta-feira;MA;Pista Escorregadia;Colisao transversal;Sem Vitimas;Plena Noite;Chuva;Desvio Temporario
sexta-feira;SP;Defeito Mecanico no Veiculo;Incendio;Sem Vitimas;Plena Noite;Ceu Claro;Reta
sexta-feira;MA;Falta de Atencao Conducao;Colisao transversal;Com Vitimas Feridas;Plena Noite;Ceu Claro;Reta
sexta-feira;SP;Pista Escorregadia;Queda de ocupante de veiculo;Com Vitimas Feridas;Plena Noite;Chuva;Reta
sexta-feira;PB;Falta de Atencao Conducao;Colisao traseira;Com Vitimas Fatais;Plena Noite;Ceu Claro;Nao Informado
sexta-feira;RS;Ingestao de Substancias Psicoativas;Atropelamento de Pedestre;Com Vitimas Fatais;Plena Noite;Ceu Claro;Reta
sexta-feira;SP;Falta de Atencao Conducao;Tombamento;Com Vitimas Feridas;Plena Noite;Nublado;Reta
sexta-feira;ES;Falta de Atencao Conducao;Queda de ocupante de veiculo;Com Vitimas Feridas;Plena Noite;Ceu Claro;Reta
sexta-feira;SC;Falta de Atencao Conducao;Colisao transversal;Com Vitimas Feridas;Plena Noite;Chuva;Reta
sexta-feira;PR;Ingestao de Alcool;Colisao com objeto estatico;Sem Vitimas;Plena Noite;Chuva;Reta
sexta-feira;PE;Ingestao de Alcool e/ou substancias psicoativas pelo pedestre;Colisao traseira;Com Vitimas Feridas;Plena Noite;Ceu Claro;Reta
sexta-feira;DF;Avarias e/ou desgaste excessivo no pneu;Danos eventuais;Sem Vitimas;Plena Noite;Ceu Claro;Reta
sexta-feira;PR;Falta de Atencao Conducao;Colisao transversal;Com Vitimas Feridas;Plena Noite;Nublado;Reta
sexta-feira;SP;Velocidade Incompativel;Colisao traseira;Com Vitimas Feridas;Plena Noite;Ceu Claro;Reta
sexta-feira;PR;Desobediencia nas normas de transito pelo condutor;Colisao traseira;Com Vitimas Feridas;Plena Noite;Nublado;Reta
sexta-feira;BA;Deficincia ou nao Acionamento do Sistema de Iluminacao/Sinalizacao do Veiculo;Colisao traseira;Com Vitimas Feridas;Plena Noite;Nublado;Reta
sexta-feira;RN;Falta de Atencao Conducao;Colisao lateral;Com Vitimas Feridas;Plena Noite;Nublado;Reta
sexta-feira;PE;Animais na Pista;Atropelamento de Animal;Com Vitimas Fatais;Plena Noite;Ceu Claro;Reta
sexta-feira;SC;Falta de Atencao Conducao;Queda de ocupante de veiculo;Com Vitimas Feridas;Plena Noite;Nevoeiro/Neblina;Reta
sexta-feira;MT;Falta de Atencao Conducao;Colisao transversal;Com Vitimas Feridas;Plena Noite;Nublado;Reta
sexta-feira;MT;Falta de Atencao Conducao;Colisao traseira;Sem Vitimas;Plena Noite;Ceu Claro;Reta
sexta-feira;SC;Falta de Atencao Conducao;Colisao com objeto estatico;Com Vitimas Feridas;Plena Noite;Chuva;Reta
sexta-feira;PR;Ingestao de Alcool;Saida de leito carrocavel;Sem Vitimas;Plena Noite;Chuva;Desvio Temporario
sabado;MG;Falta de Atencao Conducao;Atropelamento de Pedestre;Com Vitimas Fatais;Plena Noite;Nublado;Reta
sabado;ES;Condutor Dormindo;Queda de ocupante de veiculo;Com Vitimas Feridas;Plena Noite;Ceu Claro;Reta
sabado;CE;Falta de Atencao do Pedestre;Atropelamento de Pedestre;Com Vitimas Feridas;Plena Noite;Nublado;Reta
sabado;SC;Falta de Atencao Conducao;Tombamento;Com Vitimas Feridas;Plena Noite;Nublado;Reta
sabado;PR;Falta de Atencao Conducao;Colisao lateral;Com Vitimas Feridas;Plena Noite;Ceu Claro;Intersecao de vias
sabado;PE;Avarias e/ou desgaste excessivo no pneu;Colisao com objeto estatico;Com Vitimas Feridas;Plena Noite;Nublado;Desvio Temporario
sabado;RS;Falta de Atencao Conducao;Capotamento;Com Vitimas Feridas;Plena Noite;Nublado;Viaduto
sabado;SC;Ingestao de Alcool;Colisao com objeto estatico;Sem Vitimas;Plena Noite;Nublado;Curva
sabado;SC;Velocidade Incompativel;Capotamento;Com Vitimas Feridas;Plena Noite;Nublado;Reta
sabado;MG;Falta de Atencao Conducao;Colisao com objeto estatico;Sem Vitimas;Plena Noite;Nublado;Nao Informado
sabado;ES;Falta de Atencao Conducao;Colisao com objeto em movimento;Com Vitimas Feridas;Plena Noite;Ceu Claro;Reta
sabado;ES;Falta de Atencao Conducao;Colisao traseira;Com Vitimas Feridas;Plena Noite;Ceu Claro;Reta
sabado;ES;Falta de Atencao Conducao;Queda de ocupante de veiculo;Com Vitimas Feridas;Plena Noite;Nublado;Reta
sabado;MG;Animais na Pista;Saida de leito carrocavel;Com Vitimas Feridas;Plena Noite;Ceu Claro;Reta
sabado;RJ;Agressao Externa;Colisao com objeto estatico;Com Vitimas Feridas;Plena Noite;Ceu Claro;Reta
sexta-feira;RJ;Ingestao de Alcool;Colisao traseira;Sem Vitimas;Plena Noite;Ceu Claro;Reta
sabado;SC;Falta de Atencao Conducao;Saida de leito carrocavel;Com Vitimas Feridas;Amanhecer;Nublado;Ponte
sabado;PR;Ingestao de Alcool;Saida de leito carrocavel;Sem Vitimas;Plena Noite;Nublado;Curva
sabado;MG;Velocidade Incompativel;Tombamento;Com Vitimas Feridas;Amanhecer;Ceu Claro;Curva
sabado;PR;Ingestao de Alcool;Colisao lateral;Com Vitimas Feridas;Amanhecer;Ceu Claro;Rotatoria
sabado;RJ;Falta de Atencao Conducao;Colisao traseira;Com Vitimas Feridas;Plena Noite;Ceu Claro;Reta
sabado;SP;Nao guardar distancia de seguranca;Colisao traseira;Com Vitimas Feridas;Amanhecer;Ceu Claro;Reta
sabado;SP;Velocidade Incompativel;Colisao traseira;Com Vitimas Feridas;Amanhecer;Ceu Claro;Reta
sabado;PA;Falta de Atencao Conducao;Colisao com objeto estatico;Com Vitimas Feridas;Amanhecer;Chuva;Reta
sabado;ES;Falta de Atencao Conducao;Colisao frontal;Com Vitimas Feridas;Pleno dia;Ceu Claro;Reta
sabado;ES;Desobediencia nas normas de transito pelo condutor;Colisao frontal;Com Vitimas Fatais;Pleno dia;Ceu Claro;Curva
sabado;MG;Velocidade Incompativel;Colisao com objeto estatico;Com Vitimas Feridas;Pleno dia;Nublado;Curva
sabado;MT;Ingestao de Alcool;Colisao traseira;Com Vitimas Feridas;Amanhecer;Ceu Claro;Reta
sabado;ES;Falta de Atencao Conducao;Colisao com objeto estatico;Com Vitimas Feridas;Pleno dia;Sol;Reta
sabado;PR;Defeito Mecanico no Veiculo;Saida de leito carrocavel;Com Vitimas Feridas;Plena Noite;Chuva;Reta
sabado;MG;Falta de Atencao Conducao;Colisao lateral;Com Vitimas Feridas;Pleno dia;Ceu Claro;Reta
sabado;RS;Ingestao de Alcool;Colisao frontal;Com Vitimas Feridas;Pleno dia;Chuva;Nao Informado
sabado;PR;Falta de Atencao Conducao;Colisao transversal;Com Vitimas Feridas;Amanhecer;Ceu Claro;Intersecao de vias
sabado;PA;Defeito na Via;Capotamento;Com Vitimas Fatais;Plena Noite;Chuva;Desvio Temporario
sabado;RJ;Falta de Atencao Conducao;Queda de ocupante de veiculo;Com Vitimas Feridas;Amanhecer;Ceu Claro;Reta
sabado;PR;Falta de Atencao Conducao;Colisao lateral;Com Vitimas Feridas;Pleno dia;Nublado;Nao Informado
sabado;MG;Condutor Dormindo;Colisao com objeto estatico;Com Vitimas Feridas;Amanhecer;Ceu Claro;Reta
sabado;MG;Pista Escorregadia;Saida de leito carrocavel;Com Vitimas Feridas;Pleno dia;Chuva;Curva
sabado;AL;Velocidade Incompativel;Saida de leito carrocavel;Com Vitimas Feridas;Pleno dia;Ceu Claro;Curva
sabado;PR;Ingestao de Alcool;Colisao traseira;Com Vitimas Feridas;Amanhecer;Ceu Claro;Reta
sabado;PI;Falta de Atencao Conducao;Colisao lateral;Com Vitimas Feridas;Plena Noite;Ceu Claro;Reta
sexta-feira;RO;Falta de Atencao Conducao;Tombamento;Com Vitimas Feridas;Plena Noite;Chuva;Reta
sexta-feira;RO;Falta de Atencao Conducao;Saida de leito carrocavel;Com Vitimas Feridas;Plena Noite;Chuva;Nao Informado
sabado;RN;Falta de Atencao Conducao;Colisao transversal;Com Vitimas Feridas;Pleno dia;Ceu Claro;Reta
sabado;BA;Ultrapassagem Indevida;Colisao frontal;Com Vitimas Fatais;Plena Noite;Ceu Claro;Reta
sabado;MG;Falta de Atencao Conducao;Colisao traseira;Com Vitimas Feridas;Pleno dia;Ceu Claro;Reta
sabado;PR;Falta de Atencao Conducao;Saida de leito carrocavel;Com Vitimas Feridas;Pleno dia;Ceu Claro;Reta
sabado;PA;Pista Escorregadia;Saida de leito carrocavel;Com Vitimas Feridas;Plena Noite;Chuva;Curva
sabado;PR;Pista Escorregadia;Saida de leito carrocavel;Com Vitimas Feridas;Pleno dia;Garoa/Chuvisco;Nao Informado
sabado;GO;Mal Subito;Colisao com objeto estatico;Com Vitimas Feridas;Pleno dia;Ceu Claro;Reta
sabado;MG;Defeito Mecanico no Veiculo;Colisao com objeto estatico;Com Vitimas Feridas;Pleno dia;Sol;Nao Informado
terca-feira;SC;Nao guardar distancia de seguranca;Colisao traseira;Com Vitimas Feridas;Pleno dia;Sol;Reta
sabado;SC;Falta de Atencao Conducao;Colisao lateral;Com Vitimas Feridas;Pleno dia;Ceu Claro;Reta
sabado;GO;Falta de Atencao do Pedestre;Atropelamento de Pedestre;Com Vitimas Feridas;Pleno dia;Ceu Claro;Reta
sabado;PR;Falta de Atencao Conducao;Colisao lateral;Com Vitimas Feridas;Pleno dia;Ceu Claro;Intersecao de vias
sabado;MT;Desobediencia nas normas de transito pelo condutor;Saida de leito carrocavel;Com Vitimas Feridas;Pleno dia;Sol;Nao Informado
sabado;MT;Velocidade Incompativel;Saida de leito carrocavel;Com Vitimas Feridas;Pleno dia;Ceu Claro;Reta
sabado;ES;Desobediencia nas normas de transito pelo condutor;Colisao lateral;Com Vitimas Feridas;Pleno dia;Ceu Claro;Curva
sabado;MA;Defeito Mecanico no Veiculo;Saida de leito carrocavel;Com Vitimas Feridas;Pleno dia;Nublado;Reta
sabado;PI;Desobediencia nas normas de transito pelo condutor;Colisao traseira;Com Vitimas Feridas;Pleno dia;Ceu Claro;Reta
sabado;SC;Velocidade Incompativel;Colisao traseira;Com Vitimas Feridas;Pleno dia;Ceu Claro;Reta
sabado;PA;Velocidade Incompativel;Colisao transversal;Com Vitimas Feridas;Pleno dia;Nublado;Reta
sabado;MG;Falta de Atencao Conducao;Saida de leito carrocavel;Com Vitimas Feridas;Pleno dia;Sol;Reta
sabado;MG;Velocidade Incompativel;Tombamento;Com Vitimas Feridas;Pleno dia;Ceu Claro;Curva
sabado;ES;Falta de Atencao Conducao;Colisao frontal;Com Vitimas Feridas;Amanhecer;Ceu Claro;Reta
sabado;MA;Falta de Atencao Conducao;Saida de leito carrocavel;Com Vitimas Feridas;Pleno dia;Ceu Claro;Reta
sabado;SC;Desobediencia nas normas de transito pelo condutor;Colisao transversal;Sem Vitimas;Pleno dia;Sol;Rotatoria
sabado;PR;Falta de Atencao Conducao;Queda de ocupante de veiculo;Com Vitimas Feridas;Pleno dia;Ceu Claro;Curva
sabado;GO;Velocidade Incompativel;Colisao transversal;Sem Vitimas;Pleno dia;Ceu Claro;Reta
sabado;PR;Falta de Atencao Conducao;Colisao lateral;Com Vitimas Fatais;Pleno dia;Ceu Claro;Reta
sabado;PI;Falta de Atencao Conducao;Colisao com objeto estatico;Com Vitimas Feridas;Pleno dia;Nublado;Reta
sabado;ES;Falta de Atencao Conducao;Colisao traseira;Com Vitimas Feridas;Pleno dia;Ceu Claro;Reta
sabado;BA;Mal Subito;Queda de ocupante de veiculo;Com Vitimas Feridas;Pleno dia;Ceu Claro;Reta
sabado;DF;Falta de Atencao Conducao;Colisao lateral;Com Vitimas Feridas;Pleno dia;Sol;Retorno Regulamentado
sabado;PB;Velocidade Incompativel;Colisao traseira;Sem Vitimas;Pleno dia;Ceu Claro;Reta
sabado;DF;Falta de Atencao Conducao;Colisao traseira;Com Vitimas Feridas;Pleno dia;Ceu Claro;Reta
sabado;PB;Desobediencia nas normas de transito pelo condutor;Colisao transversal;Com Vitimas Feridas;Pleno dia;Sol;Reta
sabado;TO;Ingestao de Alcool;Colisao lateral;Com Vitimas Feridas;Pleno dia;Ceu Claro;Reta
sabado;MG;Nao guardar distancia de seguranca;Saida de leito carrocavel;Com Vitimas Feridas;Pleno dia;Ceu Claro;Ponte
sabado;DF;Ingestao de Alcool;Colisao traseira;Com Vitimas Feridas;Pleno dia;Ceu Claro;Reta
sabado;SC;Falta de Atencao Conducao;Colisao lateral;Com Vitimas Feridas;Pleno dia;Ceu Claro;Viaduto
sabado;BA;Desobediencia nas normas de transito pelo condutor;Colisao frontal;Com Vitimas Feridas;Pleno dia;Nublado;Retorno Regulamentado
sabado;MG;Falta de Atencao do Pedestre;Atropelamento de Pedestre;Com Vitimas Fatais;Pleno dia;Ceu Claro;Reta
sabado;PR;Ingestao de Alcool;Tombamento;Com Vitimas Feridas;Pleno dia;Ceu Claro;Curva
sabado;PB;Nao guardar distancia de seguranca;Engavetamento;Sem Vitimas;Pleno dia;Sol;Reta
sabado;SP;Nao guardar distancia de seguranca;Colisao traseira;Com Vitimas Feridas;Pleno dia;Sol;Reta
sabado;RJ;Falta de Atencao Conducao;Colisao traseira;Com Vitimas Feridas;Pleno dia;Ceu Claro;Reta
sabado;SP;Falta de Atencao Conducao;Colisao transversal;Sem Vitimas;Pleno dia;Ceu Claro;Reta
sabado;PR;Falta de Atencao Conducao;Saida de leito carrocavel;Com Vitimas Feridas;Pleno dia;Ceu Claro;Curva
sabado;RJ;Velocidade Incompativel;Colisao com objeto estatico;Com Vitimas Feridas;Pleno dia;Ceu Claro;Reta
sabado;PR;Falta de Atencao Conducao;Saida de leito carrocavel;Com Vitimas Feridas;Pleno dia;Sol;Reta
sabado;SC;Falta de Atencao Conducao;Colisao frontal;Com Vitimas Feridas;Pleno dia;Sol;Reta
sabado;PE;Defeito Mecanico no Veiculo;Saida de leito carrocavel;Com Vitimas Feridas;Pleno dia;Ceu Claro;Reta
sabado;CE;Desobediencia nas normas de transito pelo condutor;Colisao transversal;Com Vitimas Feridas;Pleno dia;Nublado;Reta
sabado;SC;Falta de Atencao Conducao;Saida de leito carrocavel;Com Vitimas Feridas;Pleno dia;Chuva;Reta
sabado;SP;Avarias e/ou desgaste excessivo no pneu;Colisao com objeto estatico;Sem Vitimas;Pleno dia;Sol;Reta
sabado;BA;Falta de Atencao Conducao;Colisao frontal;Com Vitimas Fatais;Pleno dia;Ceu Claro;Ponte
sabado;RN;Ingestao de Alcool;Saida de leito carrocavel;Sem Vitimas;Pleno dia;Ceu Claro;Curva
sabado;MG;Velocidade Incompativel;Tombamento;Com Vitimas Feridas;Pleno dia;Sol;Curva
sabado;MT;Falta de Atencao Conducao;Saida de leito carrocavel;Com Vitimas Feridas;Pleno dia;Sol;Reta
sabado;SC;Desobediencia nas normas de transito pelo condutor;Colisao transversal;Com Vitimas Feridas;Pleno dia;Nublado;Intersecao de vias
sabado;MT;Falta de Atencao Conducao;Saida de leito carrocavel;Sem Vitimas;Pleno dia;Sol;Retorno Regulamentado
sabado;RJ;Defeito na Via;Tombamento;Com Vitimas Feridas;Pleno dia;Sol;Nao Informado
sabado;SC;Falta de Atencao Conducao;Colisao traseira;Sem Vitimas;Pleno dia;Chuva;Reta
sabado;SC;Falta de Atencao Conducao;Colisao transversal;Com Vitimas Feridas;Pleno dia;Nublado;Reta
sabado;RJ;Defeito na Via;Tombamento;Com Vitimas Feridas;Pleno dia;Ceu Claro;Nao Informado
sabado;RJ;Condutor Dormindo;Saida de leito carrocavel;Com Vitimas Feridas;Pleno dia;Sol;Reta
sabado;SC;Falta de Atencao Conducao;Saida de leito carrocavel;Com Vitimas Feridas;Pleno dia;Nublado;Curva
sabado;ES;Falta de Atencao Conducao;Colisao lateral;Com Vitimas Feridas;Pleno dia;Sol;Reta
sabado;SP;Nao guardar distancia de seguranca;Colisao lateral;Com Vitimas Feridas;Pleno dia;Ceu Claro;Reta
sabado;PR;Mal Subito;Queda de ocupante de veiculo;Com Vitimas Feridas;Pleno dia;Ceu Claro;Reta
sabado;RO;Falta de Atencao Conducao;Colisao lateral;Com Vitimas Feridas;Pleno dia;Ceu Claro;Reta
sabado;SP;Defeito Mecanico no Veiculo;Incendio;Sem Vitimas;Pleno dia;Sol;Desvio Temporario
sabado;RS;Falta de Atencao Conducao;Colisao transversal;Com Vitimas Feridas;Pleno dia;Ceu Claro;Intersecao de vias
sabado;SC;Falta de Atencao Conducao;Colisao transversal;Com Vitimas Feridas;Pleno dia;Chuva;Curva
sabado;BA;Defeito Mecanico no Veiculo;Incendio;Sem Vitimas;Pleno dia;Ceu Claro;Curva
sabado;MS;Ingestao de Alcool;Colisao transversal;Sem Vitimas;Pleno dia;Ceu Claro;Reta
sabado;SC;Falta de Atencao Conducao;Colisao com objeto estatico;Com Vitimas Feridas;Pleno dia;Nublado;Nao Informado
sabado;CE;Desobediencia nas normas de transito pelo condutor;Colisao frontal;Com Vitimas Feridas;Pleno dia;Ceu Claro;Intersecao de vias
sabado;MG;Ingestao de Alcool;Colisao lateral;Com Vitimas Feridas;Pleno dia;Ceu Claro;Reta
sabado;SC;Velocidade Incompativel;Colisao frontal;Com Vitimas Feridas;Pleno dia;Nublado;Curva
sabado;GO;Ingestao de Alcool;Colisao traseira;Sem Vitimas;Pleno dia;Ceu Claro;Reta
sabado;SC;Ingestao de Alcool;Colisao com objeto estatico;Sem Vitimas;Pleno dia;Chuva;Reta
sabado;MG;Animais na Pista;Saida de leito carrocavel;Com Vitimas Feridas;Pleno dia;Ceu Claro;Reta
sabado;MG;Defeito Mecanico no Veiculo;Tombamento;Com Vitimas Feridas;Pleno dia;Sol;Nao Informado
sabado;SC;Velocidade Incompativel;Colisao transversal;Com Vitimas Feridas;Pleno dia;Nublado;Desvio Temporario
sabado;SC;Velocidade Incompativel;Saida de leito carrocavel;Com Vitimas Feridas;Pleno dia;Chuva;Curva
sabado;PR;Velocidade Incompativel;Saida de leito carrocavel;Com Vitimas Feridas;Pleno dia;Ceu Claro;Curva
sabado;SC;Falta de Atencao Conducao;Colisao lateral;Com Vitimas Feridas;Pleno dia;Garoa/Chuvisco;Reta
sabado;CE;Velocidade Incompativel;Tombamento;Sem Vitimas;Pleno dia;Nublado;Curva
sabado;SP;Nao guardar distancia de seguranca;Colisao com objeto estatico;Com Vitimas Feridas;Pleno dia;Ceu Claro;Reta
sabado;RJ;Falta de Atencao Conducao;Colisao com objeto estatico;Com Vitimas Feridas;Pleno dia;Nublado;Reta
sabado;BA;Falta de Atencao Conducao;Saida de leito carrocavel;Com Vitimas Feridas;Pleno dia;Ceu Claro;Reta
sabado;PE;Pista Escorregadia;Colisao lateral;Com Vitimas Feridas;Anoitecer;Chuva;Reta
sabado;SC;Falta de Atencao Conducao;Colisao com objeto estatico;Com Vitimas Feridas;Pleno dia;Nublado;Curva
sabado;CE;Defeito na Via;Tombamento;Com Vitimas Feridas;Pleno dia;Ceu Claro;Reta
sabado;ES;Defeito Mecanico no Veiculo;Saida de leito carrocavel;Com Vitimas Feridas;Pleno dia;Ceu Claro;Nao Informado
sabado;MT;Falta de Atencao Conducao;Colisao lateral;Com Vitimas Feridas;Anoitecer;Ceu Claro;Reta
sabado;PE;Mal Subito;Colisao com objeto estatico;Com Vitimas Fatais;Anoitecer;Nublado;Rotatoria
sabado;MG;Desobediencia nas normas de transito pelo condutor;Saida de leito carrocavel;Com Vitimas Feridas;Pleno dia;Sol;Curva
sabado;SC;Velocidade Incompativel;Saida de leito carrocavel;Com Vitimas Feridas;Pleno dia;Garoa/Chuvisco;Curva
sabado;SC;Velocidade Incompativel;Saida de leito carrocavel;Com Vitimas Feridas;Pleno dia;Garoa/Chuvisco;Curva
sabado;SC;Falta de Atencao Conducao;Colisao lateral;Com Vitimas Feridas;Pleno dia;Chuva;Nao Informado