dia_semana;uf;causa_acidente;tipo_acidente;classificacao_acidente;fase_dia;condicao_metereologica;tracado_via
sabado;PR;Falta de Atencao Conducao;Tombamento;Com Vitimas Feridas;Pleno dia;Nublado;Curva
sabado;SE;Falta de Atencao do Pedestre;Atropelamento de Pedestre;Com Vitimas Feridas;Plena Noite;Ceu Claro;Reta
sabado;RJ;Falta de Atencao Conducao;Colisao com objeto estatico;Sem Vitimas;Pleno dia;Sol;Curva
sabado;RN;Desobediencia nas normas de transito pelo condutor;Colisao transversal;Com Vitimas Feridas;Plena Noite;Ceu Claro;Intersecao de vias
sabado;PB;Ingestao de Alcool e/ou substancias psicoativas pelo pedestre;Colisao com objeto estatico;Com Vitimas Feridas;Anoitecer;Ceu Claro;Reta
sabado;RO;Desobediencia nas normas de transito pelo condutor;Colisao transversal;Com Vitimas Feridas;Pleno dia;Ceu Claro;Rotatoria
sabado;PB;Falta de Atencao Conducao;Queda de ocupante de veiculo;Com Vitimas Feridas;Plena Noite;Garoa/Chuvisco;Reta
sabado;MS;Ingestao de Alcool;Colisao frontal;Com Vitimas Feridas;Anoitecer;Nublado;Viaduto
sabado;RS;Ingestao de Alcool;Saida de leito carrocavel;Sem Vitimas;Pleno dia;Nublado;Curva
sabado;ES;Desobedincia nas normas de transito pelo pedestre;Atropelamento de Pedestre;Com Vitimas Feridas;Plena Noite;Ceu Claro;Nao Informado
sabado;RJ;Defeito Mecanico no Veiculo;Tombamento;Com Vitimas Feridas;Pleno dia;Ceu Claro;Curva
sabado;PI;Falta de Atencao Conducao;Colisao transversal;Com Vitimas Feridas;Anoitecer;Ceu Claro;Reta
sabado;BA;Desobediencia nas normas de transito pelo condutor;Atropelamento de Pedestre;Com Vitimas Feridas;Plena Noite;Ceu Claro;Reta
sabado;SP;Defeito Mecanico no Veiculo;Engavetamento;Sem Vitimas;Plena Noite;Ceu Claro;Reta
sabado;SE;Nao guardar distancia de seguranca;Tombamento;Com Vitimas Fatais;Plena Noite;Ceu Claro;Reta
sabado;MT;Sinalizacao da via insuficiente ou inadequada;Saida de leito carrocavel;Com Vitimas Feridas;Pleno dia;Ceu Claro;Curva
sabado;TO;Ingestao de Alcool;Colisao traseira;Sem Vitimas;Plena Noite;Nublado;Reta
sabado;PE;Desobediencia nas normas de transito pelo condutor;Colisao frontal;Com Vitimas Feridas;Plena Noite;Ceu Claro;Nao Informado
sabado;MG;Defeito na Via;Colisao frontal;Com Vitimas Feridas;Plena Noite;Ceu Claro;Curva
sabado;RR;Ingestao de Alcool;Colisao frontal;Com Vitimas Feridas;Plena Noite;Ceu Claro;Reta
sabado;SC;Falta de Atencao Conducao;Tombamento;Com Vitimas Feridas;Plena Noite;Ceu Claro;Reta
sabado;SP;Nao guardar distancia de seguranca;Colisao traseira;Com Vitimas Feridas;Plena Noite;Nublado;Reta
sabado;PR;Velocidade Incompativel;Colisao frontal;Com Vitimas Feridas;Pleno dia;Chuva;Curva
sabado;MA;Desobediencia nas normas de transito pelo condutor;Colisao lateral;Com Vitimas Feridas;Pleno dia;Ceu Claro;Reta
sabado;PE;Desobediencia nas normas de transito pelo condutor;Colisao frontal;Com Vitimas Feridas;Plena Noite;Ceu Claro;Reta
sabado;RN;Ingestao de Alcool;Atropelamento de Pedestre;Com Vitimas Feridas;Plena Noite;Ceu Claro;Reta
sabado;MT;Ingestao de Alcool;Atropelamento de Pedestre;Com Vitimas Feridas;Plena Noite;Ceu Claro;Reta
sabado;SP;Sinalizacao da via insuficiente ou inadequada;Colisao com objeto estatico;Com Vitimas Feridas;Plena Noite;Ceu Claro;Reta
sabado;SP;Defeito na Via;Tombamento;Com Vitimas Feridas;Plena Noite;Nublado;Reta
sabado;TO;Falta de Atencao Conducao;Colisao com objeto estatico;Com Vitimas Fatais;Plena Noite;Ceu Claro;Reta
sabado;PB;Falta de Atencao Conducao;Queda de ocupante de veiculo;Com Vitimas Feridas;Plena Noite;Ceu Claro;Nao Informado
segunda-feira;SP;Nao guardar distancia de seguranca;Colisao lateral;Com Vitimas Feridas;Pleno dia;Sol;Desvio Temporario
sabado;CE;Ingestao de Alcool;Colisao com objeto estatico;Sem Vitimas;Plena Noite;Nublado;Reta
sabado;SC;Falta de Atencao Conducao;Colisao traseira;Com Vitimas Feridas;Plena Noite;Chuva;Curva
sabado;RN;Falta de Atencao Conducao;Colisao com objeto estatico;Com Vitimas Fatais;Plena Noite;Ceu Claro;Curva
sabado;MT;Velocidade Incompativel;Capotamento;Com Vitimas Feridas;Plena Noite;Ceu Claro;Reta
sabado;RN;Animais na Pista;Atropelamento de Animal;Com Vitimas Feridas;Plena Noite;Ceu Claro;Nao Informado
sabado;SP;Falta de Atencao Conducao;Colisao traseira;Sem Vitimas;Plena Noite;Garoa/Chuvisco;Reta
sabado;SP;Ingestao de Alcool;Colisao traseira;Com Vitimas Feridas;Plena Noite;Chuva;Curva
sabado;SC;Falta de Atencao Conducao;Tombamento;Com Vitimas Feridas;Plena Noite;Chuva;Curva
sabado;SC;Falta de Atencao Conducao;Saida de leito carrocavel;Sem Vitimas;Anoitecer;Chuva;Curva
sabado;MG;Velocidade Incompativel;Colisao frontal;Com Vitimas Fatais;Pleno dia;Sol;Nao Informado
sabado;MS;Ingestao de Alcool;Colisao traseira;Sem Vitimas;Pleno dia;Ceu Claro;Reta
sabado;SP;Falta de Atencao Conducao;Queda de ocupante de veiculo;Com Vitimas Feridas;Plena Noite;Chuva;Reta
sabado;SC;Desobediencia nas normas de transito pelo condutor;Colisao lateral;Com Vitimas Feridas;Plena Noite;Nublado;Intersecao de vias
sabado;SC;Falta de Atencao Conducao;Colisao lateral;Com Vitimas Feridas;Anoitecer;Chuva;Nao Informado
sabado;PI;Fenomenos da Natureza;Colisao com objeto em movimento;Com Vitimas Feridas;Plena Noite;Garoa/Chuvisco;Reta
sabado;RJ;Agressao Externa;Colisao com objeto estatico;Com Vitimas Feridas;Pleno dia;Ceu Claro;Reta
sabado;SC;Falta de Atencao Conducao;Colisao transversal;Com Vitimas Feridas;Plena Noite;Ceu Claro;Intersecao de vias
sabado;GO;Ingestao de Alcool;Saida de leito carrocavel;Com Vitimas Feridas;Plena Noite;Ceu Claro;Nao Informado
sabado;PI;Desobediencia nas normas de transito pelo condutor;Colisao traseira;Com Vitimas Fatais;Pleno dia;Ceu Claro;Reta
sabado;BA;Ingestao de Alcool;Colisao traseira;Com Vitimas Fatais;Plena Noite;Ceu Claro;Reta
sabado;MG;Mal Subito;Saida de leito carrocavel;Com Vitimas Feridas;Plena Noite;Ceu Claro;Reta
domingo;SP;Falta de Atencao Conducao;Atropelamento de Pedestre;Com Vitimas Feridas;Plena Noite;Garoa/Chuvisco;Curva
domingo;GO;Agressao Externa;Colisao com objeto estatico;Sem Vitimas;Plena Noite;Ceu Claro;Desvio Temporario
domingo;SP;Nao guardar distancia de seguranca;Colisao traseira;Sem Vitimas;Plena Noite;Nublado;Reta
sabado;RS;Ingestao de Alcool;Colisao traseira;Com Vitimas Feridas;Plena Noite;Ceu Claro;Reta
domingo;PR;Ingestao de Alcool;Colisao frontal;Com Vitimas Feridas;Plena Noite;Ceu Claro;Reta
sabado;MG;Nao guardar distancia de seguranca;Colisao lateral;Sem Vitimas;Plena Noite;Ceu Claro;Reta
domingo;RN;Ingestao de Alcool;Colisao traseira;Com Vitimas Feridas;Plena Noite;Ceu Claro;Curva
sabado;CE;Sinalizacao da via insuficiente ou inadequada;Atropelamento de Pedestre;Com Vitimas Feridas;Plena Noite;Ceu Claro;Reta
domingo;CE;Ingestao de Alcool;Colisao traseira;Com Vitimas Feridas;Plena Noite;Ceu Claro;Reta
sabado;BA;Falta de Atencao Conducao;Colisao com objeto estatico;Sem Vitimas;Plena Noite;Ceu Claro;Reta
sabado;PE;Animais na Pista;Atropelamento de Animal;Sem Vitimas;Plena Noite;Chuva;Nao Informado
domingo;PR;Condutor Dormindo;Colisao com objeto estatico;Com Vitimas Feridas;Plena Noite;Nublado;Nao Informado
sabado;SC;Ingestao de Alcool;Colisao transversal;Com Vitimas Feridas;Plena Noite;Ceu Claro;Intersecao de vias
domingo;PE;Condutor Dormindo;Saida de leito carrocavel;Com Vitimas Fatais;Plena Noite;Nublado;Reta
sabado;PA;Desobediencia nas normas de transito pelo condutor;Colisao traseira;Com Vitimas Fatais;Plena Noite;Chuva;Reta
domingo;RS;Ingestao de Alcool;Saida de leito carrocavel;Sem Vitimas;Plena Noite;Ceu Claro;Curva
domingo;MT;Defeito na Via;Queda de ocupante de veiculo;Com Vitimas Feridas;Plena Noite;Ignorado;Desvio Temporario
domingo;SP;Falta de Atencao do Pedestre;Atropelamento de Pedestre;Com Vitimas Feridas;Plena Noite;Garoa/Chuvisco;Reta
sabado;PR;Falta de Atencao Conducao;Colisao com objeto estatico;Sem Vitimas;Plena Noite;Ceu Claro;Intersecao de vias
domingo;RJ;Defeito na Via;Tombamento;Com Vitimas Feridas;Pleno dia;Ceu Claro;Curva
domingo;PR;Falta de Atencao Conducao;Colisao com objeto estatico;Com Vitimas Feridas;Plena Noite;Nublado;Curva
domingo;SC;Velocidade Incompativel;Colisao com objeto estatico;Com Vitimas Feridas;Amanhecer;Ceu Claro;Curva
domingo;RS;Velocidade Incompativel;Saida de leito carrocavel;Com Vitimas Feridas;Plena Noite;Nublado;Nao Informado
domingo;RJ;Animais na Pista;Atropelamento de Animal;Com Vitimas Feridas;Plena Noite;Ignorado;Reta
domingo;SP;Velocidade Incompativel;Colisao traseira;Sem Vitimas;Plena Noite;Nublado;Curva
domingo;SP;Falta de Atencao Conducao;Queda de ocupante de veiculo;Com Vitimas Feridas;Plena Noite;Ceu Claro;Reta
domingo;MT;Ingestao de Alcool;Saida de leito carrocavel;Sem Vitimas;Amanhecer;Ceu Claro;Reta
domingo;MT;Falta de Atencao Conducao;Colisao frontal;Sem Vitimas;Amanhecer;Sol;Nao Informado
domingo;CE;Desobediencia nas normas de transito pelo condutor;Colisao lateral;Sem Vitimas;Plena Noite;Ceu Claro;Nao Informado
domingo;CE;Animais na Pista;Colisao com objeto estatico;Com Vitimas Fatais;Amanhecer;Ceu Claro;Reta
domingo;CE;Ingestao de Alcool e/ou substancias psicoativas pelo pedestre;Atropelamento de Pedestre;Com Vitimas Feridas;Amanhecer;Chuva;Reta
sabado;BA;Falta de Atencao Conducao;Colisao transversal;Com Vitimas Feridas;Pleno dia;Ceu Claro;Reta
domingo;CE;Desobediencia nas normas de transito pelo condutor;Colisao transversal;Com Vitimas Feridas;Pleno dia;Nublado;Reta
domingo;MG;Ingestao de Alcool;Saida de leito carrocavel;Com Vitimas Feridas;Plena Noite;Ceu Claro;Curva
domingo;MG;Ingestao de Alcool;Colisao com objeto estatico;Com Vitimas Feridas;Pleno dia;Chuva;Reta
domingo;PE;Falta de Atencao Conducao;Saida de leito carrocavel;Sem Vitimas;Pleno dia;Sol;Desvio Temporario
sabado;MG;Falta de Atencao Conducao;Saida de leito carrocavel;Sem Vitimas;Plena Noite;Ceu Claro;Nao Informado
domingo;PR;Animais na Pista;Atropelamento de Animal;Com Vitimas Feridas;Plena Noite;Nublado;Nao Informado
domingo;RO;Desobediencia nas normas de transito pelo condutor;Colisao transversal;Com Vitimas Fatais;Plena Noite;Garoa/Chuvisco;Reta
domingo;SP;Ingestao de Alcool;Colisao com objeto estatico;Com Vitimas Feridas;Amanhecer;Nublado;Reta
domingo;RR;Ingestao de Alcool e/ou substancias psicoativas pelo pedestre;Colisao traseira;Sem Vitimas;Plena Noite;Ceu Claro;Reta
domingo;MG;Falta de Atencao Conducao;Tombamento;Sem Vitimas;Pleno dia;Ceu Claro;Curva
domingo;SE;Velocidade Incompativel;Capotamento;Com Vitimas Feridas;Pleno dia;Nublado;Curva
domingo;DF;Falta de Atencao Conducao;Colisao lateral;Com Vitimas Feridas;Pleno dia;Sol;Reta
domingo;SC;Desobediencia nas normas de transito pelo condutor;Colisao lateral;Com Vitimas Feridas;Pleno dia;Ceu Claro;Reta
domingo;MG;Falta de Atencao Conducao;Capotamento;Com Vitimas Feridas;Amanhecer;Ceu Claro;Reta
domingo;PE;Falta de Atencao Conducao;Colisao frontal;Com Vitimas Feridas;Pleno dia;Ceu Claro;Curva
domingo;PR;Falta de Atencao Conducao;Colisao traseira;Com Vitimas Feridas;Pleno dia;Ceu Claro;Reta
domingo;PA;Ultrapassagem Indevida;Colisao frontal;Com Vitimas Fatais;Amanhecer;Nublado;Curva
domingo;MG;Velocidade Incompativel;Queda de ocupante de veiculo;Com Vitimas Feridas;Pleno dia;Ceu Claro;Curva
domingo;MS;Desobediencia nas normas de transito pelo condutor;Colisao frontal;Com Vitimas Fatais;Amanhecer;Nevoeiro/Neblina;Nao Informado
domingo;PB;Falta de Atencao Conducao;Queda de ocupante de veiculo;Com Vitimas Feridas;Pleno dia;Ceu Claro;Reta
domingo;GO;Velocidade Incompativel;Queda de ocupante de veiculo;Com Vitimas Feridas;Pleno dia;Ceu Claro;Curva
domingo;PI;Defeito Mecanico no Veiculo;Tombamento;Sem Vitimas;Amanhecer;Ceu Claro;Curva
domingo;TO;Ultrapassagem Indevida;Colisao frontal;Com Vitimas Feridas;Pleno dia;Nublado;Nao Informado
sabado;MG;Nao guardar distancia de seguranca;Colisao traseira;Com Vitimas Feridas;Pleno dia;Ceu Claro;Curva
domingo;MG;Defeito Mecanico no Veiculo;Tombamento;Com Vitimas Feridas;Pleno dia;Ceu Claro;Nao Informado
domingo;PE;Velocidade Incompativel;Colisao com objeto estatico;Sem Vitimas;Pleno dia;Sol;Curva
domingo;SC;Falta de Atencao Conducao;Colisao com objeto estatico;Com Vitimas Feridas;Pleno dia;Ceu Claro;Reta
domingo;MG;Velocidade Incompativel;Saida de leito carrocavel;Com Vitimas Feridas;Pleno dia;Chuva;Curva
domingo;SC;Velocidade Incompativel;Colisao com objeto estatico;Com Vitimas Feridas;Pleno dia;Nublado;Reta
domingo;RS;Nao guardar distancia de seguranca;Colisao lateral;Sem Vitimas;Pleno dia;Sol;Reta
domingo;SP;Nao guardar distancia de seguranca;Colisao traseira;Com Vitimas Feridas;Pleno dia;Sol;Curva
domingo;GO;Defeito Mecanico no Veiculo;Queda de ocupante de veiculo;Com Vitimas Feridas;Pleno dia;Ceu Claro;Reta
domingo;AL;Carga excessiva e/ou mal acondicionada;Tombamento;Sem Vitimas;Pleno dia;Garoa/Chuvisco;Curva
domingo;PR;Desobediencia nas normas de transito pelo condutor;Colisao transversal;Sem Vitimas;Pleno dia;Nublado;Intersecao de vias
domingo;RS;Ultrapassagem Indevida;Colisao lateral;Sem Vitimas;Pleno dia;Ceu Claro;Reta
domingo;MS;Falta de Atencao Conducao;Saida de leito carrocavel;Com Vitimas Feridas;Pleno dia;Ceu Claro;Reta
domingo;MT;Falta de Atencao Conducao;Saida de leito carrocavel;Com Vitimas Feridas;Amanhecer;Ceu Claro;Curva
domingo;MT;Defeito Mecanico no Veiculo;Incendio;Sem Vitimas;Pleno dia;Nublado;Reta
domingo;MA;Condutor Dormindo;Colisao frontal;Com Vitimas Feridas;Pleno dia;Sol;Reta
domingo;ES;Falta de Atencao Conducao;Colisao transversal;Com Vitimas Feridas;Pleno dia;Ceu Claro;Reta
domingo;SC;Velocidade Incompativel;Tombamento;Sem Vitimas;Pleno dia;Ceu Claro;Curva
domingo;ES;Desobediencia nas normas de transito pelo condutor;Colisao transversal;Com Vitimas Feridas;Pleno dia;Ceu Claro;Reta
domingo;PE;Condutor Dormindo;Capotamento;Com Vitimas Feridas;Pleno dia;Nublado;Curva
domingo;SC;Falta de Atencao Conducao;Saida de leito carrocavel;Sem Vitimas;Pleno dia;Nublado;Curva
domingo;PR;Pista Escorregadia;Saida de leito carrocavel;Com Vitimas Feridas;Pleno dia;Chuva;Curva
domingo;GO;Defeito Mecanico no Veiculo;Incendio;Sem Vitimas;Pleno dia;Ceu Claro;Curva
domingo;SC;Nao guardar distancia de seguranca;Colisao traseira;Com Vitimas Feridas;Pleno dia;Nublado;Reta
domingo;SC;Falta de Atencao Conducao;Colisao lateral;Com Vitimas Feridas;Pleno dia;Nublado;Reta
domingo;SP;Falta de Atencao Conducao;Queda de ocupante de veiculo;Com Vitimas Feridas;Pleno dia;Nublado;Nao Informado
domingo;PI;Ultrapassagem Indevida;Colisao traseira;Com Vitimas Feridas;Pleno dia;Ceu Claro;Reta
domingo;PB;Velocidade Incompativel;Colisao traseira;Com Vitimas Fatais;Pleno dia;Sol;Reta
domingo;SC;Desobediencia nas normas de transito pelo condutor;Colisao transversal;Com Vitimas Feridas;Pleno dia;Ceu Claro;Intersecao de vias
domingo;ES;Ingestao de Alcool;Capotamento;Com Vitimas Feridas;Pleno dia;Ceu Claro;Reta
domingo;MG;Defeito na Via;Capotamento;Com Vitimas Feridas;Pleno dia;Sol;Reta
quinta-feira;ES;Condutor Dormindo;Capotamento;Sem Vitimas;Pleno dia;Ceu Claro;Reta
domingo;SP;Defeito Mecanico no Veiculo;Colisao traseira;Com Vitimas Feridas;Pleno dia;Ceu Claro;Reta
domingo;PR;Falta de Atencao Conducao;Colisao lateral;Com Vitimas Feridas;Pleno dia;Ceu Claro;Reta
domingo;SP;Defeito Mecanico no Veiculo;Colisao com objeto estatico;Com Vitimas Feridas;Pleno dia;Ceu Claro;Reta
domingo;MT;Ingestao de Alcool;Colisao frontal;Com Vitimas Feridas;Amanhecer;Ceu Claro;Reta
domingo;PR;Falta de Atencao Conducao;Saida de leito carrocavel;Sem Vitimas;Pleno dia;Garoa/Chuvisco;Reta
domingo;MS;Desobediencia nas normas de transito pelo condutor;Colisao frontal;Com Vitimas Fatais;Pleno dia;Ceu Claro;Reta
domingo;GO;Mal Subito;Capotamento;Com Vitimas Feridas;Pleno dia;Ceu Claro;Curva
domingo;CE;Falta de Atencao Conducao;Colisao traseira;Com Vitimas Feridas;Pleno dia;Ceu Claro;Reta
domingo;PR;Velocidade Incompativel;Tombamento;Com Vitimas Feridas;Pleno dia;Ceu Claro;Rotatoria
domingo;PR;Falta de Atencao Conducao;Capotamento;Com Vitimas Fatais;Pleno dia;Ceu Claro;Curva
domingo;PE;Falta de Atencao Conducao;Colisao com objeto estatico;Sem Vitimas;Pleno dia;Ceu Claro;Reta
domingo;SC;Desobediencia nas normas de transito pelo condutor;Colisao traseira;Com Vitimas Feridas;Pleno dia;Ceu Claro;Reta
domingo;MG;Falta de Atencao Conducao;Saida de leito carrocavel;Com Vitimas Feridas;Pleno dia;Ceu Claro;Reta
domingo;SP;Nao guardar distancia de seguranca;Colisao traseira;Com Vitimas Feridas;Pleno dia;Nublado;Reta
domingo;AL;Desobediencia nas normas de transito pelo condutor;Colisao transversal;Com Vitimas Feridas;Pleno dia;Ceu Claro;Curva
domingo;GO;Avarias e/ou desgaste excessivo no pneu;Saida de leito carrocavel;Com Vitimas Feridas;Pleno dia;Sol;Reta
domingo;SC;Pista Escorregadia;Tombamento;Com Vitimas Feridas;Pleno dia;Ceu Claro;Curva
quinta-feira;RJ;Falta de Atencao Conducao;Colisao traseira;Sem Vitimas;Pleno dia;Ceu Claro;Reta
domingo;GO;Falta de Atencao Conducao;Colisao traseira;Com Vitimas Feridas;Pleno dia;Ceu Claro;Reta
domingo;DF;Falta de Atencao Conducao;Colisao lateral;Com Vitimas Feridas;Pleno dia;Nublado;Reta
domingo;MG;Condutor Dormindo;Saida de leito carrocavel;Com Vitimas Feridas;Pleno dia;Sol;Reta
domingo;MG;Velocidade Incompativel;Tombamento;Sem Vitimas;Pleno dia;Ceu Claro;Curva
domingo;MG;Velocidade Incompativel;Colisao com objeto estatico;Com Vitimas Feridas;Pleno dia;Chuva;Curva
domingo;SP;Condutor Dormindo;Colisao traseira;Com Vitimas Feridas;Pleno dia;Ceu Claro;Reta
domingo;MG;Nao guardar distancia de seguranca;Saida de leito carrocavel;Com Vitimas Feridas;Pleno dia;Ceu Claro;Reta
domingo;SC;Falta de Atencao Conducao;Colisao transversal;Com Vitimas Feridas;Pleno dia;Ceu Claro;Intersecao de vias
domingo;SP;Pista Escorregadia;Saida de leito carrocavel;Com Vitimas Feridas;Pleno dia;Chuva;Curva
domingo;CE;Pista Escorregadia;Saida de leito carrocavel;Com Vitimas Feridas;Pleno dia;Chuva;Reta
domingo;BA;Falta de Atencao do Pedestre;Atropelamento de Pedestre;Com Vitimas Feridas;Pleno dia;Ceu Claro;Reta
domingo;PE;Falta de Atencao Conducao;Colisao transversal;Sem Vitimas;Pleno dia;Ceu Claro;Curva
domingo;SC;Falta de Atencao Conducao;Colisao traseira;Com Vitimas Feridas;Pleno dia;Ceu Claro;Reta
domingo;PR;Falta de Atencao Conducao;Queda de ocupante de veiculo;Com Vitimas Feridas;Pleno dia;Nublado;Desvio Temporario
domingo;MG;Velocidade Incompativel;Colisao traseira;Com Vitimas Feridas;Pleno dia;Ceu Claro;Curva
domingo;PE;Falta de Atencao Conducao;Colisao traseira;Com Vitimas Feridas;Pleno dia;Ceu Claro;Nao Informado
domingo;SC;Falta de Atencao Conducao;Colisao traseira;Com Vitimas Feridas;Pleno dia;Ceu Claro;Reta
domingo;SP;Nao guardar distancia de seguranca;Colisao traseira;Com Vitimas Feridas;Anoitecer;Nublado;Reta
domingo;RN;Mal Subito;Saida de leito carrocavel;Com Vitimas Feridas;Pleno dia;Sol;Reta
domingo;RJ;Avarias e/ou desgaste excessivo no pneu;Colisao frontal;Com Vitimas Feridas;Anoitecer;Ceu Claro;Reta
domingo;PE;Ingestao de Alcool;Saida de leito carrocavel;Com Vitimas Feridas;Pleno dia;Ceu Claro;Nao Informado
domingo;MA;Velocidade Incompativel;Saida de leito carrocavel;Com Vitimas Feridas;Pleno dia;Ceu Claro;Reta
domingo;PR;Falta de Atencao Conducao;Saida de leito carrocavel;Com Vitimas Feridas;Pleno dia;Nublado;Curva
domingo;SC;Desobediencia nas normas de transito pelo condutor;Colisao traseira;Com Vitimas Feridas;Pleno dia;Nublado;Reta
domingo;SC;Desobediencia nas normas de transito pelo condutor;Colisao traseira;Com Vitimas Feridas;Pleno dia;Ceu Claro;Reta
domingo;MG;Condutor Dormindo;Colisao lateral;Com Vitimas Feridas;Pleno dia;Ceu Claro;Curva
domingo;SP;Defeito Mecanico no Veiculo;Tombamento;Com Vitimas Feridas;Pleno dia;Nublado;Reta
domingo;PB;Falta de Atencao do Pedestre;Atropelamento de Pedestre;Com Vitimas Feridas;Anoitecer;Ceu Claro;Intersecao de vias
domingo;PE;Defeito na Via;Queda de ocupante de veiculo;Com Vitimas Feridas;Anoitecer;Ceu Claro;Curva
domingo;GO;Falta de Atencao Conducao;Saida de leito carrocavel;Com Vitimas Feridas;Pleno dia;Sol;Reta
domingo;PR;Ultrapassagem Indevida;Colisao frontal;Com Vitimas Feridas;Pleno dia;Ceu Claro;Reta
domingo;RR;Velocidade Incompativel;Colisao traseira;Com Vitimas Feridas;Pleno dia;Ceu Claro;Nao Informado
domingo;RJ;Fenomenos da Natureza;Colisao transversal;Com Vitimas Feridas;Anoitecer;Chuva;Curva
domingo;BA;Falta de Atencao Conducao;Colisao transversal;Com Vitimas Feridas;Pleno dia;Sol;Intersecao de vias
domingo;SC;Velocidade Incompativel;Saida de leito carrocavel;Com Vitimas Feridas;Anoitecer;Nublado;Curva
domingo;ES;Falta de Atencao Conducao;Colisao traseira;Com Vitimas Feridas;Anoitecer;Ceu Claro;Reta
domingo;MG;Falta de Atencao Conducao;Capotamento;Com Vitimas Feridas;Pleno dia;Chuva;Reta
domingo;SC;Ingestao de Alcool;Colisao traseira;Com Vitimas Feridas;Pleno dia;Garoa/Chuvisco;Reta
domingo;MG;Defeito Mecanico no Veiculo;Incendio;Sem Vitimas;Pleno dia;Sol;Nao Informado
domingo;SC;Nao guardar distancia de seguranca;Colisao lateral;Com Vitimas Feridas;Pleno dia;Nublado;Reta
domingo;PE;Falta de Atencao Conducao;Colisao traseira;Com Vitimas Feridas;Plena Noite;Ceu Claro;Intersecao de vias
domingo;MG;Ingestao de Alcool;Colisao com objeto estatico;Sem Vitimas;Pleno dia;Ceu Claro;Reta
domingo;GO;Velocidade Incompativel;Colisao com objeto estatico;Sem Vitimas;Plena Noite;Chuva;Rotatoria
domingo;MA;Falta de Atencao Conducao;Colisao traseira;Com Vitimas Feridas;Pleno dia;Sol;Reta
domingo;MG;Falta de Atencao Conducao;Atropelamento de Pedestre;Com Vitimas Feridas;Plena Noite;Chuva;Reta
domingo;RS;Ingestao de Alcool;Saida de leito carrocavel;Sem Vitimas;Pleno dia;Ceu Claro;Reta
domingo;PE;Falta de Atencao Conducao;Atropelamento de Pedestre;Sem Vitimas;Plena Noite;Ceu Claro;Reta
domingo;SC;Falta de Atencao Conducao;Tombamento;Sem Vitimas;Plena Noite;Ceu Claro;Reta
domingo;MG;Velocidade Incompativel;Colisao frontal;Com Vitimas Fatais;Anoitecer;Chuva;Nao Informado
domingo;MG;Defeito Mecanico no Veiculo;Tombamento;Com Vitimas Feridas;Plena Noite;Ceu Claro;Reta
domingo;RJ;Nao guardar distancia de seguranca;Colisao lateral;Com Vitimas Feridas;Plena Noite;Ceu Claro;Reta
domingo;SP;Desobediencia nas normas de transito pelo condutor;Tombamento;Com Vitimas Feridas;Anoitecer;Ceu Claro;Reta
domingo;MG;Falta de Atencao Conducao;Colisao transversal;Com Vitimas Feridas;Plena Noite;Chuva;Reta
domingo;DF;Agressao Externa;Saida de leito carrocavel;Com Vitimas Feridas;Plena Noite;Ceu Claro;Reta
domingo;PE;Falta de Atencao Conducao;Colisao com objeto estatico;Com Vitimas Feridas;Plena Noite;Ceu Claro;Nao Informado
domingo;GO;Desobediencia nas normas de transito pelo condutor;Colisao transversal;Com Vitimas Feridas;Plena Noite;Nublado;Intersecao de vias
domingo;CE;Ultrapassagem Indevida;Capotamento;Com Vitimas Feridas;Plena Noite;Ceu Claro;Reta
domingo;PA;Ingestao de Alcool;Colisao transversal;Com Vitimas Feridas;Anoitecer;Ceu Claro;Reta
domingo;PR;Falta de Atencao Conducao;Queda de ocupante de veiculo;Com Vitimas Feridas;Plena Noite;Chuva;Reta
domingo;GO;Falta de Atencao Conducao;Queda de ocupante de veiculo;Com Vitimas Feridas;Plena Noite;Nublado;Reta
domingo;RN;Desobediencia nas normas de transito pelo condutor;Colisao frontal;Com Vitimas Feridas;Plena Noite;Nublado;Reta
domingo;RJ;Avarias e/ou desgaste excessivo no pneu;Queda de ocupante de veiculo;Com Vitimas Feridas;Plena Noite;Chuva;Reta
domingo;MG;Ingestao de Alcool;Colisao com objeto estatico;Sem Vitimas;Plena Noite;Ceu Claro;Reta
domingo;PR;Falta de Atencao Conducao;Danos eventuais;Sem Vitimas;Pleno dia;Ceu Claro;Reta
domingo;PR;Ingestao de Alcool;Saida de leito carrocavel;Com Vitimas Feridas;Plena Noite;Chuva;Reta
domingo;MG;Defeito Mecanico no Veiculo;Incendio;Sem Vitimas;Plena Noite;Nublado;Curva
domingo;SC;Ingestao de Alcool;Colisao frontal;Com Vitimas Feridas;Plena Noite;Nublado;Reta
domingo;SP;Velocidade Incompativel;Tombamento;Sem Vitimas;Plena Noite;Nublado;Nao Informado
domingo;AC;Defeito na Via;Queda de ocupante de veiculo;Com Vitimas Feridas;Plena Noite;Ceu Claro;Reta
domingo;DF;Ingestao de Alcool;Colisao lateral;Com Vitimas Feridas;Plena Noite;Ceu Claro;Nao Informado
domingo;MT;Desobediencia nas normas de transito pelo condutor;Colisao transversal;Com Vitimas Feridas;Pleno dia;Ceu Claro;Reta