dia_semana;uf;causa_acidente;tipo_acidente;classificacao_acidente;fase_dia;condicao_metereologica;tracado_via
sabado;BA;Animais na Pista;Atropelamento de Animal;Com Vitimas Feridas;Amanhecer;Ignorado;Reta
sexta-feira;RJ;Falta de Atencao Conducao;Colisao traseira;Sem Vitimas;Pleno dia;Ceu Claro;Reta
sexta-feira;MT;Mal Subito;Colisao traseira;Com Vitimas Feridas;Amanhecer;Ceu Claro;Reta
sexta-feira;SC;Ingestao de Alcool;Colisao com objeto estatico;Sem Vitimas;Plena Noite;Ceu Claro;Curva
sexta-feira;PE;Falta de Atencao Conducao;Colisao traseira;Com Vitimas Feridas;Pleno dia;Sol;Curva
sexta-feira;RJ;Falta de Atencao Conducao;Colisao traseira;Com Vitimas Feridas;Pleno dia;Ceu Claro;Reta
sexta-feira;PE;Defeito Mecanico no Veiculo;Colisao lateral;Sem Vitimas;Pleno dia;Ceu Claro;Reta
quinta-feira;MA;Ultrapassagem Indevida;Saida de leito carrocavel;Com Vitimas Feridas;Plena Noite;Ceu Claro;Reta
sexta-feira;SP;Condutor Dormindo;Colisao com objeto estatico;Com Vitimas Fatais;Pleno dia;Ceu Claro;Reta
sexta-feira;PI;Desobediencia nas normas de transito pelo condutor;Colisao transversal;Com Vitimas Fatais;Pleno dia;Sol;Reta
sexta-feira;CE;Desobediencia nas normas de transito pelo condutor;Colisao traseira;Com Vitimas Feridas;Pleno dia;Ceu Claro;Reta
quinta-feira;MG;Defeito Mecanico no Veiculo;Queda de ocupante de veiculo;Com Vitimas Feridas;Pleno dia;Ceu Claro;Reta
sexta-feira;PR;Desobediencia nas normas de transito pelo condutor;Colisao transversal;Com Vitimas Feridas;Pleno dia;Ceu Claro;Reta
sexta-feira;PR;Falta de Atencao Conducao;Colisao transversal;Com Vitimas Feridas;Pleno dia;Ceu Claro;Rotatoria
sexta-feira;SC;Falta de Atencao Conducao;Colisao traseira;Com Vitimas Fatais;Plena Noite;Ceu Claro;Reta
sexta-feira;PR;Nao guardar distancia de seguranca;Colisao traseira;Com Vitimas Feridas;Pleno dia;Sol;Reta
sexta-feira;PB;Falta de Atencao Conducao;Colisao transversal;Com Vitimas Feridas;Pleno dia;Ceu Claro;Nao Informado
sexta-feira;MT;Falta de Atencao Conducao;Colisao traseira;Com Vitimas Feridas;Pleno dia;Ceu Claro;Reta
sexta-feira;GO;Falta de Atencao Conducao;Colisao transversal;Com Vitimas Feridas;Pleno dia;Ceu Claro;Reta
sexta-feira;MS;Mal Subito;Colisao traseira;Com Vitimas Feridas;Pleno dia;Ceu Claro;Reta
sexta-feira;PR;Restricao de Visibilidade;Atropelamento de Pedestre;Com Vitimas Fatais;Plena Noite;Garoa/Chuvisco;Reta
sabado;MT;Falta de Atencao Conducao;Colisao lateral;Com Vitimas Feridas;Pleno dia;Ceu Claro;Reta
sexta-feira;AL;Defeito Mecanico no Veiculo;Tombamento;Sem Vitimas;Pleno dia;Ceu Claro;Reta
sexta-feira;ES;Falta de Atencao Conducao;Colisao lateral;Com Vitimas Feridas;Pleno dia;Ceu Claro;Reta
sexta-feira;PA;Velocidade Incompativel;Saida de leito carrocavel;Sem Vitimas;Amanhecer;Ceu Claro;Nao Informado
sexta-feira;CE;Falta de Atencao Conducao;Colisao transversal;Com Vitimas Feridas;Pleno dia;Chuva;Reta
sexta-feira;RJ;Falta de Atencao Conducao;Colisao lateral;Com Vitimas Feridas;Pleno dia;Ceu Claro;Curva
sexta-feira;BA;Desobediencia nas normas de transito pelo condutor;Colisao traseira;Com Vitimas Feridas;Pleno dia;Sol;Reta
sexta-feira;RR;Desobediencia nas normas de transito pelo condutor;Colisao frontal;Com Vitimas Feridas;Pleno dia;Ceu Claro;Reta
domingo;RJ;Falta de Atencao Conducao;Capotamento;Sem Vitimas;Pleno dia;Ceu Claro;Curva
sexta-feira;CE;Pista Escorregadia;Queda de ocupante de veiculo;Com Vitimas Feridas;Pleno dia;Chuva;Reta
sexta-feira;MG;Falta de Atencao Conducao;Colisao traseira;Com Vitimas Feridas;Pleno dia;Ceu Claro;Reta
domingo;PR;Velocidade Incompativel;Saida de leito carrocavel;Com Vitimas Feridas;Anoitecer;Ceu Claro;Curva
sexta-feira;SC;Avarias e/ou desgaste excessivo no pneu;Saida de leito carrocavel;Sem Vitimas;Pleno dia;Ceu Claro;Reta
sexta-feira;SC;Nao guardar distancia de seguranca;Engavetamento;Com Vitimas Feridas;Pleno dia;Sol;Nao Informado
sexta-feira;PR;Falta de Atencao Conducao;Colisao lateral;Com Vitimas Feridas;Pleno dia;Ceu Claro;Nao Informado
sexta-feira;AC;Falta de Atencao Conducao;Colisao lateral;Com Vitimas Fatais;Pleno dia;Ceu Claro;Rotatoria
sexta-feira;AC;Falta de Atencao Conducao;Colisao transversal;Com Vitimas Feridas;Pleno dia;Ceu Claro;Rotatoria
sexta-feira;MT;Falta de Atencao Conducao;Colisao lateral;Com Vitimas Feridas;Pleno dia;Chuva;Curva
sexta-feira;MT;Defeito Mecanico no Veiculo;Colisao frontal;Com Vitimas Fatais;Amanhecer;Nublado;Curva
sexta-feira;ES;Falta de Atencao Conducao;Colisao transversal;Com Vitimas Feridas;Pleno dia;Ceu Claro;Retorno Regulamentado
sexta-feira;GO;Velocidade Incompativel;Tombamento;Com Vitimas Feridas;Pleno dia;Ceu Claro;Nao Informado
sexta-feira;SC;Falta de Atencao Conducao;Colisao traseira;Com Vitimas Feridas;Pleno dia;Nublado;Reta
sexta-feira;PE;Nao guardar distancia de seguranca;Colisao transversal;Com Vitimas Feridas;Pleno dia;Ceu Claro;Reta
sexta-feira;BA;Velocidade Incompativel;Capotamento;Com Vitimas Feridas;Pleno dia;Ceu Claro;Reta
sexta-feira;RJ;Desobediencia nas normas de transito pelo condutor;Colisao transversal;Com Vitimas Feridas;Pleno dia;Ceu Claro;Reta
sexta-feira;CE;Falta de Atencao Conducao;Colisao traseira;Com Vitimas Feridas;Pleno dia;Ceu Claro;Curva
sexta-feira;SE;Ultrapassagem Indevida;Colisao frontal;Com Vitimas Fatais;Pleno dia;Ceu Claro;Reta
sexta-feira;RS;Condutor Dormindo;Colisao frontal;Com Vitimas Feridas;Pleno dia;Sol;Reta
quarta-feira;MA;Falta de Atencao Conducao;Colisao frontal;Com Vitimas Feridas;Pleno dia;Nublado;Reta
sexta-feira;PE;Nao guardar distancia de seguranca;Colisao traseira;Com Vitimas Feridas;Pleno dia;Ceu Claro;Nao Informado
quarta-feira;BA;Falta de Atencao Conducao;Colisao frontal;Com Vitimas Feridas;Anoitecer;Ceu Claro;Reta
sexta-feira;PE;Falta de Atencao Conducao;Colisao transversal;Com Vitimas Feridas;Pleno dia;Sol;Reta
sexta-feira;RJ;Falta de Atencao Conducao;Colisao lateral;Com Vitimas Feridas;Pleno dia;Ceu Claro;Reta
sexta-feira;RS;Falta de Atencao Conducao;Engavetamento;Com Vitimas Feridas;Pleno dia;Ceu Claro;Viaduto
sexta-feira;PE;Falta de Atencao Conducao;Saida de leito carrocavel;Com Vitimas Feridas;Pleno dia;Ceu Claro;Curva
sexta-feira;PR;Falta de Atencao Conducao;Colisao transversal;Com Vitimas Feridas;Pleno dia;Sol;Nao Informado
sexta-feira;MG;Desobediencia nas normas de transito pelo condutor;Colisao traseira;Sem Vitimas;Pleno dia;Ceu Claro;Reta
sexta-feira;PA;Falta de Atencao Conducao;Colisao lateral;Com Vitimas Feridas;Pleno dia;Ceu Claro;Curva
sexta-feira;RS;Falta de Atencao Conducao;Colisao transversal;Com Vitimas Feridas;Pleno dia;Ceu Claro;Intersecao de vias
sexta-feira;SC;Desobediencia nas normas de transito pelo condutor;Colisao traseira;Com Vitimas Feridas;Pleno dia;Ceu Claro;Reta
sexta-feira;PA;Avarias e/ou desgaste excessivo no pneu;Saida de leito carrocavel;Com Vitimas Feridas;Pleno dia;Chuva;Curva
sexta-feira;RS;Velocidade Incompativel;Colisao traseira;Com Vitimas Feridas;Pleno dia;Sol;Curva
sexta-feira;CE;Nao guardar distancia de seguranca;Colisao traseira;Com Vitimas Feridas;Pleno dia;Ceu Claro;Curva
sexta-feira;PE;Desobediencia nas normas de transito pelo condutor;Colisao frontal;Com Vitimas Feridas;Pleno dia;Ceu Claro;Reta
sexta-feira;RN;Falta de Atencao Conducao;Colisao traseira;Com Vitimas Feridas;Pleno dia;Sol;Reta
sexta-feira;PB;Nao guardar distancia de seguranca;Engavetamento;Com Vitimas Feridas;Pleno dia;Sol;Nao Informado
sexta-feira;RN;Nao guardar distancia de seguranca;Engavetamento;Sem Vitimas;Pleno dia;Ceu Claro;Ponte
sexta-feira;ES;Carga excessiva e/ou mal acondicionada;Tombamento;Com Vitimas Feridas;Pleno dia;Ceu Claro;Curva
sexta-feira;PR;Carga excessiva e/ou mal acondicionada;Derramamento de carga;Com Vitimas Feridas;Pleno dia;Sol;Reta
sexta-feira;RS;Velocidade Incompativel;Saida de leito carrocavel;Com Vitimas Feridas;Pleno dia;Ceu Claro;Curva
sexta-feira;TO;Falta de Atencao Conducao;Saida de leito carrocavel;Com Vitimas Feridas;Pleno dia;Ceu Claro;Reta
sexta-feira;CE;Falta de Atencao Conducao;Colisao transversal;Com Vitimas Feridas;Pleno dia;Ceu Claro;Intersecao de vias
sexta-feira;GO;Falta de Atencao Conducao;Saida de leito carrocavel;Com Vitimas Feridas;Pleno dia;Ceu Claro;Curva
sexta-feira;ES;Falta de Atencao Conducao;Colisao transversal;Com Vitimas Feridas;Pleno dia;Ceu Claro;Intersecao de vias
sexta-feira;CE;Nao guardar distancia de seguranca;Engavetamento;Sem Vitimas;Pleno dia;Ceu Claro;Reta
sexta-feira;RJ;Falta de Atencao Conducao;Colisao com objeto estatico;Com Vitimas Feridas;Pleno dia;Chuva;Curva
sexta-feira;RJ;Nao guardar distancia de seguranca;Colisao traseira;Com Vitimas Feridas;Pleno dia;Ceu Claro;Reta
sexta-feira;MG;Velocidade Incompativel;Saida de leito carrocavel;Com Vitimas Feridas;Pleno dia;Chuva;Curva
sexta-feira;SP;Nao guardar distancia de seguranca;Colisao traseira;Com Vitimas Feridas;Pleno dia;Ceu Claro;Curva
sexta-feira;SP;Condutor Dormindo;Colisao traseira;Com Vitimas Feridas;Pleno dia;Nublado;Nao Informado
sexta-feira;RS;Condutor Dormindo;Saida de leito carrocavel;Com Vitimas Feridas;Pleno dia;Ceu Claro;Nao Informado
sexta-feira;MG;Falta de Atencao Conducao;Capotamento;Com Vitimas Feridas;Pleno dia;Ceu Claro;Reta
sexta-feira;SP;Falta de Atencao Conducao;Colisao traseira;Com Vitimas Feridas;Pleno dia;Chuva;Reta
sexta-feira;PI;Falta de Atencao do Pedestre;Atropelamento de Pedestre;Com Vitimas Feridas;Pleno dia;Ceu Claro;Reta
sexta-feira;SP;Pista Escorregadia;Colisao com objeto estatico;Sem Vitimas;Pleno dia;Chuva;Curva
sexta-feira;ES;Falta de Atencao Conducao;Colisao traseira;Com Vitimas Feridas;Pleno dia;Ceu Claro;Nao Informado
sexta-feira;SP;Carga excessiva e/ou mal acondicionada;Derramamento de carga;Sem Vitimas;Pleno dia;Ceu Claro;Curva
sexta-feira;BA;Velocidade Incompativel;Saida de leito carrocavel;Com Vitimas Feridas;Pleno dia;Chuva;Curva
sexta-feira;SC;Desobediencia nas normas de transito pelo condutor;Atropelamento de Pedestre;Com Vitimas Feridas;Pleno dia;Nublado;Reta
sexta-feira;SC;Falta de Atencao Conducao;Colisao lateral;Com Vitimas Feridas;Pleno dia;Nublado;Curva
sexta-feira;MA;Falta de Atencao Conducao;Colisao transversal;Sem Vitimas;Pleno dia;Garoa/Chuvisco;Reta
sexta-feira;CE;Ingestao de Alcool;Colisao traseira;Com Vitimas Feridas;Pleno dia;Sol;Reta
sexta-feira;SC;Desobediencia nas normas de transito pelo condutor;Colisao transversal;Com Vitimas Feridas;Pleno dia;Ceu Claro;Curva
sexta-feira;MT;Desobediencia nas normas de transito pelo condutor;Colisao traseira;Com Vitimas Feridas;Pleno dia;Ceu Claro;Retorno Regulamentado
sexta-feira;RS;Defeito Mecanico no Veiculo;Incendio;Sem Vitimas;Pleno dia;Ceu Claro;Reta
sexta-feira;PR;Nao guardar distancia de seguranca;Colisao traseira;Com Vitimas Feridas;Pleno dia;Garoa/Chuvisco;Nao Informado
sexta-feira;RS;Desobediencia nas normas de transito pelo condutor;Colisao frontal;Com Vitimas Feridas;Pleno dia;Ceu Claro;Reta
sexta-feira;SC;Falta de Atencao Conducao;Colisao lateral;Com Vitimas Feridas;Pleno dia;Ceu Claro;Viaduto
sexta-feira;PR;Pista Escorregadia;Danos eventuais;Sem Vitimas;Pleno dia;Garoa/Chuvisco;Curva
sexta-feira;PB;Falta de Atencao Conducao;Engavetamento;Sem Vitimas;Pleno dia;Ceu Claro;Viaduto
sexta-feira;RN;Desobediencia nas normas de transito pelo condutor;Colisao traseira;Com Vitimas Feridas;Anoitecer;Ceu Claro;Viaduto
sexta-feira;PB;Nao guardar distancia de seguranca;Colisao traseira;Com Vitimas Feridas;Pleno dia;Ceu Claro;Reta
sexta-feira;PR;Velocidade Incompativel;Saida de leito carrocavel;Sem Vitimas;Pleno dia;Nublado;Reta
sexta-feira;BA;Desobediencia nas normas de transito pelo condutor;Saida de leito carrocavel;Com Vitimas Feridas;Pleno dia;Ceu Claro;Curva
sexta-feira;RR;Ingestao de Alcool;Colisao traseira;Com Vitimas Feridas;Pleno dia;Ceu Claro;Reta
sexta-feira;PB;Falta de Atencao Conducao;Colisao traseira;Com Vitimas Feridas;Pleno dia;Ceu Claro;Viaduto
sexta-feira;SC;Nao guardar distancia de seguranca;Colisao traseira;Com Vitimas Feridas;Pleno dia;Nublado;Nao Informado
sexta-feira;SC;Desobediencia nas normas de transito pelo condutor;Colisao transversal;Com Vitimas Feridas;Pleno dia;Chuva;Curva
sexta-feira;SP;Falta de Atencao do Pedestre;Tombamento;Com Vitimas Feridas;Pleno dia;Chuva;Reta
sexta-feira;PB;Falta de Atencao Conducao;Colisao lateral;Com Vitimas Feridas;Anoitecer;Ceu Claro;Retorno Regulamentado
sexta-feira;SP;Velocidade Incompativel;Tombamento;Com Vitimas Feridas;Pleno dia;Nublado;Reta
sexta-feira;PR;Defeito Mecanico no Veiculo;Queda de ocupante de veiculo;Com Vitimas Feridas;Pleno dia;Ceu Claro;Reta
sexta-feira;SC;Falta de Atencao Conducao;Tombamento;Com Vitimas Feridas;Pleno dia;Ceu Claro;Reta
sexta-feira;SP;Pista Escorregadia;Colisao com objeto estatico;Com Vitimas Feridas;Plena Noite;Chuva;Reta
sexta-feira;SC;Velocidade Incompativel;Colisao traseira;Com Vitimas Feridas;Pleno dia;Ceu Claro;Reta
sexta-feira;GO;Ingestao de Alcool;Colisao com objeto estatico;Sem Vitimas;Pleno dia;Sol;Nao Informado
sexta-feira;ES;Nao guardar distancia de seguranca;Engavetamento;Com Vitimas Feridas;Pleno dia;Ceu Claro;Nao Informado
segunda-feira;BA;Falta de Atencao Conducao;Saida de leito carrocavel;Com Vitimas Feridas;Plena Noite;Ceu Claro;Nao Informado
sexta-feira;MG;Animais na Pista;Saida de leito carrocavel;Com Vitimas Feridas;Pleno dia;Ceu Claro;Desvio Temporario
sexta-feira;MA;Pista Escorregadia;Colisao lateral;Com Vitimas Feridas;Pleno dia;Chuva;Reta
sexta-feira;RN;Animais na Pista;Atropelamento de Animal;Com Vitimas Feridas;Plena Noite;Ceu Claro;Reta
sexta-feira;MA;Ingestao de Alcool;Colisao lateral;Com Vitimas Feridas;Pleno dia;Nublado;Reta
sexta-feira;ES;Desobediencia nas normas de transito pelo condutor;Colisao lateral;Com Vitimas Feridas;Plena Noite;Ceu Claro;Reta
sexta-feira;RJ;Pista Escorregadia;Colisao lateral;Com Vitimas Feridas;Anoitecer;Chuva;Curva
sexta-feira;SC;Falta de Atencao Conducao;Colisao lateral;Com Vitimas Feridas;Anoitecer;Ceu Claro;Reta
sexta-feira;MT;Avarias e/ou desgaste excessivo no pneu;Saida de leito carrocavel;Com Vitimas Feridas;Anoitecer;Ceu Claro;Reta
sexta-feira;PE;Ingestao de Alcool;Colisao traseira;Com Vitimas Feridas;Anoitecer;Ceu Claro;Reta
sexta-feira;MS;Restricao de Visibilidade;Colisao traseira;Com Vitimas Feridas;Anoitecer;Sol;Reta
sexta-feira;PR;Velocidade Incompativel;Saida de leito carrocavel;Sem Vitimas;Anoitecer;Chuva;Curva
sexta-feira;SP;Falta de Atencao Conducao;Tombamento;Com Vitimas Feridas;Plena Noite;Nublado;Reta
sexta-feira;CE;Animais na Pista;Atropelamento de Animal;Com Vitimas Feridas;Plena Noite;Ceu Claro;Reta
sexta-feira;RJ;Nao guardar distancia de seguranca;Colisao lateral;Com Vitimas Feridas;Plena Noite;Chuva;Desvio Temporario
sexta-feira;SC;Desobediencia nas normas de transito pelo condutor;Colisao lateral;Com Vitimas Feridas;Plena Noite;Nublado;Reta
sexta-feira;PI;Defeito Mecanico no Veiculo;Saida de leito carrocavel;Com Vitimas Feridas;Pleno dia;Nublado;Reta
sexta-feira;AC;Nao guardar distancia de seguranca;Colisao traseira;Com Vitimas Feridas;Anoitecer;Ceu Claro;Reta
sexta-feira;MT;Falta de Atencao Conducao;Capotamento;Com Vitimas Feridas;Pleno dia;Chuva;Desvio Temporario
sexta-feira;MT;Falta de Atencao Conducao;Colisao transversal;Sem Vitimas;Pleno dia;Chuva;Curva
sexta-feira;SC;Falta de Atencao Conducao;Colisao lateral;Com Vitimas Feridas;Plena Noite;Ceu Claro;Reta
sexta-feira;PR;Falta de Atencao Conducao;Colisao traseira;Com Vitimas Fatais;Plena Noite;Ceu Claro;Reta
sexta-feira;PR;Avarias e/ou desgaste excessivo no pneu;Queda de ocupante de veiculo;Com Vitimas Feridas;Plena Noite;Nublado;Reta
sexta-feira;SC;Desobedincia nas normas de transito pelo pedestre;Atropelamento de Pedestre;Com Vitimas Feridas;Plena Noite;Nublado;Nao Informado
sexta-feira;RS;Avarias e/ou desgaste excessivo no pneu;Tombamento;Com Vitimas Feridas;Plena Noite;Ceu Claro;Reta
sexta-feira;BA;Velocidade Incompativel;Colisao frontal;Com Vitimas Fatais;Plena Noite;Ceu Claro;Curva
quinta-feira;PI;Falta de Atencao Conducao;Tombamento;Sem Vitimas;Amanhecer;Ceu Claro;Curva
sexta-feira;PA;Ingestao de Alcool;Colisao transversal;Sem Vitimas;Anoitecer;Ceu Claro;Reta
sexta-feira;PI;Desobediencia nas normas de transito pelo condutor;Colisao transversal;Com Vitimas Feridas;Plena Noite;Chuva;Intersecao de vias
sexta-feira;BA;Falta de Atencao Conducao;Colisao lateral;Com Vitimas Feridas;Plena Noite;Ceu Claro;Reta
sexta-feira;MT;Falta de Atencao Conducao;Colisao traseira;Com Vitimas Feridas;Pleno dia;Chuva;Curva
sexta-feira;SC;Falta de Atencao Conducao;Colisao transversal;Com Vitimas Feridas;Plena Noite;Nublado;Reta
sexta-feira;SC;Desobediencia nas normas de transito pelo condutor;Colisao lateral;Com Vitimas Feridas;Plena Noite;Ceu Claro;Curva
sexta-feira;MG;Falta de Atencao Conducao;Colisao traseira;Com Vitimas Feridas;Pleno dia;Chuva;Reta
sexta-feira;SE;Falta de Atencao Conducao;Tombamento;Com Vitimas Feridas;Plena Noite;Ceu Claro;Reta
sexta-feira;CE;Condutor Dormindo;Saida de leito carrocavel;Com Vitimas Feridas;Pleno dia;Ceu Claro;Reta
sexta-feira;MG;Defeito Mecanico no Veiculo;Incendio;Sem Vitimas;Pleno dia;Ceu Claro;Nao Informado
sexta-feira;MG;Falta de Atencao Conducao;Saida de leito carrocavel;Com Vitimas Feridas;Plena Noite;Ceu Claro;Nao Informado
sexta-feira;SP;Condutor Dormindo;Colisao com objeto estatico;Com Vitimas Feridas;Plena Noite;Nublado;Reta
sexta-feira;MG;Falta de Atencao do Pedestre;Atropelamento de Pedestre;Com Vitimas Feridas;Plena Noite;Ceu Claro;Curva
sexta-feira;PE;Animais na Pista;Atropelamento de Animal;Com Vitimas Fatais;Plena Noite;Ceu Claro;Reta
sabado;SC;Ingestao de Alcool e/ou substancias psicoativas pelo pedestre;Colisao com objeto estatico;Com Vitimas Feridas;Plena Noite;Nublado;Reta
sexta-feira;MG;Falta de Atencao Conducao;Colisao traseira;Com Vitimas Feridas;Pleno dia;Nublado;Reta
sexta-feira;MG;Falta de Atencao Conducao;Colisao transversal;Com Vitimas Feridas;Pleno dia;Ceu Claro;Curva
sabado;RN;Animais na Pista;Atropelamento de Animal;Com Vitimas Feridas;Plena Noite;Ceu Claro;Reta
sexta-feira;MG;Ingestao de Alcool;Colisao lateral;Com Vitimas Feridas;Plena Noite;Nublado;Curva
sabado;RS;Ingestao de Alcool e/ou substancias psicoativas pelo pedestre;Colisao lateral;Sem Vitimas;Plena Noite;Ceu Claro;Reta
sexta-feira;MG;Ingestao de Alcool e/ou substancias psicoativas pelo pedestre;Atropelamento de Pedestre;Com Vitimas Feridas;Plena Noite;Ceu Claro;Reta
sabado;PA;Avarias e/ou desgaste excessivo no pneu;Tombamento;Com Vitimas Feridas;Plena Noite;Nublado;Intersecao de vias
sexta-feira;MG;Velocidade Incompativel;Saida de leito carrocavel;Com Vitimas Fatais;Pleno dia;Chuva;Nao Informado
sexta-feira;RO;Desobediencia nas normas de transito pelo condutor;Colisao lateral;Com Vitimas Feridas;Plena Noite;Ceu Claro;Reta
sabado;SC;Ingestao de Alcool;Saida de leito carrocavel;Sem Vitimas;Plena Noite;Ceu Claro;Curva
sabado;RJ;Falta de Atencao Conducao;Colisao transversal;Com Vitimas Feridas;Plena Noite;Ceu Claro;Reta
sabado;RJ;Velocidade Incompativel;Tombamento;Sem Vitimas;Plena Noite;Chuva;Retorno Regulamentado
sabado;SP;Falta de Atencao Conducao;Capotamento;Com Vitimas Feridas;Plena Noite;Nublado;Reta
sabado;SC;Ingestao de Alcool;Colisao frontal;Com Vitimas Feridas;Plena Noite;Nublado;Reta
sexta-feira;AM;Falta de Atencao Conducao;Colisao traseira;Com Vitimas Feridas;Plena Noite;Chuva;Reta
sabado;RN;Ingestao de Alcool;Colisao frontal;Com Vitimas Feridas;Amanhecer;Chuva;Reta
quarta-feira;PB;Nao guardar distancia de seguranca;Colisao traseira;Sem Vitimas;Pleno dia;Ceu Claro;Reta
sabado;MG;Animais na Pista;Atropelamento de Animal;Com Vitimas Feridas;Plena Noite;Ceu Claro;Curva
sabado;MS;Defeito Mecanico no Veiculo;Tombamento;Com Vitimas Feridas;Plena Noite;Ceu Claro;Reta
sabado;PR;Condutor Dormindo;Saida de leito carrocavel;Sem Vitimas;Plena Noite;Nublado;Reta
sabado;RS;Falta de Atencao do Pedestre;Atropelamento de Pedestre;Com Vitimas Fatais;Plena Noite;Ceu Claro;Reta
sabado;PB;Animais na Pista;Atropelamento de Animal;Com Vitimas Feridas;Plena Noite;Ceu Claro;Reta
sabado;MG;Ingestao de Alcool;Saida de leito carrocavel;Sem Vitimas;Amanhecer;Chuva;Reta
sabado;MG;Animais na Pista;Atropelamento de Animal;Com Vitimas Feridas;Pleno dia;Ceu Claro;Reta
sabado;PB;Velocidade Incompativel;Saida de leito carrocavel;Com Vitimas Feridas;Pleno dia;Chuva;Curva
sabado;PE;Falta de Atencao Conducao;Colisao traseira;Com Vitimas Feridas;Plena Noite;Nublado;Reta
sabado;MG;Falta de Atencao Conducao;Colisao frontal;Com Vitimas Feridas;Amanhecer;Ceu Claro;Curva
sexta-feira;BA;Ultrapassagem Indevida;Colisao frontal;Com Vitimas Feridas;Plena Noite;Ceu Claro;Curva
sabado;RS;Nao guardar distancia de seguranca;Colisao traseira;Sem Vitimas;Pleno dia;Sol;Reta
sabado;RS;Falta de Atencao Conducao;Colisao lateral;Com Vitimas Feridas;Amanhecer;Ceu Claro;Rotatoria
sabado;SC;Falta de Atencao Conducao;Saida de leito carrocavel;Com Vitimas Feridas;Amanhecer;Ceu Claro;Reta
sabado;MG;Velocidade Incompativel;Colisao frontal;Com Vitimas Feridas;Pleno dia;Ceu Claro;Curva
sabado;SC;Falta de Atencao Conducao;Colisao traseira;Sem Vitimas;Plena Noite;Ceu Claro;Reta
sabado;PR;Desobediencia nas normas de transito pelo condutor;Colisao traseira;Com Vitimas Feridas;Pleno dia;Nublado;Reta
sexta-feira;PR;Falta de Atencao Conducao;Saida de leito carrocavel;Com Vitimas Feridas;Plena Noite;Ceu Claro;Reta
sexta-feira;RS;Falta de Atencao Conducao;Saida de leito carrocavel;Com Vitimas Feridas;Anoitecer;Ceu Claro;Reta
sabado;PR;Defeito Mecanico no Veiculo;Incendio;Sem Vitimas;Pleno dia;Ceu Claro;Curva
sabado;MA;Defeito na Via;Tombamento;Sem Vitimas;Plena Noite;Chuva;Reta
sabado;PI;Falta de Atencao Conducao;Queda de ocupante de veiculo;Com Vitimas Feridas;Pleno dia;Ceu Claro;Reta
sabado;PR;Falta de Atencao Conducao;Saida de leito carrocavel;Sem Vitimas;Plena Noite;Ceu Claro;Reta
sabado;PE;Falta de Atencao Conducao;Saida de leito carrocavel;Com Vitimas Feridas;Pleno dia;Chuva;Curva
sabado;RS;Falta de Atencao Conducao;Colisao lateral;Com Vitimas Feridas;Pleno dia;Ceu Claro;Reta
sabado;PR;Falta de Atencao Conducao;Colisao transversal;Com Vitimas Feridas;Pleno dia;Ceu Claro;Intersecao de vias
sabado;PE;Falta de Atencao Conducao;Colisao transversal;Com Vitimas Feridas;Pleno dia;Sol;Nao Informado
sabado;MG;Pista Escorregadia;Colisao com objeto estatico;Com Vitimas Feridas;Pleno dia;Chuva;Curva
sabado;RN;Falta de Atencao Conducao;Colisao traseira;Com Vitimas Feridas;Pleno dia;Ceu Claro;Curva
sabado;PR;Falta de Atencao Conducao;Colisao lateral;Com Vitimas Feridas;Pleno dia;Ceu Claro;Reta
segunda-feira;SP;Velocidade Incompativel;Capotamento;Com Vitimas Feridas;Pleno dia;Chuva;Curva
sabado;PE;Velocidade Incompativel;Tombamento;Com Vitimas Feridas;Pleno dia;Ceu Claro;Curva
sabado;MS;Falta de Atencao do Pedestre;Atropelamento de Pedestre;Com Vitimas Feridas;Plena Noite;Nublado;Curva
sabado;MG;Defeito Mecanico no Veiculo;Incendio;Sem Vitimas;Pleno dia;Ceu Claro;Nao Informado
sabado;MG;Condutor Dormindo;Saida de leito carrocavel;Com Vitimas Feridas;Plena Noite;Chuva;Reta
sabado;MG;Pista Escorregadia;Queda de ocupante de veiculo;Com Vitimas Feridas;Pleno dia;Ceu Claro;Curva
sabado;RJ;Desobediencia nas normas de transito pelo condutor;Colisao transversal;Com Vitimas Feridas;Pleno dia;Ceu Claro;Reta
sabado;MG;Velocidade Incompativel;Colisao com objeto estatico;Com Vitimas Feridas;Pleno dia;Ceu Claro;Nao Informado
sabado;BA;Falta de Atencao Conducao;Colisao transversal;Com Vitimas Feridas;Pleno dia;Ceu Claro;Reta
sabado;SC;Falta de Atencao Conducao;Tombamento;Com Vitimas Feridas;Pleno dia;Ceu Claro;Curva
sabado;SP;Falta de Atencao Conducao;Queda de ocupante de veiculo;Com Vitimas Feridas;Pleno dia;Ceu Claro;Reta
sabado;PR;Avarias e/ou desgaste excessivo no pneu;Saida de leito carrocavel;Com Vitimas Feridas;Pleno dia;Sol;Curva
sabado;PI;Ingestao de Alcool;Colisao traseira;Com Vitimas Feridas;Pleno dia;Sol;Rotatoria
sabado;SP;Velocidade Incompativel;Colisao com objeto estatico;Com Vitimas Feridas;Pleno dia;Chuva;Curva
sabado;RS;Velocidade Incompativel;Saida de leito carrocavel;Com Vitimas Fatais;Amanhecer;Ceu Claro;Reta
sabado;PR;Velocidade Incompativel;Tombamento;Com Vitimas Feridas;Pleno dia;Ceu Claro;Nao Informado