dia_semana;uf;causa_acidente;tipo_acidente;classificacao_acidente;fase_dia;condicao_metereologica;tracado_via
quarta-feira;DF;Desobediencia nas normas de transito pelo condutor;Colisao lateral;Com Vitimas Feridas;Pleno dia;Ceu Claro;Nao Informado
quarta-feira;SC;Defeito Mecanico no Veiculo;Saida de leito carrocavel;Com Vitimas Feridas;Pleno dia;Sol;Reta
quarta-feira;SC;Velocidade Incompativel;Saida de leito carrocavel;Sem Vitimas;Pleno dia;Ceu Claro;Curva
quarta-feira;MT;Desobediencia nas normas de transito pelo condutor;Colisao lateral;Com Vitimas Feridas;Pleno dia;Sol;Rotatoria
quarta-feira;RN;Falta de Atencao Conducao;Colisao lateral;Sem Vitimas;Pleno dia;Ceu Claro;Curva
quarta-feira;SC;Agressao Externa;Saida de leito carrocavel;Com Vitimas Feridas;Pleno dia;Sol;Reta
quarta-feira;AC;Falta de Atencao Conducao;Colisao lateral;Com Vitimas Feridas;Pleno dia;Ceu Claro;Rotatoria
quarta-feira;CE;Falta de Atencao Conducao;Colisao lateral;Com Vitimas Feridas;Pleno dia;Ceu Claro;Reta
quarta-feira;MG;Desobediencia nas normas de transito pelo condutor;Colisao lateral;Com Vitimas Feridas;Pleno dia;Ceu Claro;Intersecao de vias
quarta-feira;RN;Desobediencia nas normas de transito pelo condutor;Colisao transversal;Com Vitimas Feridas;Pleno dia;Ceu Claro;Reta
quarta-feira;RJ;Ultrapassagem Indevida;Colisao lateral;Sem Vitimas;Pleno dia;Sol;Reta
quarta-feira;SP;Avarias e/ou desgaste excessivo no pneu;Queda de ocupante de veiculo;Com Vitimas Feridas;Pleno dia;Ceu Claro;Reta
quarta-feira;RN;Falta de Atencao Conducao;Engavetamento;Com Vitimas Feridas;Pleno dia;Ceu Claro;Reta
quarta-feira;RN;Velocidade Incompativel;Colisao com objeto estatico;Com Vitimas Fatais;Pleno dia;Ceu Claro;Desvio Temporario
quarta-feira;RO;Falta de Atencao Conducao;Colisao traseira;Com Vitimas Feridas;Pleno dia;Nublado;Retorno Regulamentado
quarta-feira;CE;Nao guardar distancia de seguranca;Colisao traseira;Com Vitimas Feridas;Pleno dia;Ceu Claro;Reta
quarta-feira;GO;Desobediencia nas normas de transito pelo condutor;Colisao transversal;Com Vitimas Feridas;Pleno dia;Ceu Claro;Reta
quarta-feira;MG;Animais na Pista;Colisao traseira;Com Vitimas Feridas;Pleno dia;Ceu Claro;Desvio Temporario
quarta-feira;PR;Velocidade Incompativel;Tombamento;Com Vitimas Feridas;Pleno dia;Ceu Claro;Nao Informado
quarta-feira;MG;Nao guardar distancia de seguranca;Colisao traseira;Com Vitimas Feridas;Pleno dia;Ceu Claro;Nao Informado
quarta-feira;MG;Velocidade Incompativel;Saida de leito carrocavel;Com Vitimas Feridas;Pleno dia;Ceu Claro;Reta
quarta-feira;ES;Falta de Atencao Conducao;Colisao lateral;Com Vitimas Feridas;Pleno dia;Ceu Claro;Reta
quarta-feira;RJ;Falta de Atencao Conducao;Colisao transversal;Com Vitimas Fatais;Pleno dia;Ceu Claro;Reta
quarta-feira;ES;Desobediencia nas normas de transito pelo condutor;Colisao transversal;Com Vitimas Feridas;Pleno dia;Ceu Claro;Intersecao de vias
quarta-feira;ES;Falta de Atencao Conducao;Colisao transversal;Com Vitimas Feridas;Pleno dia;Ceu Claro;Reta
quarta-feira;PR;Velocidade Incompativel;Colisao com objeto estatico;Com Vitimas Feridas;Pleno dia;Ceu Claro;Nao Informado
quarta-feira;SP;Falta de Atencao Conducao;Capotamento;Com Vitimas Feridas;Pleno dia;Sol;Curva
quarta-feira;RJ;Nao guardar distancia de seguranca;Colisao traseira;Com Vitimas Feridas;Pleno dia;Ceu Claro;Reta
quarta-feira;PR;Falta de Atencao do Pedestre;Colisao transversal;Com Vitimas Feridas;Pleno dia;Ceu Claro;Reta
quarta-feira;MG;Falta de Atencao do Pedestre;Atropelamento de Pedestre;Com Vitimas Feridas;Pleno dia;Nublado;Reta
quarta-feira;SC;Falta de Atencao Conducao;Colisao traseira;Com Vitimas Feridas;Pleno dia;Ceu Claro;Reta
quarta-feira;MT;Pista Escorregadia;Saida de leito carrocavel;Com Vitimas Feridas;Pleno dia;Chuva;Curva
quarta-feira;RS;Nao guardar distancia de seguranca;Engavetamento;Com Vitimas Feridas;Pleno dia;Ceu Claro;Reta
quarta-feira;RO;Nao guardar distancia de seguranca;Colisao traseira;Com Vitimas Feridas;Pleno dia;Ceu Claro;Reta
quarta-feira;PR;Defeito Mecanico no Veiculo;Colisao traseira;Sem Vitimas;Pleno dia;Ceu Claro;Nao Informado
quarta-feira;PA;Desobediencia nas normas de transito pelo condutor;Colisao transversal;Com Vitimas Feridas;Pleno dia;Chuva;Reta
quarta-feira;RO;Falta de Atencao Conducao;Saida de leito carrocavel;Sem Vitimas;Pleno dia;Ceu Claro;Reta
quarta-feira;GO;Defeito Mecanico no Veiculo;Incendio;Sem Vitimas;Pleno dia;Ceu Claro;Intersecao de vias
quarta-feira;ES;Falta de Atencao Conducao;Colisao traseira;Com Vitimas Feridas;Pleno dia;Ceu Claro;Reta
quarta-feira;SC;Nao guardar distancia de seguranca;Colisao traseira;Com Vitimas Feridas;Pleno dia;Ceu Claro;Reta
quarta-feira;PE;Nao guardar distancia de seguranca;Colisao lateral;Com Vitimas Feridas;Plena Noite;Nublado;Reta
quarta-feira;SP;Falta de Atencao Conducao;Saida de leito carrocavel;Com Vitimas Feridas;Pleno dia;Ceu Claro;Nao Informado
quarta-feira;CE;Desobediencia nas normas de transito pelo condutor;Colisao frontal;Com Vitimas Fatais;Plena Noite;Ceu Claro;Desvio Temporario
quarta-feira;SP;Falta de Atencao Conducao;Colisao traseira;Sem Vitimas;Pleno dia;Chuva;Curva
quarta-feira;MG;Falta de Atencao Conducao;Colisao transversal;Com Vitimas Feridas;Pleno dia;Nublado;Intersecao de vias
quarta-feira;SC;Nao guardar distancia de seguranca;Colisao traseira;Com Vitimas Feridas;Anoitecer;Nublado;Reta
quarta-feira;PE;Ingestao de Alcool e/ou substancias psicoativas pelo pedestre;Atropelamento de Pedestre;Com Vitimas Feridas;Plena Noite;Ceu Claro;Curva
quarta-feira;SC;Falta de Atencao Conducao;Colisao transversal;Com Vitimas Feridas;Pleno dia;Ceu Claro;Intersecao de vias
quarta-feira;ES;Velocidade Incompativel;Tombamento;Com Vitimas Feridas;Plena Noite;Ceu Claro;Curva
quarta-feira;ES;Defeito Mecanico no Veiculo;Saida de leito carrocavel;Com Vitimas Feridas;Anoitecer;Ceu Claro;Reta
quarta-feira;GO;Falta de Atencao Conducao;Colisao lateral;Com Vitimas Feridas;Pleno dia;Ceu Claro;Reta
quarta-feira;PR;Falta de Atencao Conducao;Colisao traseira;Com Vitimas Feridas;Plena Noite;Garoa/Chuvisco;Reta
quarta-feira;SC;Desobediencia nas normas de transito pelo condutor;Colisao transversal;Com Vitimas Feridas;Anoitecer;Ceu Claro;Intersecao de vias
quarta-feira;DF;Desobediencia nas normas de transito pelo condutor;Colisao traseira;Com Vitimas Feridas;Plena Noite;Ceu Claro;Reta
quarta-feira;CE;Pista Escorregadia;Saida de leito carrocavel;Com Vitimas Feridas;Pleno dia;Chuva;Curva
quarta-feira;BA;Falta de Atencao Conducao;Colisao transversal;Com Vitimas Feridas;Anoitecer;Ceu Claro;Intersecao de vias
quarta-feira;MG;Desobediencia nas normas de transito pelo condutor;Colisao frontal;Com Vitimas Feridas;Plena Noite;Ceu Claro;Reta
quarta-feira;PE;Desobediencia nas normas de transito pelo condutor;Colisao lateral;Com Vitimas Feridas;Anoitecer;Ceu Claro;Reta
quarta-feira;BA;Nao guardar distancia de seguranca;Colisao traseira;Com Vitimas Feridas;Pleno dia;Sol;Reta
quarta-feira;RJ;Falta de Atencao Conducao;Colisao com objeto estatico;Sem Vitimas;Pleno dia;Sol;Curva
quarta-feira;MT;Avarias e/ou desgaste excessivo no pneu;Saida de leito carrocavel;Com Vitimas Feridas;Anoitecer;Nublado;Curva
quarta-feira;MG;Nao guardar distancia de seguranca;Colisao lateral;Com Vitimas Feridas;Plena Noite;Ceu Claro;Curva
quarta-feira;GO;Avarias e/ou desgaste excessivo no pneu;Queda de ocupante de veiculo;Com Vitimas Feridas;Pleno dia;Sol;Reta
quarta-feira;SC;Falta de Atencao Conducao;Atropelamento de Pedestre;Com Vitimas Feridas;Pleno dia;Sol;Reta
quarta-feira;PR;Falta de Atencao Conducao;Queda de ocupante de veiculo;Com Vitimas Feridas;Anoitecer;Ceu Claro;Reta
quarta-feira;RO;Desobediencia nas normas de transito pelo condutor;Colisao frontal;Com Vitimas Feridas;Pleno dia;Nublado;Reta
quarta-feira;PR;Velocidade Incompativel;Colisao com objeto estatico;Sem Vitimas;Plena Noite;Garoa/Chuvisco;Nao Informado
quarta-feira;PE;Defeito Mecanico no Veiculo;Incendio;Sem Vitimas;Plena Noite;Ceu Claro;Reta
quarta-feira;PR;Desobediencia nas normas de transito pelo condutor;Colisao traseira;Com Vitimas Feridas;Pleno dia;Ceu Claro;Reta
quarta-feira;RS;Falta de Atencao Conducao;Colisao frontal;Com Vitimas Feridas;Plena Noite;Ceu Claro;Retorno Regulamentado
quarta-feira;SP;Ingestao de Alcool;Colisao frontal;Sem Vitimas;Plena Noite;Ceu Claro;Intersecao de vias
quarta-feira;PR;Falta de Atencao Conducao;Colisao traseira;Com Vitimas Feridas;Pleno dia;Ceu Claro;Reta
quarta-feira;PR;Nao guardar distancia de seguranca;Colisao traseira;Sem Vitimas;Pleno dia;Ceu Claro;Reta
quarta-feira;PR;Falta de Atencao Conducao;Engavetamento;Com Vitimas Feridas;Pleno dia;Ceu Claro;Curva
quarta-feira;ES;Falta de Atencao Conducao;Colisao frontal;Com Vitimas Feridas;Plena Noite;Ceu Claro;Reta
quarta-feira;GO;Defeito Mecanico no Veiculo;Incendio;Com Vitimas Feridas;Plena Noite;Ceu Claro;Reta
quarta-feira;DF;Velocidade Incompativel;Colisao traseira;Sem Vitimas;Plena Noite;Ceu Claro;Reta
quarta-feira;SC;Falta de Atencao Conducao;Colisao transversal;Com Vitimas Feridas;Plena Noite;Nublado;Intersecao de vias
quarta-feira;MG;Nao guardar distancia de seguranca;Colisao com objeto estatico;Com Vitimas Feridas;Plena Noite;Ceu Claro;Reta
quarta-feira;RO;Nao guardar distancia de seguranca;Colisao traseira;Com Vitimas Feridas;Plena Noite;Nublado;Reta
quarta-feira;RO;Defeito na Via;Queda de ocupante de veiculo;Com Vitimas Feridas;Plena Noite;Nublado;Intersecao de vias
quarta-feira;RN;Restricao de Visibilidade;Atropelamento de Pedestre;Com Vitimas Feridas;Plena Noite;Ceu Claro;Reta
quarta-feira;RJ;Velocidade Incompativel;Colisao com objeto estatico;Com Vitimas Feridas;Plena Noite;Ceu Claro;Reta
quinta-feira;SP;Desobedincia nas normas de transito pelo pedestre;Atropelamento de Pedestre;Com Vitimas Fatais;Plena Noite;Ceu Claro;Reta
quarta-feira;MA;Ultrapassagem Indevida;Colisao traseira;Com Vitimas Feridas;Plena Noite;Chuva;Curva
quinta-feira;MG;Defeito Mecanico no Veiculo;Saida de leito carrocavel;Com Vitimas Feridas;Plena Noite;Ceu Claro;Reta
quarta-feira;SP;Falta de Atencao Conducao;Incendio;Sem Vitimas;Anoitecer;Ceu Claro;Reta
quarta-feira;PE;Falta de Atencao do Pedestre;Atropelamento de Pedestre;Com Vitimas Fatais;Plena Noite;Ceu Claro;Reta
quinta-feira;SC;Velocidade Incompativel;Tombamento;Com Vitimas Feridas;Plena Noite;Ceu Claro;Rotatoria
quinta-feira;ES;Desobediencia nas normas de transito pelo condutor;Colisao frontal;Com Vitimas Feridas;Plena Noite;Ceu Claro;Curva
quarta-feira;MT;Falta de Atencao Conducao;Colisao traseira;Com Vitimas Feridas;Anoitecer;Ceu Claro;Reta
quarta-feira;SC;Desobediencia nas normas de transito pelo condutor;Colisao lateral;Com Vitimas Feridas;Plena Noite;Ceu Claro;Viaduto
quinta-feira;DF;Falta de Atencao Conducao;Colisao traseira;Com Vitimas Feridas;Pleno dia;Ceu Claro;Nao Informado
quinta-feira;PR;Defeito Mecanico no Veiculo;Saida de leito carrocavel;Com Vitimas Fatais;Plena Noite;Ignorado;Curva
quinta-feira;MS;Condutor Dormindo;Colisao frontal;Com Vitimas Feridas;Amanhecer;Ceu Claro;Reta
quinta-feira;MG;Velocidade Incompativel;Tombamento;Com Vitimas Feridas;Pleno dia;Ceu Claro;Nao Informado
quinta-feira;CE;Carga excessiva e/ou mal acondicionada;Derramamento de carga;Sem Vitimas;Amanhecer;Ceu Claro;Reta
quinta-feira;DF;Falta de Atencao Conducao;Colisao traseira;Com Vitimas Feridas;Pleno dia;Ceu Claro;Reta
quinta-feira;PR;Falta de Atencao Conducao;Queda de ocupante de veiculo;Com Vitimas Feridas;Amanhecer;Ceu Claro;Intersecao de vias
quinta-feira;PR;Falta de Atencao Conducao;Colisao traseira;Com Vitimas Feridas;Pleno dia;Ceu Claro;Desvio Temporario
quinta-feira;MG;Velocidade Incompativel;Tombamento;Sem Vitimas;Pleno dia;Ceu Claro;Curva
quinta-feira;BA;Falta de Atencao Conducao;Colisao lateral;Com Vitimas Feridas;Pleno dia;Ceu Claro;Reta
quinta-feira;RO;Velocidade Incompativel;Colisao transversal;Com Vitimas Feridas;Pleno dia;Ceu Claro;Reta
quinta-feira;RS;Nao guardar distancia de seguranca;Engavetamento;Com Vitimas Feridas;Pleno dia;Sol;Viaduto
quinta-feira;ES;Desobediencia nas normas de transito pelo condutor;Colisao transversal;Com Vitimas Feridas;Pleno dia;Ceu Claro;Nao Informado
quinta-feira;PE;Nao guardar distancia de seguranca;Colisao traseira;Com Vitimas Feridas;Pleno dia;Ceu Claro;Intersecao de vias
quinta-feira;PR;Falta de Atencao Conducao;Colisao traseira;Com Vitimas Feridas;Pleno dia;Ceu Claro;Reta
quinta-feira;RJ;Defeito na Via;Colisao traseira;Sem Vitimas;Pleno dia;Ceu Claro;Reta
quinta-feira;PI;Falta de Atencao Conducao;Tombamento;Com Vitimas Feridas;Pleno dia;Nublado;Reta
quinta-feira;GO;Falta de Atencao Conducao;Colisao transversal;Com Vitimas Feridas;Pleno dia;Ceu Claro;Reta
quinta-feira;PR;Nao guardar distancia de seguranca;Engavetamento;Com Vitimas Feridas;Pleno dia;Ceu Claro;Nao Informado
quinta-feira;PE;Velocidade Incompativel;Saida de leito carrocavel;Com Vitimas Feridas;Amanhecer;Ceu Claro;Reta
quinta-feira;PR;Falta de Atencao Conducao;Colisao traseira;Com Vitimas Feridas;Pleno dia;Sol;Reta
quinta-feira;AL;Pista Escorregadia;Tombamento;Com Vitimas Feridas;Pleno dia;Ceu Claro;Intersecao de vias
quinta-feira;PR;Falta de Atencao Conducao;Colisao lateral;Com Vitimas Feridas;Pleno dia;Sol;Nao Informado
quinta-feira;PR;Nao guardar distancia de seguranca;Engavetamento;Sem Vitimas;Pleno dia;Ceu Claro;Reta
quinta-feira;MG;Falta de Atencao Conducao;Colisao frontal;Com Vitimas Fatais;Pleno dia;Ceu Claro;Reta
quinta-feira;SP;Falta de Atencao Conducao;Colisao transversal;Com Vitimas Feridas;Pleno dia;Ceu Claro;Intersecao de vias
sexta-feira;BA;Velocidade Incompativel;Tombamento;Com Vitimas Fatais;Pleno dia;Ceu Claro;Reta
quinta-feira;MT;Falta de Atencao Conducao;Colisao lateral;Sem Vitimas;Pleno dia;Ceu Claro;Curva
quinta-feira;PR;Desobediencia nas normas de transito pelo condutor;Colisao transversal;Com Vitimas Feridas;Pleno dia;Ceu Claro;Intersecao de vias
quinta-feira;MG;Defeito Mecanico no Veiculo;Colisao traseira;Com Vitimas Feridas;Pleno dia;Ceu Claro;Reta
quinta-feira;PR;Nao guardar distancia de seguranca;Colisao traseira;Com Vitimas Feridas;Pleno dia;Ceu Claro;Reta
quinta-feira;PE;Falta de Atencao Conducao;Colisao transversal;Com Vitimas Feridas;Pleno dia;Ceu Claro;Reta
quinta-feira;PR;Falta de Atencao Conducao;Colisao lateral;Sem Vitimas;Pleno dia;Ceu Claro;Reta
domingo;MT;Falta de Atencao Conducao;Colisao traseira;Com Vitimas Feridas;Anoitecer;Ceu Claro;Reta
quinta-feira;SC;Falta de Atencao Conducao;Colisao transversal;Com Vitimas Feridas;Pleno dia;Ceu Claro;Reta
quinta-feira;MS;Falta de Atencao Conducao;Colisao lateral;Com Vitimas Feridas;Pleno dia;Ceu Claro;Reta
quinta-feira;PR;Falta de Atencao Conducao;Colisao com objeto estatico;Com Vitimas Feridas;Pleno dia;Ceu Claro;Intersecao de vias
quinta-feira;PR;Nao guardar distancia de seguranca;Colisao traseira;Sem Vitimas;Pleno dia;Ceu Claro;Reta
quinta-feira;PI;Defeito Mecanico no Veiculo;Colisao traseira;Com Vitimas Feridas;Pleno dia;Ceu Claro;Rotatoria
quinta-feira;ES;Defeito Mecanico no Veiculo;Saida de leito carrocavel;Com Vitimas Feridas;Pleno dia;Ceu Claro;Reta
quinta-feira;GO;Falta de Atencao Conducao;Colisao traseira;Com Vitimas Feridas;Pleno dia;Ceu Claro;Nao Informado
quinta-feira;PR;Falta de Atencao Conducao;Tombamento;Sem Vitimas;Pleno dia;Nublado;Reta
quinta-feira;MG;Falta de Atencao Conducao;Colisao lateral;Com Vitimas Feridas;Pleno dia;Sol;Reta
quinta-feira;PA;Desobediencia nas normas de transito pelo condutor;Colisao transversal;Sem Vitimas;Pleno dia;Nublado;Retorno Regulamentado
quinta-feira;ES;Falta de Atencao Conducao;Colisao transversal;Com Vitimas Feridas;Pleno dia;Ceu Claro;Nao Informado
quinta-feira;PB;Nao guardar distancia de seguranca;Colisao traseira;Sem Vitimas;Pleno dia;Ceu Claro;Desvio Temporario
quinta-feira;PR;Desobediencia nas normas de transito pelo condutor;Colisao transversal;Com Vitimas Feridas;Pleno dia;Ceu Claro;Intersecao de vias
quinta-feira;SP;Defeito Mecanico no Veiculo;Incendio;Sem Vitimas;Pleno dia;Ceu Claro;Reta
quinta-feira;SP;Velocidade Incompativel;Colisao transversal;Com Vitimas Feridas;Pleno dia;Ceu Claro;Reta
quinta-feira;PR;Falta de Atencao Conducao;Capotamento;Com Vitimas Feridas;Pleno dia;Ceu Claro;Reta
quinta-feira;RJ;Falta de Atencao Conducao;Colisao frontal;Com Vitimas Fatais;Pleno dia;Ceu Claro;Curva
quinta-feira;RO;Desobediencia nas normas de transito pelo condutor;Colisao transversal;Com Vitimas Feridas;Pleno dia;Ceu Claro;Intersecao de vias
quinta-feira;RJ;Falta de Atencao Conducao;Colisao transversal;Com Vitimas Feridas;Pleno dia;Ceu Claro;Reta
quinta-feira;GO;Condutor Dormindo;Colisao traseira;Com Vitimas Feridas;Pleno dia;Ceu Claro;Reta
quinta-feira;RJ;Falta de Atencao do Pedestre;Atropelamento de Pedestre;Com Vitimas Fatais;Pleno dia;Ceu Claro;Curva
quinta-feira;RS;Desobediencia nas normas de transito pelo condutor;Colisao lateral;Com Vitimas Feridas;Pleno dia;Ceu Claro;Reta
quinta-feira;SC;Carga excessiva e/ou mal acondicionada;Saida de leito carrocavel;Com Vitimas Feridas;Pleno dia;Ceu Claro;Intersecao de vias
quinta-feira;RJ;Falta de Atencao Conducao;Saida de leito carrocavel;Com Vitimas Feridas;Pleno dia;Ceu Claro;Curva
quinta-feira;PR;Desobediencia nas normas de transito pelo condutor;Colisao lateral;Sem Vitimas;Pleno dia;Ceu Claro;Curva
quinta-feira;RN;Falta de Atencao Conducao;Colisao lateral;Com Vitimas Feridas;Pleno dia;Nublado;Reta
quinta-feira;SP;Falta de Atencao Conducao;Colisao traseira;Com Vitimas Feridas;Pleno dia;Sol;Nao Informado
quinta-feira;PR;Nao guardar distancia de seguranca;Colisao traseira;Com Vitimas Feridas;Pleno dia;Sol;Nao Informado
quinta-feira;MG;Ultrapassagem Indevida;Saida de leito carrocavel;Com Vitimas Feridas;Pleno dia;Ceu Claro;Reta
quinta-feira;PR;Mal Subito;Saida de leito carrocavel;Com Vitimas Feridas;Pleno dia;Nublado;Reta
quinta-feira;ES;Agressao Externa;Colisao traseira;Com Vitimas Feridas;Pleno dia;Sol;Curva
quinta-feira;AL;Falta de Atencao Conducao;Colisao transversal;Com Vitimas Feridas;Pleno dia;Ceu Claro;Reta
quinta-feira;BA;Desobediencia nas normas de transito pelo condutor;Colisao frontal;Com Vitimas Feridas;Pleno dia;Sol;Reta
quinta-feira;MS;Desobediencia nas normas de transito pelo condutor;Colisao transversal;Com Vitimas Feridas;Pleno dia;Ceu Claro;Reta
quinta-feira;MG;Carga excessiva e/ou mal acondicionada;Colisao com objeto em movimento;Com Vitimas Feridas;Pleno dia;Ceu Claro;Reta
quinta-feira;DF;Desobediencia nas normas de transito pelo condutor;Tombamento;Com Vitimas Feridas;Pleno dia;Sol;Reta
quinta-feira;MG;Ultrapassagem Indevida;Tombamento;Sem Vitimas;Pleno dia;Sol;Curva
segunda-feira;SP;Falta de Atencao Conducao;Colisao com objeto estatico;Com Vitimas Feridas;Plena Noite;Ceu Claro;Curva
quinta-feira;RS;Pista Escorregadia;Colisao frontal;Com Vitimas Feridas;Pleno dia;Chuva;Reta
quinta-feira;MG;Defeito Mecanico no Veiculo;Saida de leito carrocavel;Com Vitimas Feridas;Pleno dia;Ceu Claro;Rotatoria
quinta-feira;MG;Mal Subito;Colisao traseira;Com Vitimas Feridas;Pleno dia;Ceu Claro;Reta
quinta-feira;MG;Nao guardar distancia de seguranca;Colisao traseira;Com Vitimas Feridas;Pleno dia;Ceu Claro;Reta
quinta-feira;SC;Ultrapassagem Indevida;Tombamento;Sem Vitimas;Pleno dia;Nublado;Reta
quinta-feira;RJ;Falta de Atencao Conducao;Capotamento;Com Vitimas Feridas;Pleno dia;Ceu Claro;Reta
segunda-feira;ES;Falta de Atencao Conducao;Colisao lateral;Com Vitimas Feridas;Pleno dia;Ceu Claro;Reta
quinta-feira;PR;Pista Escorregadia;Saida de leito carrocavel;Com Vitimas Feridas;Pleno dia;Chuva;Curva
quinta-feira;RS;Defeito Mecanico no Veiculo;Saida de leito carrocavel;Com Vitimas Feridas;Pleno dia;Ceu Claro;Reta
quinta-feira;RS;Desobediencia nas normas de transito pelo condutor;Colisao frontal;Com Vitimas Fatais;Pleno dia;Ceu Claro;Reta
quinta-feira;SC;Desobediencia nas normas de transito pelo condutor;Colisao transversal;Com Vitimas Feridas;Pleno dia;Ceu Claro;Reta
quinta-feira;SC;Velocidade Incompativel;Tombamento;Com Vitimas Feridas;Pleno dia;Sol;Rotatoria
quinta-feira;ES;Falta de Atencao Conducao;Colisao transversal;Com Vitimas Fatais;Plena Noite;Ceu Claro;Retorno Regulamentado
quinta-feira;SP;Falta de Atencao Conducao;Colisao transversal;Com Vitimas Feridas;Anoitecer;Ceu Claro;Reta
quinta-feira;GO;Falta de Atencao Conducao;Colisao lateral;Com Vitimas Feridas;Plena Noite;Nublado;Intersecao de vias
quinta-feira;RN;Falta de Atencao Conducao;Atropelamento de Pedestre;Com Vitimas Feridas;Plena Noite;Nublado;Reta
quinta-feira;MG;Defeito na Via;Saida de leito carrocavel;Com Vitimas Feridas;Pleno dia;Ceu Claro;Ponte
quinta-feira;SP;Ingestao de Alcool;Atropelamento de Pedestre;Sem Vitimas;Anoitecer;Ceu Claro;Reta
quinta-feira;MA;Desobediencia nas normas de transito pelo condutor;Colisao frontal;Com Vitimas Fatais;Pleno dia;Chuva;Curva
quinta-feira;SC;Defeito Mecanico no Veiculo;Tombamento;Com Vitimas Feridas;Plena Noite;Ceu Claro;Reta
quinta-feira;SC;Falta de Atencao Conducao;Tombamento;Com Vitimas Feridas;Pleno dia;Ceu Claro;Reta
quinta-feira;DF;Falta de Atencao Conducao;Colisao transversal;Sem Vitimas;Anoitecer;Vento;Reta
quinta-feira;PR;Falta de Atencao Conducao;Colisao com objeto estatico;Sem Vitimas;Pleno dia;Sol;Reta
quinta-feira;PE;Falta de Atencao do Pedestre;Atropelamento de Pedestre;Com Vitimas Feridas;Plena Noite;Ceu Claro;Reta
quinta-feira;GO;Defeito na Via;Queda de ocupante de veiculo;Com Vitimas Feridas;Plena Noite;Ceu Claro;Desvio Temporario
quinta-feira;RJ;Desobediencia nas normas de transito pelo condutor;Colisao frontal;Com Vitimas Feridas;Pleno dia;Sol;Reta
quinta-feira;AL;Carga excessiva e/ou mal acondicionada;Tombamento;Sem Vitimas;Plena Noite;Garoa/Chuvisco;Reta
quinta-feira;RS;Falta de Atencao Conducao;Colisao frontal;Sem Vitimas;Pleno dia;Chuva;Reta
quinta-feira;PE;Velocidade Incompativel;Tombamento;Com Vitimas Feridas;Plena Noite;Ceu Claro;Curva
quinta-feira;SP;Defeito na Via;Colisao com objeto em movimento;Com Vitimas Feridas;Plena Noite;Ceu Claro;Reta
quinta-feira;RJ;Defeito Mecanico no Veiculo;Colisao com objeto estatico;Com Vitimas Feridas;Plena Noite;Ceu Claro;Reta
quinta-feira;SC;Velocidade Incompativel;Saida de leito carrocavel;Com Vitimas Feridas;Pleno dia;Chuva;Reta
quinta-feira;PR;Falta de Atencao Conducao;Colisao transversal;Com Vitimas Feridas;Plena Noite;Ceu Claro;Rotatoria
quinta-feira;SP;Avarias e/ou desgaste excessivo no pneu;Tombamento;Com Vitimas Feridas;Plena Noite;Ceu Claro;Reta
quinta-feira;PR;Desobediencia nas normas de transito pelo condutor;Colisao lateral;Com Vitimas Feridas;Anoitecer;Ceu Claro;Reta
quinta-feira;MG;Mal Subito;Colisao lateral;Com Vitimas Feridas;Plena Noite;Ceu Claro;Reta
quinta-feira;SP;Nao guardar distancia de seguranca;Colisao lateral;Com Vitimas Feridas;Plena Noite;Ceu Claro;Reta
quinta-feira;SC;Pista Escorregadia;Tombamento;Com Vitimas Feridas;Plena Noite;Chuva;Curva
quinta-feira;MG;Velocidade Incompativel;Saida de leito carrocavel;Com Vitimas Feridas;Plena Noite;Nublado;Curva
quinta-feira;TO;Falta de Atencao do Pedestre;Atropelamento de Pedestre;Com Vitimas Fatais;Plena Noite;Ceu Claro;Reta
quinta-feira;MG;Nao guardar distancia de seguranca;Queda de ocupante de veiculo;Com Vitimas Feridas;Plena Noite;Ceu Claro;Reta
quinta-feira;PR;Velocidade Incompativel;Capotamento;Sem Vitimas;Pleno dia;Ceu Claro;Curva
quinta-feira;GO;Falta de Atencao Conducao;Colisao traseira;Com Vitimas Feridas;Plena Noite;Ceu Claro;Reta
quinta-feira;RJ;Ingestao de Alcool;Saida de leito carrocavel;Com Vitimas Feridas;Plena Noite;Ceu Claro;Reta
quinta-feira;PI;Animais na Pista;Atropelamento de Animal;Sem Vitimas;Plena Noite;Chuva;Reta
sexta-feira;SC;Desobediencia nas normas de transito pelo condutor;Colisao traseira;Com Vitimas Feridas;Plena Noite;Ceu Claro;Nao Informado
sexta-feira;RJ;Velocidade Incompativel;Tombamento;Com Vitimas Feridas;Plena Noite;Ceu Claro;Curva
sexta-feira;GO;Falta de Atencao Conducao;Colisao lateral;Com Vitimas Feridas;Plena Noite;Ceu Claro;Reta
sexta-feira;SP;Ingestao de Alcool;Colisao com objeto estatico;Com Vitimas Feridas;Plena Noite;Nublado;Reta
quinta-feira;RS;Ultrapassagem Indevida;Colisao lateral;Sem Vitimas;Plena Noite;Garoa/Chuvisco;Reta