dia_semana;uf;causa_acidente;tipo_acidente;classificacao_acidente;fase_dia;condicao_metereologica;tracado_via
sexta-feira;RN;Falta de Atencao Conducao;Colisao lateral;Com Vitimas Feridas;Plena Noite;Ceu Claro;Reta
quinta-feira;PI;Desobediencia nas normas de transito pelo condutor;Colisao frontal;Com Vitimas Feridas;Plena Noite;Vento;Reta
sexta-feira;SC;Ingestao de Alcool;Colisao traseira;Sem Vitimas;Plena Noite;Ceu Claro;Reta
quinta-feira;MG;Defeito Mecanico no Veiculo;Saida de leito carrocavel;Sem Vitimas;Pleno dia;Ceu Claro;Reta
sexta-feira;PR;Desobediencia nas normas de transito pelo condutor;Colisao transversal;Com Vitimas Feridas;Plena Noite;Ceu Claro;Nao Informado
sexta-feira;GO;Desobediencia nas normas de transito pelo condutor;Colisao traseira;Com Vitimas Fatais;Plena Noite;Ceu Claro;Reta
sexta-feira;SC;Condutor Dormindo;Capotamento;Com Vitimas Feridas;Plena Noite;Ceu Claro;Tunel
sexta-feira;SP;Falta de Atencao Conducao;Queda de ocupante de veiculo;Com Vitimas Feridas;Plena Noite;Ceu Claro;Reta
quinta-feira;MT;Velocidade Incompativel;Tombamento;Sem Vitimas;Plena Noite;Ceu Claro;Curva
sexta-feira;RJ;Condutor Dormindo;Queda de ocupante de veiculo;Com Vitimas Feridas;Plena Noite;Ceu Claro;Reta
sexta-feira;MG;Defeito Mecanico no Veiculo;Incendio;Sem Vitimas;Amanhecer;Ceu Claro;Reta
sexta-feira;SP;Mal Subito;Colisao com objeto estatico;Sem Vitimas;Amanhecer;Ceu Claro;Reta
sexta-feira;PR;Defeito Mecanico no Veiculo;Queda de ocupante de veiculo;Com Vitimas Feridas;Pleno dia;Ceu Claro;Reta
sexta-feira;RJ;Velocidade Incompativel;Saida de leito carrocavel;Com Vitimas Feridas;Plena Noite;Ceu Claro;Curva
sexta-feira;PR;Falta de Atencao Conducao;Queda de ocupante de veiculo;Com Vitimas Feridas;Pleno dia;Sol;Reta
sexta-feira;PR;Falta de Atencao Conducao;Colisao com objeto estatico;Com Vitimas Feridas;Pleno dia;Ceu Claro;Reta
sexta-feira;ES;Falta de Atencao Conducao;Colisao lateral;Com Vitimas Feridas;Pleno dia;Ceu Claro;Reta
sexta-feira;SP;Carga excessiva e/ou mal acondicionada;Derramamento de carga;Sem Vitimas;Pleno dia;Ceu Claro;Curva
sexta-feira;RJ;Falta de Atencao do Pedestre;Atropelamento de Pedestre;Com Vitimas Feridas;Pleno dia;Ceu Claro;Reta
domingo;MG;Falta de Atencao Conducao;Colisao com objeto estatico;Com Vitimas Feridas;Pleno dia;Chuva;Nao Informado
sexta-feira;SP;Falta de Atencao Conducao;Saida de leito carrocavel;Com Vitimas Fatais;Amanhecer;Ceu Claro;Reta
sexta-feira;RN;Ultrapassagem Indevida;Tombamento;Com Vitimas Feridas;Pleno dia;Ceu Claro;Reta
sexta-feira;SC;Falta de Atencao Conducao;Colisao traseira;Com Vitimas Feridas;Pleno dia;Ceu Claro;Reta
sexta-feira;RS;Defeito na Via;Tombamento;Com Vitimas Feridas;Pleno dia;Ceu Claro;Reta
sexta-feira;RO;Sinalizacao da via insuficiente ou inadequada;Tombamento;Sem Vitimas;Plena Noite;Chuva;Reta
sexta-feira;MT;Falta de Atencao Conducao;Colisao transversal;Com Vitimas Feridas;Pleno dia;Ceu Claro;Rotatoria
sexta-feira;CE;Velocidade Incompativel;Colisao com objeto estatico;Sem Vitimas;Pleno dia;Chuva;Reta
terca-feira;PR;Desobediencia nas normas de transito pelo condutor;Colisao com objeto estatico;Sem Vitimas;Plena Noite;Ignorado;Retorno Regulamentado
sexta-feira;PR;Falta de Atencao Conducao;Colisao lateral;Com Vitimas Feridas;Pleno dia;Ceu Claro;Reta
quinta-feira;BA;Falta de Atencao Conducao;Colisao frontal;Com Vitimas Fatais;Plena Noite;Ceu Claro;Nao Informado
sexta-feira;BA;Falta de Atencao Conducao;Colisao transversal;Com Vitimas Feridas;Pleno dia;Ceu Claro;Reta
sexta-feira;MS;Condutor Dormindo;Tombamento;Com Vitimas Feridas;Plena Noite;Ceu Claro;Reta
sabado;RO;Desobediencia nas normas de transito pelo condutor;Colisao lateral;Com Vitimas Feridas;Pleno dia;Nublado;Reta
sexta-feira;SC;Desobediencia nas normas de transito pelo condutor;Colisao transversal;Com Vitimas Feridas;Pleno dia;Ceu Claro;Reta
sexta-feira;PE;Nao guardar distancia de seguranca;Colisao traseira;Com Vitimas Feridas;Pleno dia;Ceu Claro;Reta
sexta-feira;MG;Velocidade Incompativel;Colisao lateral;Com Vitimas Feridas;Pleno dia;Ceu Claro;Reta
sexta-feira;SC;Deficincia ou nao Acionamento do Sistema de Iluminacao/Sinalizacao do Veiculo;Colisao traseira;Com Vitimas Feridas;Pleno dia;Ceu Claro;Nao Informado
sexta-feira;MG;Velocidade Incompativel;Colisao frontal;Com Vitimas Feridas;Pleno dia;Ceu Claro;Curva
sexta-feira;MG;Velocidade Incompativel;Capotamento;Com Vitimas Fatais;Pleno dia;Sol;Curva
sexta-feira;SP;Falta de Atencao do Pedestre;Atropelamento de Pedestre;Com Vitimas Feridas;Pleno dia;Ceu Claro;Reta
sexta-feira;SC;Falta de Atencao Conducao;Colisao transversal;Com Vitimas Feridas;Pleno dia;Ceu Claro;Reta
sexta-feira;PE;Falta de Atencao Conducao;Colisao transversal;Com Vitimas Feridas;Pleno dia;Ceu Claro;Reta
sexta-feira;SC;Condutor Dormindo;Colisao frontal;Com Vitimas Feridas;Pleno dia;Ceu Claro;Nao Informado
sexta-feira;ES;Falta de Atencao Conducao;Colisao lateral;Com Vitimas Feridas;Pleno dia;Sol;Reta
sexta-feira;PR;Velocidade Incompativel;Engavetamento;Com Vitimas Feridas;Pleno dia;Sol;Nao Informado
sexta-feira;MG;Falta de Atencao do Pedestre;Atropelamento de Pedestre;Com Vitimas Feridas;Pleno dia;Sol;Nao Informado
sexta-feira;MT;Desobediencia nas normas de transito pelo condutor;Colisao transversal;Com Vitimas Feridas;Pleno dia;Ceu Claro;Reta
sexta-feira;MG;Falta de Atencao Conducao;Colisao traseira;Com Vitimas Feridas;Pleno dia;Ceu Claro;Reta
sexta-feira;PE;Defeito Mecanico no Veiculo;Saida de leito carrocavel;Sem Vitimas;Pleno dia;Sol;Curva
sexta-feira;RJ;Falta de Atencao Conducao;Colisao traseira;Com Vitimas Feridas;Pleno dia;Ceu Claro;Reta
sexta-feira;BA;Falta de Atencao Conducao;Tombamento;Com Vitimas Feridas;Amanhecer;Ceu Claro;Reta
sexta-feira;PR;Falta de Atencao Conducao;Colisao transversal;Com Vitimas Feridas;Pleno dia;Ceu Claro;Reta
sexta-feira;RS;Pista Escorregadia;Saida de leito carrocavel;Com Vitimas Feridas;Pleno dia;Chuva;Reta
sexta-feira;RJ;Desobediencia nas normas de transito pelo condutor;Colisao frontal;Com Vitimas Feridas;Pleno dia;Ceu Claro;Reta
sexta-feira;MA;Falta de Atencao Conducao;Colisao transversal;Com Vitimas Feridas;Pleno dia;Ceu Claro;Reta
domingo;PB;Nao guardar distancia de seguranca;Colisao traseira;Com Vitimas Feridas;Plena Noite;Ceu Claro;Reta
sexta-feira;GO;Falta de Atencao Conducao;Colisao lateral;Com Vitimas Feridas;Pleno dia;Ceu Claro;Reta
sexta-feira;GO;Ingestao de Alcool;Atropelamento de Pedestre;Com Vitimas Feridas;Pleno dia;Ceu Claro;Reta
sexta-feira;CE;Desobediencia nas normas de transito pelo condutor;Colisao lateral;Com Vitimas Feridas;Pleno dia;Chuva;Reta
sexta-feira;SP;Falta de Atencao Conducao;Colisao lateral;Com Vitimas Feridas;Pleno dia;Sol;Reta
sexta-feira;SC;Desobediencia nas normas de transito pelo condutor;Colisao transversal;Com Vitimas Feridas;Pleno dia;Sol;Intersecao de vias
sexta-feira;RJ;Pista Escorregadia;Queda de ocupante de veiculo;Com Vitimas Feridas;Pleno dia;Ceu Claro;Curva
sexta-feira;PR;Defeito Mecanico no Veiculo;Colisao com objeto estatico;Com Vitimas Feridas;Pleno dia;Ceu Claro;Viaduto
sexta-feira;ES;Pista Escorregadia;Tombamento;Com Vitimas Feridas;Pleno dia;Ceu Claro;Reta
sexta-feira;SC;Mal Subito;Saida de leito carrocavel;Com Vitimas Fatais;Pleno dia;Ceu Claro;Reta
sexta-feira;RS;Falta de Atencao Conducao;Colisao lateral;Com Vitimas Feridas;Pleno dia;Ceu Claro;Reta
sexta-feira;ES;Falta de Atencao Conducao;Colisao transversal;Com Vitimas Feridas;Pleno dia;Ceu Claro;Intersecao de vias
sexta-feira;GO;Defeito na Via;Saida de leito carrocavel;Com Vitimas Feridas;Pleno dia;Ceu Claro;Reta
segunda-feira;PB;Falta de Atencao Conducao;Colisao traseira;Com Vitimas Feridas;Pleno dia;Ceu Claro;Reta
sexta-feira;RJ;Velocidade Incompativel;Capotamento;Com Vitimas Feridas;Pleno dia;Ceu Claro;Curva
sexta-feira;MS;Falta de Atencao Conducao;Saida de leito carrocavel;Com Vitimas Fatais;Pleno dia;Nublado;Reta
sexta-feira;MS;Desobediencia nas normas de transito pelo condutor;Saida de leito carrocavel;Com Vitimas Feridas;Pleno dia;Ceu Claro;Desvio Temporario
sexta-feira;PR;Falta de Atencao Conducao;Colisao traseira;Com Vitimas Feridas;Pleno dia;Sol;Reta
sexta-feira;ES;Falta de Atencao Conducao;Colisao traseira;Com Vitimas Feridas;Pleno dia;Sol;Reta
sexta-feira;SP;Falta de Atencao Conducao;Colisao lateral;Com Vitimas Feridas;Pleno dia;Ceu Claro;Nao Informado
sexta-feira;SC;Velocidade Incompativel;Colisao traseira;Com Vitimas Fatais;Pleno dia;Ceu Claro;Reta
sexta-feira;AL;Velocidade Incompativel;Saida de leito carrocavel;Com Vitimas Feridas;Pleno dia;Ceu Claro;Curva
sexta-feira;PR;Defeito Mecanico no Veiculo;Colisao com objeto em movimento;Com Vitimas Feridas;Pleno dia;Sol;Nao Informado
sexta-feira;SP;Nao guardar distancia de seguranca;Colisao lateral;Com Vitimas Feridas;Pleno dia;Ceu Claro;Reta
sexta-feira;SC;Falta de Atencao Conducao;Colisao lateral;Com Vitimas Feridas;Pleno dia;Ceu Claro;Reta
sexta-feira;AC;Falta de Atencao Conducao;Colisao lateral;Com Vitimas Feridas;Pleno dia;Sol;Reta
sexta-feira;GO;Desobediencia nas normas de transito pelo condutor;Colisao frontal;Com Vitimas Feridas;Pleno dia;Ceu Claro;Reta
sexta-feira;DF;Ingestao de Alcool;Colisao traseira;Sem Vitimas;Pleno dia;Ceu Claro;Rotatoria
sexta-feira;MT;Nao guardar distancia de seguranca;Colisao traseira;Com Vitimas Feridas;Pleno dia;Nublado;Reta
sexta-feira;PR;Falta de Atencao Conducao;Colisao lateral;Sem Vitimas;Pleno dia;Sol;Nao Informado
sexta-feira;PR;Ingestao de Alcool;Colisao com objeto estatico;Com Vitimas Feridas;Pleno dia;Ceu Claro;Curva
quinta-feira;MT;Defeito na Via;Saida de leito carrocavel;Sem Vitimas;Pleno dia;Ceu Claro;Curva
sexta-feira;RO;Falta de Atencao Conducao;Colisao lateral;Sem Vitimas;Pleno dia;Ceu Claro;Reta
sexta-feira;BA;Falta de Atencao Conducao;Colisao lateral;Com Vitimas Feridas;Pleno dia;Ceu Claro;Intersecao de vias
sexta-feira;RS;Desobediencia nas normas de transito pelo condutor;Tombamento;Com Vitimas Feridas;Pleno dia;Ceu Claro;Reta
sexta-feira;SP;Ultrapassagem Indevida;Colisao lateral;Com Vitimas Feridas;Pleno dia;Ceu Claro;Reta
sexta-feira;ES;Velocidade Incompativel;Tombamento;Com Vitimas Feridas;Anoitecer;Ceu Claro;Curva
sexta-feira;SC;Falta de Atencao Conducao;Tombamento;Com Vitimas Feridas;Pleno dia;Chuva;Nao Informado
sexta-feira;RJ;Falta de Atencao Conducao;Colisao lateral;Com Vitimas Feridas;Pleno dia;Ceu Claro;Curva
sexta-feira;SC;Falta de Atencao Conducao;Colisao traseira;Com Vitimas Feridas;Pleno dia;Ceu Claro;Reta
sexta-feira;SC;Desobediencia nas normas de transito pelo condutor;Colisao transversal;Com Vitimas Feridas;Pleno dia;Ceu Claro;Intersecao de vias
sexta-feira;PE;Nao guardar distancia de seguranca;Colisao traseira;Com Vitimas Feridas;Pleno dia;Ceu Claro;Reta
sexta-feira;SC;Falta de Atencao Conducao;Colisao transversal;Com Vitimas Feridas;Pleno dia;Nublado;Intersecao de vias
sexta-feira;PE;Falta de Atencao Conducao;Colisao transversal;Com Vitimas Feridas;Pleno dia;Ceu Claro;Reta
sexta-feira;PE;Falta de Atencao Conducao;Colisao frontal;Com Vitimas Fatais;Pleno dia;Ceu Claro;Curva
sexta-feira;GO;Falta de Atencao Conducao;Colisao traseira;Com Vitimas Feridas;Pleno dia;Ceu Claro;Reta
sexta-feira;MS;Sinalizacao da via insuficiente ou inadequada;Colisao transversal;Com Vitimas Feridas;Pleno dia;Ceu Claro;Nao Informado
sexta-feira;SC;Falta de Atencao Conducao;Colisao lateral;Com Vitimas Feridas;Pleno dia;Ceu Claro;Reta
sexta-feira;MG;Velocidade Incompativel;Colisao traseira;Com Vitimas Feridas;Anoitecer;Ceu Claro;Reta
sexta-feira;PE;Falta de Atencao Conducao;Colisao traseira;Sem Vitimas;Pleno dia;Ceu Claro;Reta
sexta-feira;BA;Ultrapassagem Indevida;Colisao frontal;Com Vitimas Fatais;Pleno dia;Sol;Reta
sexta-feira;CE;Falta de Atencao Conducao;Colisao lateral;Com Vitimas Feridas;Pleno dia;Nublado;Reta
quinta-feira;RJ;Falta de Atencao Conducao;Colisao traseira;Com Vitimas Fatais;Pleno dia;Ceu Claro;Reta
sexta-feira;CE;Ingestao de Alcool;Saida de leito carrocavel;Sem Vitimas;Pleno dia;Nublado;Reta
sexta-feira;SC;Velocidade Incompativel;Colisao traseira;Com Vitimas Feridas;Plena Noite;Garoa/Chuvisco;Desvio Temporario
sexta-feira;CE;Falta de Atencao Conducao;Colisao lateral;Sem Vitimas;Anoitecer;Ceu Claro;Reta
sexta-feira;RJ;Falta de Atencao Conducao;Colisao lateral;Com Vitimas Fatais;Pleno dia;Ceu Claro;Reta
sexta-feira;RJ;Ingestao de Alcool;Capotamento;Com Vitimas Feridas;Pleno dia;Sol;Reta
sexta-feira;RN;Falta de Atencao Conducao;Colisao traseira;Com Vitimas Feridas;Anoitecer;Ceu Claro;Intersecao de vias
sexta-feira;ES;Defeito na Via;Tombamento;Com Vitimas Feridas;Pleno dia;Sol;Reta
sexta-feira;RJ;Falta de Atencao Conducao;Colisao traseira;Com Vitimas Feridas;Plena Noite;Nublado;Reta
sexta-feira;CE;Falta de Atencao do Pedestre;Saida de leito carrocavel;Com Vitimas Feridas;Pleno dia;Sol;Nao Informado
sexta-feira;BA;Desobediencia nas normas de transito pelo condutor;Colisao traseira;Com Vitimas Feridas;Pleno dia;Sol;Reta
sexta-feira;RJ;Nao guardar distancia de seguranca;Colisao traseira;Com Vitimas Feridas;Anoitecer;Ceu Claro;Reta
sexta-feira;SC;Nao guardar distancia de seguranca;Colisao traseira;Sem Vitimas;Pleno dia;Nublado;Reta
sexta-feira;SE;Desobediencia nas normas de transito pelo condutor;Colisao transversal;Com Vitimas Feridas;Plena Noite;Ceu Claro;Reta
sexta-feira;PI;Desobediencia nas normas de transito pelo condutor;Colisao lateral;Com Vitimas Feridas;Plena Noite;Chuva;Reta
sexta-feira;PR;Desobediencia nas normas de transito pelo condutor;Saida de leito carrocavel;Com Vitimas Feridas;Pleno dia;Ceu Claro;Reta
sexta-feira;MG;Defeito Mecanico no Veiculo;Derramamento de carga;Sem Vitimas;Pleno dia;Ceu Claro;Reta
sexta-feira;PB;Falta de Atencao do Pedestre;Atropelamento de Pedestre;Com Vitimas Fatais;Plena Noite;Ceu Claro;Reta
sexta-feira;PI;Pista Escorregadia;Saida de leito carrocavel;Com Vitimas Fatais;Anoitecer;Ceu Claro;Reta
sexta-feira;PI;Desobediencia nas normas de transito pelo condutor;Colisao transversal;Com Vitimas Feridas;Plena Noite;Nublado;Reta
sexta-feira;PI;Nao guardar distancia de seguranca;Colisao traseira;Com Vitimas Feridas;Plena Noite;Ceu Claro;Reta
sexta-feira;MT;Velocidade Incompativel;Colisao frontal;Com Vitimas Fatais;Anoitecer;Ceu Claro;Reta
sexta-feira;BA;Falta de Atencao do Pedestre;Atropelamento de Pedestre;Com Vitimas Feridas;Plena Noite;Ceu Claro;Reta
sexta-feira;BA;Velocidade Incompativel;Saida de leito carrocavel;Com Vitimas Feridas;Anoitecer;Ceu Claro;Reta
sexta-feira;MG;Condutor Dormindo;Colisao lateral;Com Vitimas Feridas;Pleno dia;Ceu Claro;Curva
sexta-feira;PB;Velocidade Incompativel;Colisao traseira;Com Vitimas Feridas;Plena Noite;Ceu Claro;Reta
sexta-feira;PB;Sinalizacao da via insuficiente ou inadequada;Capotamento;Com Vitimas Feridas;Plena Noite;Ceu Claro;Nao Informado
sexta-feira;SC;Desobediencia nas normas de transito pelo condutor;Colisao transversal;Com Vitimas Feridas;Plena Noite;Ceu Claro;Reta
sexta-feira;MG;Falta de Atencao Conducao;Queda de ocupante de veiculo;Com Vitimas Feridas;Plena Noite;Ceu Claro;Curva
sexta-feira;RJ;Nao guardar distancia de seguranca;Engavetamento;Com Vitimas Feridas;Plena Noite;Ceu Claro;Reta
sexta-feira;BA;Falta de Atencao Conducao;Tombamento;Com Vitimas Feridas;Plena Noite;Ceu Claro;Reta
sexta-feira;PA;Desobediencia nas normas de transito pelo condutor;Colisao traseira;Sem Vitimas;Pleno dia;Nublado;Reta
sexta-feira;PR;Ingestao de Alcool;Engavetamento;Com Vitimas Feridas;Plena Noite;Ceu Claro;Reta
sexta-feira;SC;Falta de Atencao Conducao;Colisao transversal;Sem Vitimas;Plena Noite;Nublado;Reta
sabado;MS;Falta de Atencao Conducao;Saida de leito carrocavel;Com Vitimas Feridas;Plena Noite;Ceu Claro;Reta
sexta-feira;PI;Ingestao de Alcool;Queda de ocupante de veiculo;Sem Vitimas;Plena Noite;Ceu Claro;Reta
sexta-feira;MG;Falta de Atencao do Pedestre;Atropelamento de Pedestre;Com Vitimas Fatais;Pleno dia;Ceu Claro;Curva
sexta-feira;SP;Ingestao de Alcool;Colisao com objeto estatico;Sem Vitimas;Plena Noite;Ceu Claro;Retorno Regulamentado
sexta-feira;PR;Nao guardar distancia de seguranca;Colisao traseira;Com Vitimas Feridas;Plena Noite;Ceu Claro;Reta
sexta-feira;MA;Defeito Mecanico no Veiculo;Danos eventuais;Sem Vitimas;Pleno dia;Ceu Claro;Reta
quarta-feira;PE;Avarias e/ou desgaste excessivo no pneu;Capotamento;Com Vitimas Fatais;Pleno dia;Ceu Claro;Reta
sexta-feira;PR;Falta de Atencao Conducao;Colisao transversal;Com Vitimas Fatais;Plena Noite;Ceu Claro;Rotatoria
sexta-feira;PR;Desobediencia nas normas de transito pelo condutor;Colisao lateral;Com Vitimas Feridas;Plena Noite;Ceu Claro;Reta
sexta-feira;MT;Animais na Pista;Atropelamento de Animal;Com Vitimas Feridas;Plena Noite;Ceu Claro;Reta
sexta-feira;ES;Desobediencia nas normas de transito pelo condutor;Colisao lateral;Com Vitimas Feridas;Plena Noite;Nublado;Reta
sexta-feira;PR;Desobediencia nas normas de transito pelo condutor;Queda de ocupante de veiculo;Com Vitimas Feridas;Plena Noite;Ceu Claro;Reta
sexta-feira;RJ;Falta de Atencao Conducao;Colisao traseira;Com Vitimas Fatais;Plena Noite;Ceu Claro;Ponte
sexta-feira;PR;Falta de Atencao Conducao;Colisao traseira;Com Vitimas Feridas;Plena Noite;Ceu Claro;Reta
sexta-feira;MG;Ingestao de Alcool;Colisao lateral;Sem Vitimas;Plena Noite;Ceu Claro;Reta
sexta-feira;SC;Desobediencia nas normas de transito pelo condutor;Colisao frontal;Com Vitimas Feridas;Plena Noite;Ceu Claro;Reta
sexta-feira;PR;Falta de Atencao Conducao;Colisao traseira;Com Vitimas Feridas;Plena Noite;Ceu Claro;Reta
sexta-feira;PR;Falta de Atencao Conducao;Colisao lateral;Com Vitimas Feridas;Plena Noite;Ceu Claro;Reta
sabado;MG;Agressao Externa;Colisao com objeto estatico;Com Vitimas Feridas;Plena Noite;Ceu Claro;Viaduto
sabado;CE;Falta de Atencao Conducao;Tombamento;Com Vitimas Feridas;Plena Noite;Nublado;Tunel
sabado;RJ;Falta de Atencao Conducao;Colisao traseira;Com Vitimas Feridas;Plena Noite;Nublado;Curva
sabado;SP;Velocidade Incompativel;Colisao traseira;Com Vitimas Feridas;Plena Noite;Ceu Claro;Nao Informado
sexta-feira;SC;Fenomenos da Natureza;Colisao com objeto estatico;Com Vitimas Feridas;Anoitecer;Chuva;Reta
sabado;GO;Velocidade Incompativel;Colisao traseira;Com Vitimas Feridas;Plena Noite;Ceu Claro;Reta
sexta-feira;PR;Desobediencia nas normas de transito pelo condutor;Colisao traseira;Com Vitimas Feridas;Plena Noite;Ceu Claro;Reta
sabado;MT;Falta de Atencao Conducao;Colisao traseira;Com Vitimas Feridas;Plena Noite;Ceu Claro;Reta
sexta-feira;RJ;Falta de Atencao Conducao;Colisao com objeto estatico;Com Vitimas Feridas;Plena Noite;Ceu Claro;Reta
sexta-feira;RJ;Falta de Atencao Conducao;Colisao traseira;Com Vitimas Feridas;Plena Noite;Ceu Claro;Reta
sabado;RJ;Falta de Atencao Conducao;Colisao traseira;Com Vitimas Feridas;Plena Noite;Ceu Claro;Reta
sabado;PR;Falta de Atencao Conducao;Colisao traseira;Com Vitimas Feridas;Plena Noite;Ceu Claro;Reta
sabado;GO;Condutor Dormindo;Capotamento;Com Vitimas Feridas;Plena Noite;Ceu Claro;Curva
sabado;GO;Condutor Dormindo;Saida de leito carrocavel;Sem Vitimas;Plena Noite;Ceu Claro;Reta
sabado;PR;Ingestao de Alcool;Colisao traseira;Com Vitimas Feridas;Plena Noite;Ceu Claro;Intersecao de vias
sexta-feira;SC;Velocidade Incompativel;Colisao traseira;Com Vitimas Feridas;Plena Noite;Nublado;Reta
sabado;SC;Desobediencia nas normas de transito pelo condutor;Colisao transversal;Com Vitimas Feridas;Plena Noite;Nublado;Rotatoria
sabado;MG;Animais na Pista;Saida de leito carrocavel;Com Vitimas Feridas;Plena Noite;Ceu Claro;Curva
sabado;SC;Falta de Atencao Conducao;Saida de leito carrocavel;Sem Vitimas;Plena Noite;Chuva;Curva
sabado;MA;Falta de Atencao Conducao;Colisao com objeto estatico;Sem Vitimas;Plena Noite;Ceu Claro;Reta
sabado;SE;Falta de Atencao Conducao;Saida de leito carrocavel;Com Vitimas Feridas;Plena Noite;Nublado;Reta
sabado;ES;Ingestao de Alcool;Colisao com objeto estatico;Sem Vitimas;Amanhecer;Ceu Claro;Reta
sabado;MG;Velocidade Incompativel;Saida de leito carrocavel;Com Vitimas Feridas;Plena Noite;Ceu Claro;Curva
sabado;TO;Ingestao de Alcool;Colisao com objeto estatico;Com Vitimas Feridas;Plena Noite;Nublado;Reta
sabado;PE;Falta de Atencao Conducao;Saida de leito carrocavel;Com Vitimas Feridas;Plena Noite;Nublado;Curva
sexta-feira;PI;Falta de Atencao Conducao;Colisao com objeto estatico;Com Vitimas Feridas;Plena Noite;Chuva;Reta
sabado;PR;Falta de Atencao Conducao;Colisao com objeto estatico;Com Vitimas Feridas;Plena Noite;Ceu Claro;Reta
sabado;SC;Ingestao de Alcool;Colisao com objeto estatico;Com Vitimas Feridas;Plena Noite;Garoa/Chuvisco;Reta
sexta-feira;PI;Restricao de Visibilidade;Colisao com objeto estatico;Com Vitimas Feridas;Plena Noite;Garoa/Chuvisco;Reta
sabado;PR;Ingestao de Alcool e/ou substancias psicoativas pelo pedestre;Saida de leito carrocavel;Sem Vitimas;Plena Noite;Nublado;Reta
sabado;MG;Velocidade Incompativel;Saida de leito carrocavel;Com Vitimas Feridas;Amanhecer;Ceu Claro;Curva
sabado;MT;Fenomenos da Natureza;Saida de leito carrocavel;Sem Vitimas;Plena Noite;Chuva;Nao Informado
sabado;SC;Falta de Atencao Conducao;Colisao traseira;Com Vitimas Feridas;Plena Noite;Nublado;Reta
sabado;MG;Condutor Dormindo;Saida de leito carrocavel;Sem Vitimas;Plena Noite;Ceu Claro;Reta
sabado;ES;Falta de Atencao Conducao;Colisao frontal;Com Vitimas Fatais;Pleno dia;Ceu Claro;Reta
sabado;MG;Velocidade Incompativel;Colisao com objeto estatico;Sem Vitimas;Amanhecer;Ceu Claro;Reta
sabado;RJ;Falta de Atencao do Pedestre;Atropelamento de Pedestre;Com Vitimas Fatais;Amanhecer;Ceu Claro;Reta
sabado;MG;Condutor Dormindo;Colisao traseira;Com Vitimas Fatais;Plena Noite;Ceu Claro;Nao Informado
sabado;MG;Condutor Dormindo;Saida de leito carrocavel;Sem Vitimas;Amanhecer;Ceu Claro;Nao Informado
sabado;ES;Desobediencia nas normas de transito pelo condutor;Colisao frontal;Sem Vitimas;Amanhecer;Ceu Claro;Reta
sabado;SP;Condutor Dormindo;Tombamento;Sem Vitimas;Amanhecer;Nublado;Curva
sabado;RS;Desobediencia nas normas de transito pelo condutor;Colisao transversal;Com Vitimas Feridas;Plena Noite;Nublado;Reta
sexta-feira;SC;Desobediencia nas normas de transito pelo condutor;Colisao traseira;Com Vitimas Feridas;Plena Noite;Chuva;Reta
sabado;RS;Falta de Atencao Conducao;Colisao traseira;Sem Vitimas;Plena Noite;Nublado;Reta
sabado;RJ;Velocidade Incompativel;Capotamento;Com Vitimas Fatais;Pleno dia;Ceu Claro;Curva
sabado;PR;Velocidade Incompativel;Queda de ocupante de veiculo;Com Vitimas Feridas;Amanhecer;Ceu Claro;Curva
sexta-feira;RJ;Animais na Pista;Atropelamento de Animal;Com Vitimas Feridas;Plena Noite;Ceu Claro;Reta
sabado;PR;Velocidade Incompativel;Colisao traseira;Sem Vitimas;Pleno dia;Ceu Claro;Desvio Temporario
sabado;PB;Defeito Mecanico no Veiculo;Saida de leito carrocavel;Com Vitimas Feridas;Pleno dia;Ceu Claro;Reta
sabado;MG;Falta de Atencao Conducao;Saida de leito carrocavel;Com Vitimas Feridas;Pleno dia;Sol;Curva
sabado;BA;Condutor Dormindo;Colisao frontal;Com Vitimas Feridas;Pleno dia;Ceu Claro;Reta
sabado;ES;Defeito Mecanico no Veiculo;Queda de ocupante de veiculo;Com Vitimas Feridas;Pleno dia;Sol;Reta
sabado;SC;Falta de Atencao Conducao;Colisao com objeto estatico;Com Vitimas Feridas;Plena Noite;Chuva;Reta
sabado;RJ;Velocidade Incompativel;Colisao com objeto estatico;Com Vitimas Fatais;Pleno dia;Ceu Claro;Reta
sabado;BA;Condutor Dormindo;Colisao lateral;Com Vitimas Feridas;Amanhecer;Ceu Claro;Reta
sabado;MA;Falta de Atencao Conducao;Saida de leito carrocavel;Com Vitimas Feridas;Pleno dia;Chuva;Nao Informado
sabado;PR;Falta de Atencao Conducao;Saida de leito carrocavel;Com Vitimas Feridas;Pleno dia;Ceu Claro;Curva
sabado;PR;Falta de Atencao Conducao;Queda de ocupante de veiculo;Com Vitimas Feridas;Pleno dia;Ceu Claro;Reta
sabado;BA;Velocidade Incompativel;Saida de leito carrocavel;Com Vitimas Feridas;Pleno dia;Nublado;Nao Informado
sabado;BA;Desobediencia nas normas de transito pelo condutor;Colisao traseira;Sem Vitimas;Pleno dia;Ceu Claro;Reta
sabado;ES;Falta de Atencao Conducao;Colisao lateral;Com Vitimas Feridas;Pleno dia;Ceu Claro;Intersecao de vias
sabado;MG;Carga excessiva e/ou mal acondicionada;Derramamento de carga;Sem Vitimas;Pleno dia;Sol;Curva