dia_semana;uf;causa_acidente;tipo_acidente;classificacao_acidente;fase_dia;condicao_metereologica;tracado_via
sabado;SC;Desobediencia nas normas de transito pelo condutor;Colisao lateral;Com Vitimas Feridas;Pleno dia;Ceu Claro;Reta
sabado;RJ;Nao guardar distancia de seguranca;Colisao traseira;Com Vitimas Feridas;Pleno dia;Ceu Claro;Reta
sabado;PR;Falta de Atencao Conducao;Tombamento;Com Vitimas Feridas;Pleno dia;Ceu Claro;Nao Informado
sabado;SP;Falta de Atencao Conducao;Colisao lateral;Com Vitimas Feridas;Pleno dia;Ceu Claro;Reta
sabado;SC;Falta de Atencao Conducao;Colisao lateral;Com Vitimas Feridas;Pleno dia;Ceu Claro;Curva
sabado;PR;Agressao Externa;Saida de leito carrocavel;Sem Vitimas;Pleno dia;Ceu Claro;Reta
sabado;SC;Velocidade Incompativel;Saida de leito carrocavel;Com Vitimas Feridas;Plena Noite;Ceu Claro;Curva
sabado;SC;Falta de Atencao Conducao;Colisao frontal;Com Vitimas Feridas;Plena Noite;Ceu Claro;Nao Informado
sabado;SC;Falta de Atencao Conducao;Colisao lateral;Com Vitimas Feridas;Pleno dia;Ceu Claro;Reta
sabado;RJ;Velocidade Incompativel;Tombamento;Sem Vitimas;Pleno dia;Ceu Claro;Rotatoria
terca-feira;PB;Falta de Atencao Conducao;Saida de leito carrocavel;Sem Vitimas;Pleno dia;Ceu Claro;Reta
sabado;BA;Ultrapassagem Indevida;Colisao lateral;Sem Vitimas;Pleno dia;Nublado;Reta
sabado;SP;Nao guardar distancia de seguranca;Colisao traseira;Com Vitimas Feridas;Pleno dia;Ceu Claro;Reta
sabado;SP;Falta de Atencao Conducao;Colisao lateral;Com Vitimas Feridas;Pleno dia;Nublado;Reta
sabado;RN;Falta de Atencao Conducao;Tombamento;Com Vitimas Feridas;Pleno dia;Sol;Curva
sabado;RN;Falta de Atencao Conducao;Colisao lateral;Sem Vitimas;Pleno dia;Sol;Reta
sabado;PR;Falta de Atencao Conducao;Queda de ocupante de veiculo;Com Vitimas Feridas;Pleno dia;Sol;Reta
sabado;MG;Avarias e/ou desgaste excessivo no pneu;Colisao com objeto estatico;Com Vitimas Feridas;Plena Noite;Ceu Claro;Reta
sabado;MG;Falta de Atencao Conducao;Colisao traseira;Sem Vitimas;Pleno dia;Ceu Claro;Reta
sabado;PR;Defeito Mecanico no Veiculo;Tombamento;Com Vitimas Feridas;Pleno dia;Ceu Claro;Nao Informado
sabado;RJ;Defeito Mecanico no Veiculo;Incendio;Sem Vitimas;Pleno dia;Ceu Claro;Reta
sabado;MG;Nao guardar distancia de seguranca;Colisao traseira;Sem Vitimas;Pleno dia;Ceu Claro;Reta
quinta-feira;PA;Animais na Pista;Atropelamento de Animal;Com Vitimas Feridas;Plena Noite;Nublado;Reta
sabado;SC;Falta de Atencao Conducao;Colisao transversal;Com Vitimas Feridas;Pleno dia;Ceu Claro;Reta
sabado;GO;Falta de Atencao Conducao;Saida de leito carrocavel;Com Vitimas Feridas;Pleno dia;Ceu Claro;Reta
sabado;PB;Falta de Atencao Conducao;Colisao com objeto estatico;Com Vitimas Feridas;Pleno dia;Ceu Claro;Ponte
sabado;MG;Avarias e/ou desgaste excessivo no pneu;Queda de ocupante de veiculo;Com Vitimas Feridas;Pleno dia;Sol;Desvio Temporario
sabado;PE;Desobediencia nas normas de transito pelo condutor;Colisao traseira;Com Vitimas Feridas;Pleno dia;Sol;Curva
sabado;ES;Condutor Dormindo;Saida de leito carrocavel;Com Vitimas Feridas;Pleno dia;Ceu Claro;Nao Informado
sabado;SC;Falta de Atencao Conducao;Colisao transversal;Com Vitimas Feridas;Pleno dia;Ceu Claro;Reta
sabado;GO;Desobediencia nas normas de transito pelo condutor;Colisao com objeto estatico;Sem Vitimas;Pleno dia;Ceu Claro;Curva
sabado;MG;Defeito Mecanico no Veiculo;Incendio;Sem Vitimas;Pleno dia;Ceu Claro;Intersecao de vias
sabado;RS;Falta de Atencao Conducao;Capotamento;Com Vitimas Feridas;Pleno dia;Garoa/Chuvisco;Reta
sabado;TO;Falta de Atencao Conducao;Colisao frontal;Com Vitimas Fatais;Pleno dia;Ceu Claro;Nao Informado
sabado;SC;Falta de Atencao Conducao;Colisao traseira;Com Vitimas Feridas;Pleno dia;Sol;Reta
sabado;SP;Falta de Atencao Conducao;Tombamento;Com Vitimas Feridas;Pleno dia;Sol;Reta
sabado;PR;Falta de Atencao Conducao;Colisao traseira;Com Vitimas Fatais;Pleno dia;Ceu Claro;Reta
sabado;SC;Falta de Atencao Conducao;Colisao traseira;Com Vitimas Feridas;Pleno dia;Ceu Claro;Reta
sabado;RJ;Falta de Atencao Conducao;Colisao com objeto estatico;Com Vitimas Feridas;Pleno dia;Ceu Claro;Ponte
sabado;BA;Falta de Atencao Conducao;Colisao frontal;Com Vitimas Fatais;Pleno dia;Ceu Claro;Curva
quinta-feira;RJ;Falta de Atencao Conducao;Colisao traseira;Com Vitimas Feridas;Pleno dia;Ceu Claro;Reta
sabado;PB;Velocidade Incompativel;Capotamento;Com Vitimas Feridas;Pleno dia;Sol;Nao Informado
sabado;RS;Condutor Dormindo;Saida de leito carrocavel;Sem Vitimas;Pleno dia;Nublado;Reta
sabado;MG;Falta de Atencao Conducao;Colisao lateral;Com Vitimas Feridas;Pleno dia;Ceu Claro;Reta
sabado;PR;Velocidade Incompativel;Colisao lateral;Com Vitimas Feridas;Pleno dia;Chuva;Reta
sabado;RS;Velocidade Incompativel;Colisao com objeto estatico;Com Vitimas Feridas;Pleno dia;Garoa/Chuvisco;Nao Informado
sabado;RS;Desobediencia nas normas de transito pelo condutor;Colisao transversal;Com Vitimas Feridas;Pleno dia;Nublado;Reta
sabado;PR;Falta de Atencao Conducao;Saida de leito carrocavel;Com Vitimas Feridas;Pleno dia;Sol;Desvio Temporario
sabado;SC;Falta de Atencao Conducao;Colisao traseira;Com Vitimas Feridas;Pleno dia;Ceu Claro;Reta
sabado;TO;Falta de Atencao Conducao;Tombamento;Com Vitimas Feridas;Pleno dia;Nublado;Reta
sabado;PE;Falta de Atencao Conducao;Colisao transversal;Com Vitimas Feridas;Pleno dia;Ceu Claro;Intersecao de vias
sabado;DF;Falta de Atencao do Pedestre;Atropelamento de Pedestre;Com Vitimas Feridas;Pleno dia;Ceu Claro;Curva
sabado;SC;Falta de Atencao Conducao;Saida de leito carrocavel;Com Vitimas Feridas;Pleno dia;Ceu Claro;Desvio Temporario
sabado;PA;Desobediencia nas normas de transito pelo condutor;Colisao lateral;Sem Vitimas;Pleno dia;Ceu Claro;Desvio Temporario
sabado;RJ;Mal Subito;Colisao com objeto estatico;Com Vitimas Feridas;Pleno dia;Ceu Claro;Reta
sabado;BA;Desobediencia nas normas de transito pelo condutor;Colisao transversal;Com Vitimas Feridas;Pleno dia;Ceu Claro;Reta
sabado;RJ;Falta de Atencao Conducao;Colisao lateral;Com Vitimas Feridas;Pleno dia;Sol;Nao Informado
sabado;RS;Velocidade Incompativel;Colisao lateral;Sem Vitimas;Pleno dia;Chuva;Viaduto
sabado;MG;Velocidade Incompativel;Saida de leito carrocavel;Com Vitimas Feridas;Pleno dia;Sol;Nao Informado
sabado;PR;Desobediencia nas normas de transito pelo condutor;Saida de leito carrocavel;Com Vitimas Feridas;Pleno dia;Chuva;Nao Informado
sabado;SC;Ingestao de Alcool e/ou substancias psicoativas pelo pedestre;Colisao lateral;Com Vitimas Feridas;Pleno dia;Nublado;Nao Informado
sabado;BA;Falta de Atencao Conducao;Colisao lateral;Sem Vitimas;Pleno dia;Sol;Reta
sabado;PE;Mal Subito;Tombamento;Com Vitimas Feridas;Pleno dia;Ceu Claro;Reta
sabado;MG;Ingestao de Alcool;Saida de leito carrocavel;Com Vitimas Feridas;Pleno dia;Ceu Claro;Reta
sabado;CE;Desobediencia nas normas de transito pelo condutor;Colisao transversal;Com Vitimas Feridas;Pleno dia;Ceu Claro;Reta
sabado;AC;Falta de Atencao Conducao;Colisao com objeto estatico;Com Vitimas Feridas;Pleno dia;Ceu Claro;Reta
sabado;MS;Nao guardar distancia de seguranca;Colisao traseira;Com Vitimas Feridas;Pleno dia;Sol;Rotatoria
sabado;SC;Desobediencia nas normas de transito pelo condutor;Colisao transversal;Com Vitimas Feridas;Pleno dia;Sol;Reta
sabado;PR;Velocidade Incompativel;Colisao traseira;Com Vitimas Feridas;Pleno dia;Nublado;Reta
sabado;PR;Falta de Atencao Conducao;Colisao traseira;Com Vitimas Feridas;Pleno dia;Ceu Claro;Reta
sabado;SC;Falta de Atencao Conducao;Colisao lateral;Com Vitimas Feridas;Pleno dia;Ceu Claro;Reta
sabado;BA;Condutor Dormindo;Saida de leito carrocavel;Sem Vitimas;Amanhecer;Nublado;Reta
sabado;MG;Ultrapassagem Indevida;Colisao frontal;Com Vitimas Feridas;Pleno dia;Sol;Nao Informado
sabado;RS;Nao guardar distancia de seguranca;Colisao lateral;Com Vitimas Feridas;Pleno dia;Ceu Claro;Reta
sabado;SP;Desobediencia nas normas de transito pelo condutor;Colisao lateral;Com Vitimas Feridas;Pleno dia;Sol;Reta
sabado;PR;Falta de Atencao Conducao;Colisao frontal;Com Vitimas Feridas;Pleno dia;Chuva;Curva
sabado;RJ;Falta de Atencao Conducao;Saida de leito carrocavel;Com Vitimas Feridas;Pleno dia;Ceu Claro;Reta
sabado;CE;Falta de Atencao Conducao;Colisao lateral;Com Vitimas Feridas;Pleno dia;Ceu Claro;Reta
sabado;BA;Ingestao de Alcool;Tombamento;Com Vitimas Feridas;Pleno dia;Sol;Retorno Regulamentado
sabado;DF;Ingestao de Alcool;Saida de leito carrocavel;Sem Vitimas;Pleno dia;Ceu Claro;Retorno Regulamentado
sabado;SP;Falta de Atencao Conducao;Tombamento;Com Vitimas Feridas;Pleno dia;Ceu Claro;Curva
sabado;MS;Condutor Dormindo;Colisao frontal;Com Vitimas Feridas;Pleno dia;Nublado;Reta
sabado;MG;Falta de Atencao Conducao;Saida de leito carrocavel;Sem Vitimas;Pleno dia;Ceu Claro;Curva
sabado;MT;Ingestao de Alcool;Queda de ocupante de veiculo;Com Vitimas Feridas;Pleno dia;Nublado;Reta
sabado;RJ;Desobediencia nas normas de transito pelo condutor;Colisao lateral;Com Vitimas Feridas;Pleno dia;Ceu Claro;Reta
sabado;SP;Falta de Atencao Conducao;Colisao traseira;Com Vitimas Feridas;Pleno dia;Nublado;Reta
sabado;AP;Avarias e/ou desgaste excessivo no pneu;Colisao lateral;Com Vitimas Feridas;Anoitecer;Chuva;Reta
sabado;PR;Desobediencia nas normas de transito pelo condutor;Colisao transversal;Com Vitimas Feridas;Anoitecer;Ceu Claro;Intersecao de vias
sabado;PE;Falta de Atencao Conducao;Colisao transversal;Com Vitimas Feridas;Pleno dia;Ceu Claro;Reta
sabado;SC;Velocidade Incompativel;Saida de leito carrocavel;Sem Vitimas;Pleno dia;Nublado;Reta
sabado;GO;Falta de Atencao Conducao;Queda de ocupante de veiculo;Com Vitimas Feridas;Pleno dia;Ceu Claro;Reta
sabado;GO;Defeito Mecanico no Veiculo;Colisao traseira;Com Vitimas Feridas;Anoitecer;Ceu Claro;Curva
sabado;MG;Velocidade Incompativel;Colisao lateral;Com Vitimas Feridas;Anoitecer;Ceu Claro;Nao Informado
sabado;CE;Falta de Atencao Conducao;Colisao lateral;Sem Vitimas;Anoitecer;Ceu Claro;Reta
sabado;ES;Ingestao de Alcool;Queda de ocupante de veiculo;Com Vitimas Feridas;Anoitecer;Ceu Claro;Intersecao de vias
sabado;MA;Desobedincia nas normas de transito pelo pedestre;Atropelamento de Pedestre;Com Vitimas Fatais;Pleno dia;Nublado;Desvio Temporario
sabado;SC;Ingestao de Alcool;Saida de leito carrocavel;Sem Vitimas;Pleno dia;Nublado;Intersecao de vias
sabado;RS;Pista Escorregadia;Saida de leito carrocavel;Com Vitimas Feridas;Pleno dia;Chuva;Reta
sabado;RO;Falta de Atencao Conducao;Queda de ocupante de veiculo;Com Vitimas Feridas;Pleno dia;Nublado;Reta
sabado;PI;Falta de Atencao Conducao;Colisao traseira;Com Vitimas Feridas;Pleno dia;Nublado;Reta
sabado;RJ;Falta de Atencao Conducao;Colisao traseira;Com Vitimas Feridas;Pleno dia;Ceu Claro;Reta
sabado;PR;Desobediencia nas normas de transito pelo condutor;Queda de ocupante de veiculo;Sem Vitimas;Pleno dia;Chuva;Reta
sabado;CE;Desobediencia nas normas de transito pelo condutor;Colisao transversal;Com Vitimas Fatais;Plena Noite;Ceu Claro;Nao Informado
sabado;MS;Ultrapassagem Indevida;Tombamento;Com Vitimas Feridas;Pleno dia;Ceu Claro;Reta
sabado;ES;Falta de Atencao Conducao;Colisao traseira;Com Vitimas Feridas;Pleno dia;Ceu Claro;Intersecao de vias
sabado;MA;Ingestao de Alcool;Colisao traseira;Com Vitimas Feridas;Anoitecer;Ceu Claro;Reta
sabado;SC;Ingestao de Alcool;Colisao frontal;Com Vitimas Feridas;Plena Noite;Chuva;Curva
sabado;PR;Falta de Atencao Conducao;Colisao lateral;Com Vitimas Feridas;Pleno dia;Chuva;Curva
sabado;PI;Falta de Atencao Conducao;Tombamento;Com Vitimas Feridas;Plena Noite;Chuva;Reta
sabado;PE;Agressao Externa;Colisao com objeto estatico;Com Vitimas Feridas;Plena Noite;Ceu Claro;Reta
sabado;PR;Velocidade Incompativel;Saida de leito carrocavel;Com Vitimas Feridas;Pleno dia;Sol;Curva
sabado;GO;Ingestao de Alcool;Colisao frontal;Com Vitimas Feridas;Plena Noite;Ceu Claro;Intersecao de vias
sabado;SC;Desobediencia nas normas de transito pelo condutor;Colisao frontal;Com Vitimas Feridas;Plena Noite;Chuva;Curva
sabado;SC;Ingestao de Alcool;Capotamento;Com Vitimas Feridas;Plena Noite;Chuva;Nao Informado
sabado;RN;Falta de Atencao do Pedestre;Atropelamento de Pedestre;Com Vitimas Feridas;Plena Noite;Nublado;Curva
sabado;SC;Falta de Atencao Conducao;Colisao traseira;Sem Vitimas;Plena Noite;Chuva;Reta
sabado;ES;Velocidade Incompativel;Tombamento;Com Vitimas Feridas;Plena Noite;Ceu Claro;Retorno Regulamentado
sabado;DF;Desobediencia nas normas de transito pelo condutor;Colisao traseira;Com Vitimas Feridas;Plena Noite;Ceu Claro;Retorno Regulamentado
sabado;SP;Nao guardar distancia de seguranca;Colisao traseira;Com Vitimas Feridas;Plena Noite;Ceu Claro;Reta
sabado;SC;Desobediencia nas normas de transito pelo condutor;Colisao transversal;Com Vitimas Feridas;Plena Noite;Chuva;Reta
sabado;SC;Falta de Atencao Conducao;Colisao transversal;Com Vitimas Feridas;Plena Noite;Chuva;Reta
sabado;PB;Desobediencia nas normas de transito pelo condutor;Colisao lateral;Com Vitimas Feridas;Plena Noite;Ceu Claro;Desvio Temporario
sabado;PB;Falta de Atencao Conducao;Colisao traseira;Com Vitimas Feridas;Plena Noite;Ceu Claro;Reta
sabado;SC;Falta de Atencao Conducao;Colisao frontal;Com Vitimas Feridas;Pleno dia;Chuva;Curva
sabado;BA;Falta de Atencao Conducao;Colisao transversal;Com Vitimas Feridas;Pleno dia;Ceu Claro;Reta
sabado;MG;Velocidade Incompativel;Saida de leito carrocavel;Com Vitimas Feridas;Plena Noite;Ceu Claro;Nao Informado
sabado;MG;Avarias e/ou desgaste excessivo no pneu;Tombamento;Com Vitimas Feridas;Plena Noite;Ceu Claro;Nao Informado
sabado;PR;Falta de Atencao Conducao;Colisao lateral;Com Vitimas Feridas;Plena Noite;Nublado;Curva
sabado;PR;Falta de Atencao Conducao;Saida de leito carrocavel;Com Vitimas Feridas;Plena Noite;Chuva;Reta
sabado;MA;Falta de Atencao Conducao;Saida de leito carrocavel;Com Vitimas Feridas;Plena Noite;Ceu Claro;Reta
sabado;PR;Desobediencia nas normas de transito pelo condutor;Colisao transversal;Com Vitimas Feridas;Plena Noite;Ceu Claro;Intersecao de vias
sabado;PB;Desobediencia nas normas de transito pelo condutor;Colisao com objeto estatico;Sem Vitimas;Plena Noite;Ceu Claro;Retorno Regulamentado
sabado;BA;Ingestao de Alcool;Queda de ocupante de veiculo;Com Vitimas Feridas;Plena Noite;Ceu Claro;Curva
sabado;SP;Falta de Atencao Conducao;Colisao traseira;Com Vitimas Feridas;Plena Noite;Ceu Claro;Nao Informado
sabado;PR;Ingestao de Alcool;Colisao transversal;Com Vitimas Fatais;Plena Noite;Ceu Claro;Reta
sabado;SC;Falta de Atencao Conducao;Colisao traseira;Com Vitimas Feridas;Plena Noite;Nublado;Reta
sabado;RS;Animais na Pista;Atropelamento de Animal;Com Vitimas Feridas;Plena Noite;Vento;Reta
sabado;RS;Velocidade Incompativel;Colisao traseira;Com Vitimas Feridas;Plena Noite;Nublado;Reta
sabado;MA;Desobedincia nas normas de transito pelo pedestre;Atropelamento de Pedestre;Com Vitimas Feridas;Plena Noite;Garoa/Chuvisco;Reta
sabado;BA;Agressao Externa;Tombamento;Sem Vitimas;Plena Noite;Ceu Claro;Reta
sabado;SP;Falta de Atencao Conducao;Colisao traseira;Com Vitimas Feridas;Plena Noite;Ceu Claro;Reta
sabado;PE;Ingestao de Alcool;Colisao traseira;Sem Vitimas;Plena Noite;Ceu Claro;Reta
sabado;CE;Ingestao de Alcool;Colisao frontal;Com Vitimas Feridas;Plena Noite;Ceu Claro;Reta
domingo;PE;Falta de Atencao Conducao;Colisao com objeto estatico;Com Vitimas Fatais;Plena Noite;Ceu Claro;Nao Informado
domingo;PA;Falta de Atencao Conducao;Colisao traseira;Com Vitimas Feridas;Plena Noite;Ceu Claro;Reta
domingo;PR;Velocidade Incompativel;Saida de leito carrocavel;Sem Vitimas;Plena Noite;Garoa/Chuvisco;Intersecao de vias
domingo;RS;Velocidade Incompativel;Capotamento;Sem Vitimas;Plena Noite;Nublado;Reta
domingo;MG;Falta de Atencao Conducao;Saida de leito carrocavel;Com Vitimas Feridas;Plena Noite;Ceu Claro;Reta
domingo;SP;Defeito Mecanico no Veiculo;Incendio;Sem Vitimas;Plena Noite;Nublado;Reta
domingo;RS;Velocidade Incompativel;Colisao com objeto estatico;Com Vitimas Fatais;Plena Noite;Ceu Claro;Reta
domingo;MT;Defeito Mecanico no Veiculo;Colisao com objeto estatico;Sem Vitimas;Plena Noite;Ceu Claro;Reta
domingo;PR;Falta de Atencao Conducao;Capotamento;Com Vitimas Feridas;Plena Noite;Ceu Claro;Reta
domingo;PR;Falta de Atencao Conducao;Colisao lateral;Sem Vitimas;Plena Noite;Nublado;Reta
domingo;PE;Condutor Dormindo;Colisao lateral;Sem Vitimas;Plena Noite;Ceu Claro;Intersecao de vias
domingo;GO;Velocidade Incompativel;Colisao traseira;Com Vitimas Feridas;Plena Noite;Ceu Claro;Reta
domingo;MG;Mal Subito;Saida de leito carrocavel;Com Vitimas Feridas;Plena Noite;Ceu Claro;Reta
domingo;SC;Ingestao de Alcool;Colisao com objeto estatico;Com Vitimas Feridas;Plena Noite;Nublado;Reta
domingo;GO;Defeito na Via;Tombamento;Com Vitimas Feridas;Plena Noite;Ceu Claro;Reta
domingo;GO;Ingestao de Alcool;Tombamento;Com Vitimas Feridas;Plena Noite;Ceu Claro;Reta
domingo;GO;Animais na Pista;Atropelamento de Animal;Com Vitimas Feridas;Plena Noite;Ceu Claro;Reta
domingo;SP;Falta de Atencao Conducao;Saida de leito carrocavel;Com Vitimas Feridas;Plena Noite;Ceu Claro;Reta
domingo;MG;Velocidade Incompativel;Colisao com objeto estatico;Com Vitimas Feridas;Plena Noite;Ceu Claro;Retorno Regulamentado
domingo;SP;Falta de Atencao Conducao;Capotamento;Com Vitimas Feridas;Plena Noite;Ceu Claro;Desvio Temporario
sabado;SC;Defeito Mecanico no Veiculo;Tombamento;Com Vitimas Feridas;Pleno dia;Nublado;Reta
sabado;MS;Falta de Atencao Conducao;Saida de leito carrocavel;Com Vitimas Feridas;Pleno dia;Ceu Claro;Desvio Temporario
domingo;MS;Desobediencia nas normas de transito pelo condutor;Colisao transversal;Com Vitimas Feridas;Plena Noite;Ceu Claro;Reta
domingo;PE;Mal Subito;Capotamento;Com Vitimas Feridas;Plena Noite;Ceu Claro;Desvio Temporario
domingo;PR;Ingestao de Alcool;Colisao traseira;Sem Vitimas;Amanhecer;Nublado;Reta
domingo;RN;Falta de Atencao Conducao;Colisao traseira;Com Vitimas Feridas;Pleno dia;Ceu Claro;Reta
domingo;PR;Falta de Atencao Conducao;Queda de ocupante de veiculo;Com Vitimas Feridas;Pleno dia;Ceu Claro;Nao Informado
domingo;PB;Velocidade Incompativel;Saida de leito carrocavel;Sem Vitimas;Pleno dia;Chuva;Nao Informado
domingo;AL;Pista Escorregadia;Saida de leito carrocavel;Sem Vitimas;Amanhecer;Garoa/Chuvisco;Curva
domingo;MG;Ingestao de Alcool;Colisao lateral;Com Vitimas Feridas;Pleno dia;Sol;Nao Informado
domingo;RJ;Velocidade Incompativel;Tombamento;Com Vitimas Feridas;Pleno dia;Ceu Claro;Nao Informado
domingo;ES;Falta de Atencao Conducao;Queda de ocupante de veiculo;Com Vitimas Feridas;Amanhecer;Sol;Reta
domingo;RR;Condutor Dormindo;Colisao frontal;Com Vitimas Fatais;Pleno dia;Ceu Claro;Reta
quinta-feira;MG;Falta de Atencao Conducao;Saida de leito carrocavel;Sem Vitimas;Plena Noite;Ceu Claro;Reta
domingo;ES;Desobediencia nas normas de transito pelo condutor;Colisao frontal;Com Vitimas Feridas;Pleno dia;Sol;Reta
domingo;GO;Defeito Mecanico no Veiculo;Queda de ocupante de veiculo;Com Vitimas Feridas;Pleno dia;Sol;Reta
domingo;SC;Condutor Dormindo;Colisao com objeto estatico;Com Vitimas Feridas;Amanhecer;Ceu Claro;Reta
terca-feira;PR;Falta de Atencao Conducao;Atropelamento de Pedestre;Com Vitimas Fatais;Pleno dia;Sol;Reta
domingo;RJ;Falta de Atencao Conducao;Colisao com objeto estatico;Com Vitimas Feridas;Pleno dia;Ceu Claro;Reta
domingo;MG;Falta de Atencao Conducao;Colisao traseira;Com Vitimas Feridas;Pleno dia;Ceu Claro;Reta
domingo;GO;Falta de Atencao Conducao;Colisao transversal;Com Vitimas Feridas;Pleno dia;Sol;Reta
domingo;BA;Falta de Atencao Conducao;Colisao transversal;Sem Vitimas;Pleno dia;Ceu Claro;Reta
domingo;RS;Condutor Dormindo;Colisao traseira;Com Vitimas Feridas;Pleno dia;Nublado;Reta
domingo;CE;Falta de Atencao Conducao;Queda de ocupante de veiculo;Com Vitimas Feridas;Pleno dia;Ceu Claro;Reta
domingo;RS;Velocidade Incompativel;Saida de leito carrocavel;Com Vitimas Feridas;Pleno dia;Chuva;Nao Informado
domingo;AL;Velocidade Incompativel;Saida de leito carrocavel;Com Vitimas Feridas;Pleno dia;Chuva;Curva
domingo;SP;Desobediencia nas normas de transito pelo condutor;Colisao traseira;Com Vitimas Feridas;Pleno dia;Ceu Claro;Rotatoria
domingo;RS;Velocidade Incompativel;Saida de leito carrocavel;Com Vitimas Feridas;Pleno dia;Chuva;Curva
domingo;RJ;Ultrapassagem Indevida;Colisao frontal;Com Vitimas Feridas;Pleno dia;Ceu Claro;Nao Informado
domingo;RO;Falta de Atencao Conducao;Colisao transversal;Sem Vitimas;Pleno dia;Ceu Claro;Reta
domingo;ES;Falta de Atencao Conducao;Queda de ocupante de veiculo;Com Vitimas Feridas;Pleno dia;Sol;Desvio Temporario
domingo;AL;Falta de Atencao Conducao;Colisao transversal;Com Vitimas Feridas;Pleno dia;Nublado;Intersecao de vias
domingo;CE;Falta de Atencao Conducao;Colisao transversal;Com Vitimas Feridas;Pleno dia;Nublado;Intersecao de vias
domingo;MG;Falta de Atencao Conducao;Capotamento;Com Vitimas Feridas;Pleno dia;Sol;Reta
domingo;RJ;Falta de Atencao Conducao;Tombamento;Sem Vitimas;Pleno dia;Nublado;Curva
domingo;RJ;Ingestao de Alcool;Saida de leito carrocavel;Com Vitimas Feridas;Pleno dia;Ceu Claro;Reta
domingo;MG;Condutor Dormindo;Saida de leito carrocavel;Com Vitimas Feridas;Pleno dia;Ceu Claro;Curva
domingo;PB;Falta de Atencao do Pedestre;Atropelamento de Pedestre;Com Vitimas Fatais;Pleno dia;Ceu Claro;Reta
domingo;PE;Falta de Atencao Conducao;Colisao frontal;Com Vitimas Feridas;Pleno dia;Nublado;Curva
domingo;SC;Condutor Dormindo;Saida de leito carrocavel;Com Vitimas Feridas;Pleno dia;Garoa/Chuvisco;Curva
domingo;MG;Defeito na Via;Tombamento;Com Vitimas Feridas;Pleno dia;Ceu Claro;Curva
domingo;RS;Desobediencia nas normas de transito pelo condutor;Colisao frontal;Com Vitimas Feridas;Pleno dia;Ceu Claro;Reta
domingo;SC;Falta de Atencao Conducao;Saida de leito carrocavel;Com Vitimas Feridas;Pleno dia;Garoa/Chuvisco;Curva
domingo;RJ;Agressao Externa;Colisao com objeto estatico;Sem Vitimas;Pleno dia;Ceu Claro;Curva
domingo;GO;Defeito na Via;Saida de leito carrocavel;Com Vitimas Feridas;Pleno dia;Ceu Claro;Desvio Temporario
domingo;MG;Falta de Atencao Conducao;Colisao com objeto estatico;Com Vitimas Feridas;Plena Noite;Ceu Claro;Reta
terca-feira;GO;Condutor Dormindo;Colisao frontal;Com Vitimas Fatais;Plena Noite;Ceu Claro;Curva
domingo;MG;Agressao Externa;Queda de ocupante de veiculo;Com Vitimas Feridas;Pleno dia;Ceu Claro;Nao Informado
sabado;DF;Velocidade Incompativel;Colisao com objeto estatico;Com Vitimas Feridas;Plena Noite;Ignorado;Desvio Temporario
domingo;BA;Defeito Mecanico no Veiculo;Colisao traseira;Com Vitimas Feridas;Pleno dia;Sol;Ponte
quinta-feira;RJ;Falta de Atencao Conducao;Colisao traseira;Com Vitimas Feridas;Pleno dia;Ceu Claro;Reta
domingo;SC;Ultrapassagem Indevida;Colisao frontal;Com Vitimas Fatais;Pleno dia;Chuva;Reta
domingo;MG;Falta de Atencao Conducao;Queda de ocupante de veiculo;Com Vitimas Feridas;Pleno dia;Ceu Claro;Reta
domingo;BA;Nao guardar distancia de seguranca;Colisao lateral;Com Vitimas Feridas;Pleno dia;Ceu Claro;Reta
domingo;PI;Falta de Atencao Conducao;Colisao transversal;Com Vitimas Feridas;Pleno dia;Nublado;Reta
domingo;SP;Ultrapassagem Indevida;Colisao transversal;Com Vitimas Feridas;Pleno dia;Ceu Claro;Nao Informado
domingo;CE;Condutor Dormindo;Saida de leito carrocavel;Com Vitimas Feridas;Pleno dia;Ceu Claro;Reta
domingo;SP;Defeito Mecanico no Veiculo;Tombamento;Com Vitimas Feridas;Pleno dia;Sol;Reta
domingo;ES;Falta de Atencao Conducao;Colisao com objeto estatico;Sem Vitimas;Pleno dia;Ceu Claro;Reta
domingo;PR;Avarias e/ou desgaste excessivo no pneu;Queda de ocupante de veiculo;Com Vitimas Feridas;Pleno dia;Sol;Reta
domingo;RJ;Nao guardar distancia de seguranca;Colisao traseira;Com Vitimas Feridas;Pleno dia;Ceu Claro;Reta
domingo;RS;Falta de Atencao Conducao;Colisao traseira;Com Vitimas Feridas;Pleno dia;Nublado;Reta
domingo;SC;Velocidade Incompativel;Saida de leito carrocavel;Com Vitimas Feridas;Pleno dia;Chuva;Curva
domingo;SC;Falta de Atencao Conducao;Saida de leito carrocavel;Com Vitimas Feridas;Pleno dia;Chuva;Reta
domingo;PB;Velocidade Incompativel;Saida de leito carrocavel;Com Vitimas Feridas;Pleno dia;Nublado;Curva
sabado;BA;Ingestao de Alcool;Colisao com objeto em movimento;Com Vitimas Feridas;Plena Noite;Ceu Claro;Curva
domingo;RS;Falta de Atencao Conducao;Saida de leito carrocavel;Com Vitimas Feridas;Pleno dia;Ceu Claro;Reta