dia_semana;uf;causa_acidente;tipo_acidente;classificacao_acidente;fase_dia;condicao_metereologica;tracado_via
quinta-feira;RN;Falta de Atencao Conducao;Capotamento;Com Vitimas Feridas;Pleno dia;Ceu Claro;Reta
quinta-feira;RS;Falta de Atencao Conducao;Colisao transversal;Com Vitimas Feridas;Pleno dia;Ceu Claro;Curva
quinta-feira;PI;Defeito Mecanico no Veiculo;Incendio;Sem Vitimas;Pleno dia;Sol;Reta
quinta-feira;ES;Velocidade Incompativel;Colisao frontal;Com Vitimas Fatais;Pleno dia;Garoa/Chuvisco;Curva
quinta-feira;MG;Velocidade Incompativel;Colisao traseira;Com Vitimas Feridas;Pleno dia;Ceu Claro;Reta
quinta-feira;GO;Pista Escorregadia;Saida de leito carrocavel;Com Vitimas Feridas;Pleno dia;Chuva;Reta
quinta-feira;AL;Velocidade Incompativel;Tombamento;Sem Vitimas;Pleno dia;Ceu Claro;Nao Informado
quinta-feira;PR;Velocidade Incompativel;Saida de leito carrocavel;Com Vitimas Fatais;Pleno dia;Sol;Curva
quinta-feira;AM;Animais na Pista;Atropelamento de Animal;Sem Vitimas;Pleno dia;Ceu Claro;Reta
quinta-feira;RO;Falta de Atencao Conducao;Queda de ocupante de veiculo;Com Vitimas Feridas;Pleno dia;Ceu Claro;Reta
quinta-feira;SC;Defeito Mecanico no Veiculo;Queda de ocupante de veiculo;Com Vitimas Feridas;Pleno dia;Ceu Claro;Reta
quinta-feira;CE;Ultrapassagem Indevida;Colisao lateral;Com Vitimas Feridas;Pleno dia;Chuva;Curva
quinta-feira;MG;Falta de Atencao Conducao;Colisao transversal;Com Vitimas Feridas;Pleno dia;Nublado;Intersecao de vias
quinta-feira;MG;Velocidade Incompativel;Saida de leito carrocavel;Com Vitimas Feridas;Pleno dia;Chuva;Reta
quinta-feira;SP;Nao guardar distancia de seguranca;Colisao lateral;Com Vitimas Feridas;Pleno dia;Ceu Claro;Reta
quinta-feira;PB;Nao guardar distancia de seguranca;Colisao traseira;Com Vitimas Feridas;Pleno dia;Ceu Claro;Reta
quinta-feira;SC;Ultrapassagem Indevida;Colisao frontal;Com Vitimas Fatais;Pleno dia;Ceu Claro;Curva
quinta-feira;PR;Falta de Atencao Conducao;Engavetamento;Com Vitimas Feridas;Anoitecer;Ceu Claro;Reta
quinta-feira;SC;Velocidade Incompativel;Colisao traseira;Com Vitimas Feridas;Pleno dia;Ceu Claro;Reta
quinta-feira;PR;Nao guardar distancia de seguranca;Colisao lateral;Com Vitimas Feridas;Pleno dia;Sol;Reta
quinta-feira;PR;Nao guardar distancia de seguranca;Colisao traseira;Com Vitimas Feridas;Pleno dia;Sol;Nao Informado
quinta-feira;RJ;Falta de Atencao Conducao;Queda de ocupante de veiculo;Com Vitimas Feridas;Pleno dia;Nublado;Reta
quinta-feira;PB;Falta de Atencao Conducao;Colisao traseira;Com Vitimas Feridas;Pleno dia;Ceu Claro;Reta
quinta-feira;PR;Nao guardar distancia de seguranca;Colisao com objeto estatico;Com Vitimas Feridas;Pleno dia;Sol;Retorno Regulamentado
quinta-feira;SC;Falta de Atencao Conducao;Queda de ocupante de veiculo;Com Vitimas Feridas;Pleno dia;Sol;Reta
quinta-feira;PE;Desobediencia nas normas de transito pelo condutor;Colisao transversal;Com Vitimas Feridas;Pleno dia;Ceu Claro;Nao Informado
quinta-feira;MG;Velocidade Incompativel;Colisao frontal;Com Vitimas Feridas;Pleno dia;Nublado;Curva
quinta-feira;SC;Desobediencia nas normas de transito pelo condutor;Colisao lateral;Com Vitimas Feridas;Pleno dia;Ceu Claro;Reta
quinta-feira;RJ;Defeito Mecanico no Veiculo;Colisao lateral;Com Vitimas Feridas;Pleno dia;Nublado;Curva
quinta-feira;ES;Defeito Mecanico no Veiculo;Incendio;Sem Vitimas;Pleno dia;Chuva;Reta
quinta-feira;RS;Falta de Atencao Conducao;Colisao transversal;Com Vitimas Feridas;Pleno dia;Ceu Claro;Reta
quinta-feira;SP;Defeito na Via;Tombamento;Com Vitimas Feridas;Pleno dia;Ceu Claro;Reta
quinta-feira;MG;Mal Subito;Saida de leito carrocavel;Com Vitimas Feridas;Pleno dia;Nublado;Curva
quinta-feira;SC;Falta de Atencao Conducao;Colisao traseira;Com Vitimas Feridas;Pleno dia;Ceu Claro;Retorno Regulamentado
quinta-feira;RJ;Desobediencia nas normas de transito pelo condutor;Colisao traseira;Com Vitimas Feridas;Pleno dia;Ceu Claro;Intersecao de vias
quinta-feira;MG;Falta de Atencao Conducao;Tombamento;Sem Vitimas;Anoitecer;Ceu Claro;Retorno Regulamentado
quinta-feira;MT;Defeito Mecanico no Veiculo;Saida de leito carrocavel;Sem Vitimas;Pleno dia;Chuva;Reta
quinta-feira;CE;Falta de Atencao Conducao;Colisao traseira;Com Vitimas Feridas;Anoitecer;Nublado;Curva
quinta-feira;PB;Falta de Atencao do Pedestre;Atropelamento de Pedestre;Com Vitimas Fatais;Pleno dia;Ceu Claro;Reta
quinta-feira;BA;Falta de Atencao do Pedestre;Atropelamento de Pedestre;Com Vitimas Feridas;Anoitecer;Ceu Claro;Desvio Temporario
quinta-feira;BA;Ingestao de Alcool;Colisao lateral;Com Vitimas Feridas;Pleno dia;Ceu Claro;Reta
quinta-feira;CE;Defeito na Via;Tombamento;Com Vitimas Feridas;Plena Noite;Nublado;Rotatoria
quinta-feira;ES;Falta de Atencao do Pedestre;Atropelamento de Pedestre;Com Vitimas Feridas;Plena Noite;Chuva;Reta
quinta-feira;MA;Desobediencia nas normas de transito pelo condutor;Colisao transversal;Com Vitimas Feridas;Plena Noite;Ceu Claro;Reta
quinta-feira;ES;Falta de Atencao Conducao;Colisao transversal;Com Vitimas Feridas;Plena Noite;Ceu Claro;Reta
quinta-feira;GO;Velocidade Incompativel;Saida de leito carrocavel;Com Vitimas Feridas;Plena Noite;Nublado;Reta
quinta-feira;SC;Nao guardar distancia de seguranca;Colisao traseira;Com Vitimas Feridas;Pleno dia;Ceu Claro;Nao Informado
quinta-feira;MT;Falta de Atencao Conducao;Colisao traseira;Com Vitimas Feridas;Pleno dia;Ceu Claro;Retorno Regulamentado
quinta-feira;GO;Pista Escorregadia;Colisao com objeto estatico;Com Vitimas Feridas;Pleno dia;Chuva;Reta
quinta-feira;MT;Defeito Mecanico no Veiculo;Incendio;Sem Vitimas;Pleno dia;Ceu Claro;Desvio Temporario
quinta-feira;BA;Defeito Mecanico no Veiculo;Incendio;Sem Vitimas;Pleno dia;Nublado;Reta
quinta-feira;ES;Pista Escorregadia;Saida de leito carrocavel;Com Vitimas Feridas;Plena Noite;Chuva;Curva
quinta-feira;DF;Animais na Pista;Atropelamento de Animal;Com Vitimas Feridas;Plena Noite;Nublado;Reta
quinta-feira;RJ;Falta de Atencao Conducao;Colisao lateral;Sem Vitimas;Anoitecer;Ceu Claro;Reta
quinta-feira;PR;Ingestao de Substancias Psicoativas;Colisao transversal;Com Vitimas Feridas;Plena Noite;Nublado;Reta
quinta-feira;PA;Ingestao de Alcool;Colisao traseira;Com Vitimas Feridas;Plena Noite;Ceu Claro;Reta
quinta-feira;MT;Falta de Atencao Conducao;Queda de ocupante de veiculo;Com Vitimas Feridas;Plena Noite;Ceu Claro;Reta
quinta-feira;MT;Falta de Atencao Conducao;Engavetamento;Sem Vitimas;Pleno dia;Ceu Claro;Reta
quinta-feira;PR;Falta de Atencao Conducao;Saida de leito carrocavel;Com Vitimas Feridas;Pleno dia;Ceu Claro;Curva
quinta-feira;MT;Desobediencia nas normas de transito pelo condutor;Colisao traseira;Com Vitimas Feridas;Plena Noite;Ceu Claro;Reta
quinta-feira;RJ;Falta de Atencao do Pedestre;Atropelamento de Pedestre;Com Vitimas Feridas;Plena Noite;Ceu Claro;Nao Informado
quinta-feira;SP;Falta de Atencao Conducao;Tombamento;Com Vitimas Feridas;Plena Noite;Ceu Claro;Reta
quinta-feira;CE;Animais na Pista;Atropelamento de Animal;Sem Vitimas;Plena Noite;Ceu Claro;Reta
quinta-feira;MG;Velocidade Incompativel;Colisao com objeto estatico;Com Vitimas Feridas;Plena Noite;Nublado;Curva
quinta-feira;MG;Defeito Mecanico no Veiculo;Colisao frontal;Com Vitimas Fatais;Plena Noite;Ignorado;Reta
quinta-feira;PI;Ultrapassagem Indevida;Colisao transversal;Com Vitimas Feridas;Plena Noite;Chuva;Reta
quinta-feira;CE;Animais na Pista;Atropelamento de Animal;Com Vitimas Feridas;Plena Noite;Ceu Claro;Reta
sexta-feira;SP;Falta de Atencao Conducao;Colisao traseira;Com Vitimas Feridas;Plena Noite;Ceu Claro;Reta
sexta-feira;GO;Falta de Atencao do Pedestre;Atropelamento de Pedestre;Com Vitimas Fatais;Plena Noite;Ceu Claro;Desvio Temporario
sexta-feira;SP;Velocidade Incompativel;Tombamento;Com Vitimas Feridas;Plena Noite;Ceu Claro;Reta
quinta-feira;CE;Animais na Pista;Atropelamento de Animal;Com Vitimas Feridas;Plena Noite;Ceu Claro;Reta
quinta-feira;MG;Falta de Atencao Conducao;Saida de leito carrocavel;Sem Vitimas;Plena Noite;Nublado;Reta
sexta-feira;GO;Animais na Pista;Atropelamento de Animal;Com Vitimas Feridas;Plena Noite;Ceu Claro;Reta
sexta-feira;MT;Condutor Dormindo;Colisao frontal;Com Vitimas Fatais;Plena Noite;Ceu Claro;Reta
sexta-feira;CE;Falta de Atencao Conducao;Colisao com objeto estatico;Sem Vitimas;Plena Noite;Nublado;Nao Informado
sexta-feira;SP;Agressao Externa;Queda de ocupante de veiculo;Com Vitimas Feridas;Plena Noite;Ceu Claro;Reta
sexta-feira;RO;Ingestao de Alcool;Colisao transversal;Com Vitimas Feridas;Plena Noite;Ceu Claro;Reta
sexta-feira;MT;Falta de Atencao Conducao;Colisao traseira;Com Vitimas Feridas;Plena Noite;Garoa/Chuvisco;Reta
sexta-feira;PR;Falta de Atencao Conducao;Saida de leito carrocavel;Com Vitimas Feridas;Amanhecer;Nublado;Reta
sexta-feira;SC;Condutor Dormindo;Tombamento;Com Vitimas Feridas;Plena Noite;Ceu Claro;Curva
sexta-feira;CE;Condutor Dormindo;Colisao com objeto estatico;Com Vitimas Feridas;Plena Noite;Ceu Claro;Reta
sexta-feira;SC;Ingestao de Alcool;Tombamento;Com Vitimas Feridas;Amanhecer;Ceu Claro;Rotatoria
sexta-feira;SC;Desobediencia nas normas de transito pelo condutor;Saida de leito carrocavel;Com Vitimas Fatais;Plena Noite;Ceu Claro;Curva
sexta-feira;RJ;Falta de Atencao Conducao;Colisao traseira;Sem Vitimas;Amanhecer;Ceu Claro;Curva
sexta-feira;PE;Falta de Atencao Conducao;Colisao traseira;Com Vitimas Feridas;Pleno dia;Ceu Claro;Nao Informado
sexta-feira;RJ;Ingestao de Alcool;Atropelamento de Pedestre;Com Vitimas Fatais;Plena Noite;Ceu Claro;Reta
sexta-feira;ES;Animais na Pista;Atropelamento de Animal;Com Vitimas Feridas;Amanhecer;Nublado;Reta
sexta-feira;RN;Falta de Atencao Conducao;Colisao lateral;Com Vitimas Feridas;Pleno dia;Ceu Claro;Reta
sexta-feira;BA;Mal Subito;Saida de leito carrocavel;Com Vitimas Feridas;Amanhecer;Ceu Claro;Reta
sexta-feira;MS;Desobediencia nas normas de transito pelo condutor;Colisao lateral;Com Vitimas Feridas;Pleno dia;Ceu Claro;Intersecao de vias
sexta-feira;GO;Defeito Mecanico no Veiculo;Saida de leito carrocavel;Com Vitimas Feridas;Amanhecer;Nublado;Nao Informado
sexta-feira;RJ;Condutor Dormindo;Colisao traseira;Com Vitimas Feridas;Amanhecer;Ceu Claro;Reta
sexta-feira;SC;Falta de Atencao Conducao;Colisao transversal;Com Vitimas Feridas;Amanhecer;Ceu Claro;Reta
sexta-feira;DF;Desobediencia nas normas de transito pelo condutor;Colisao transversal;Com Vitimas Feridas;Pleno dia;Ceu Claro;Reta
sexta-feira;PI;Pista Escorregadia;Tombamento;Com Vitimas Feridas;Amanhecer;Chuva;Reta
sexta-feira;SC;Falta de Atencao Conducao;Colisao lateral;Com Vitimas Feridas;Pleno dia;Sol;Intersecao de vias
domingo;RS;Velocidade Incompativel;Saida de leito carrocavel;Com Vitimas Fatais;Plena Noite;Nublado;Reta
sexta-feira;MS;Falta de Atencao Conducao;Colisao traseira;Com Vitimas Feridas;Pleno dia;Ceu Claro;Reta
sexta-feira;MG;Nao guardar distancia de seguranca;Colisao traseira;Sem Vitimas;Pleno dia;Ceu Claro;Reta
sexta-feira;MG;Ingestao de Alcool;Capotamento;Com Vitimas Feridas;Amanhecer;Nevoeiro/Neblina;Nao Informado
sexta-feira;SC;Falta de Atencao Conducao;Saida de leito carrocavel;Sem Vitimas;Amanhecer;Ceu Claro;Curva
sexta-feira;MG;Nao guardar distancia de seguranca;Engavetamento;Com Vitimas Feridas;Pleno dia;Ceu Claro;Reta
sexta-feira;ES;Ingestao de Alcool;Colisao lateral;Com Vitimas Feridas;Amanhecer;Sol;Curva
sexta-feira;MG;Condutor Dormindo;Saida de leito carrocavel;Com Vitimas Feridas;Pleno dia;Nublado;Reta
sexta-feira;RS;Falta de Atencao Conducao;Colisao traseira;Com Vitimas Feridas;Plena Noite;Ceu Claro;Reta
sexta-feira;SC;Falta de Atencao do Pedestre;Atropelamento de Pedestre;Com Vitimas Feridas;Pleno dia;Ceu Claro;Reta
sexta-feira;MS;Falta de Atencao Conducao;Colisao lateral;Com Vitimas Feridas;Pleno dia;Ceu Claro;Rotatoria
sexta-feira;PB;Nao guardar distancia de seguranca;Colisao lateral;Com Vitimas Feridas;Pleno dia;Nublado;Reta
sexta-feira;RJ;Falta de Atencao Conducao;Colisao lateral;Com Vitimas Feridas;Pleno dia;Ceu Claro;Reta
sexta-feira;SC;Falta de Atencao Conducao;Saida de leito carrocavel;Com Vitimas Feridas;Pleno dia;Ceu Claro;Reta
sexta-feira;MS;Falta de Atencao Conducao;Colisao transversal;Sem Vitimas;Pleno dia;Ceu Claro;Reta
sexta-feira;RJ;Pista Escorregadia;Queda de ocupante de veiculo;Com Vitimas Feridas;Amanhecer;Ceu Claro;Curva
quinta-feira;SC;Ultrapassagem Indevida;Colisao lateral;Com Vitimas Feridas;Plena Noite;Nublado;Reta
sexta-feira;PR;Velocidade Incompativel;Saida de leito carrocavel;Com Vitimas Feridas;Amanhecer;Garoa/Chuvisco;Nao Informado
quinta-feira;AC;Ingestao de Alcool;Colisao frontal;Com Vitimas Feridas;Pleno dia;Nublado;Reta
sexta-feira;SP;Falta de Atencao Conducao;Colisao transversal;Com Vitimas Feridas;Amanhecer;Ceu Claro;Rotatoria
sexta-feira;GO;Ingestao de Alcool;Colisao transversal;Sem Vitimas;Amanhecer;Ceu Claro;Reta
sexta-feira;RS;Desobedincia nas normas de transito pelo pedestre;Atropelamento de Pedestre;Com Vitimas Fatais;Pleno dia;Ceu Claro;Retorno Regulamentado
sexta-feira;SC;Desobediencia nas normas de transito pelo condutor;Colisao transversal;Com Vitimas Feridas;Pleno dia;Ceu Claro;Reta
domingo;MG;Desobediencia nas normas de transito pelo condutor;Colisao frontal;Com Vitimas Feridas;Plena Noite;Ignorado;Reta
sexta-feira;SE;Condutor Dormindo;Queda de ocupante de veiculo;Com Vitimas Feridas;Pleno dia;Sol;Nao Informado
quinta-feira;RN;Agressao Externa;Saida de leito carrocavel;Com Vitimas Feridas;Plena Noite;Nublado;Reta
sexta-feira;RN;Desobediencia nas normas de transito pelo condutor;Colisao frontal;Com Vitimas Fatais;Pleno dia;Ceu Claro;Reta
sexta-feira;MA;Desobediencia nas normas de transito pelo condutor;Colisao transversal;Sem Vitimas;Pleno dia;Ceu Claro;Reta
sexta-feira;SC;Velocidade Incompativel;Saida de leito carrocavel;Com Vitimas Feridas;Pleno dia;Sol;Reta
quinta-feira;SC;Falta de Atencao Conducao;Colisao traseira;Sem Vitimas;Plena Noite;Chuva;Reta
sexta-feira;MG;Falta de Atencao Conducao;Colisao lateral;Sem Vitimas;Pleno dia;Nublado;Nao Informado
sexta-feira;PE;Falta de Atencao Conducao;Colisao lateral;Com Vitimas Feridas;Pleno dia;Ceu Claro;Nao Informado
sexta-feira;MA;Desobediencia nas normas de transito pelo condutor;Colisao lateral;Com Vitimas Feridas;Pleno dia;Ceu Claro;Reta
sexta-feira;TO;Defeito Mecanico no Veiculo;Queda de ocupante de veiculo;Com Vitimas Feridas;Pleno dia;Ceu Claro;Reta
sexta-feira;RS;Desobediencia nas normas de transito pelo condutor;Colisao transversal;Com Vitimas Feridas;Pleno dia;Sol;Intersecao de vias
sexta-feira;CE;Falta de Atencao Conducao;Tombamento;Com Vitimas Feridas;Pleno dia;Ceu Claro;Viaduto
sexta-feira;CE;Nao guardar distancia de seguranca;Colisao traseira;Sem Vitimas;Pleno dia;Ceu Claro;Desvio Temporario
sexta-feira;BA;Falta de Atencao do Pedestre;Atropelamento de Pedestre;Com Vitimas Feridas;Pleno dia;Ceu Claro;Intersecao de vias
sexta-feira;PR;Falta de Atencao Conducao;Colisao lateral;Com Vitimas Feridas;Pleno dia;Ceu Claro;Reta
sexta-feira;MT;Falta de Atencao Conducao;Colisao lateral;Com Vitimas Feridas;Amanhecer;Ceu Claro;Reta
sexta-feira;SC;Nao guardar distancia de seguranca;Colisao traseira;Com Vitimas Feridas;Pleno dia;Ceu Claro;Reta
sexta-feira;SC;Desobediencia nas normas de transito pelo condutor;Colisao transversal;Com Vitimas Feridas;Pleno dia;Ceu Claro;Rotatoria
sexta-feira;MT;Ultrapassagem Indevida;Saida de leito carrocavel;Com Vitimas Feridas;Pleno dia;Ceu Claro;Curva
sexta-feira;SC;Falta de Atencao Conducao;Queda de ocupante de veiculo;Com Vitimas Feridas;Pleno dia;Ceu Claro;Rotatoria
sexta-feira;PE;Falta de Atencao Conducao;Colisao lateral;Com Vitimas Feridas;Pleno dia;Ceu Claro;Intersecao de vias
sexta-feira;GO;Velocidade Incompativel;Colisao frontal;Com Vitimas Fatais;Pleno dia;Chuva;Curva
sexta-feira;MG;Falta de Atencao Conducao;Colisao transversal;Com Vitimas Feridas;Pleno dia;Ceu Claro;Curva
sexta-feira;RJ;Falta de Atencao Conducao;Colisao lateral;Sem Vitimas;Pleno dia;Ceu Claro;Reta
sexta-feira;MG;Falta de Atencao Conducao;Colisao lateral;Sem Vitimas;Pleno dia;Ceu Claro;Nao Informado
sexta-feira;RS;Desobediencia nas normas de transito pelo condutor;Colisao traseira;Com Vitimas Feridas;Pleno dia;Ceu Claro;Reta
sexta-feira;RN;Falta de Atencao Conducao;Colisao traseira;Com Vitimas Feridas;Pleno dia;Nublado;Desvio Temporario
sexta-feira;DF;Falta de Atencao Conducao;Capotamento;Com Vitimas Feridas;Pleno dia;Chuva;Curva
sexta-feira;TO;Desobediencia nas normas de transito pelo condutor;Colisao lateral;Com Vitimas Feridas;Pleno dia;Nublado;Reta
sexta-feira;BA;Ultrapassagem Indevida;Colisao transversal;Com Vitimas Feridas;Pleno dia;Ceu Claro;Reta
sexta-feira;ES;Mal Subito;Colisao frontal;Com Vitimas Feridas;Pleno dia;Sol;Reta
sexta-feira;SC;Velocidade Incompativel;Saida de leito carrocavel;Com Vitimas Fatais;Pleno dia;Ceu Claro;Curva
sexta-feira;SC;Defeito Mecanico no Veiculo;Incendio;Sem Vitimas;Pleno dia;Ceu Claro;Reta
sexta-feira;GO;Condutor Dormindo;Saida de leito carrocavel;Com Vitimas Fatais;Pleno dia;Sol;Nao Informado
sexta-feira;MG;Falta de Atencao Conducao;Colisao transversal;Com Vitimas Feridas;Pleno dia;Sol;Intersecao de vias
sexta-feira;MS;Defeito na Via;Saida de leito carrocavel;Com Vitimas Feridas;Pleno dia;Ceu Claro;Desvio Temporario
sexta-feira;PI;Desobediencia nas normas de transito pelo condutor;Colisao lateral;Sem Vitimas;Pleno dia;Ceu Claro;Curva
sexta-feira;MA;Falta de Atencao Conducao;Colisao traseira;Sem Vitimas;Pleno dia;Ceu Claro;Reta
sexta-feira;MG;Velocidade Incompativel;Saida de leito carrocavel;Com Vitimas Feridas;Pleno dia;Chuva;Curva
sexta-feira;MG;Pista Escorregadia;Capotamento;Com Vitimas Feridas;Pleno dia;Chuva;Curva
sexta-feira;PR;Falta de Atencao Conducao;Colisao lateral;Com Vitimas Feridas;Pleno dia;Sol;Reta
sexta-feira;RO;Falta de Atencao Conducao;Saida de leito carrocavel;Sem Vitimas;Pleno dia;Ceu Claro;Reta
sexta-feira;SP;Defeito Mecanico no Veiculo;Incendio;Sem Vitimas;Pleno dia;Ceu Claro;Reta
sexta-feira;PR;Falta de Atencao Conducao;Colisao traseira;Com Vitimas Feridas;Pleno dia;Ceu Claro;Reta
sexta-feira;PR;Desobediencia nas normas de transito pelo condutor;Colisao lateral;Com Vitimas Feridas;Pleno dia;Ceu Claro;Reta
sexta-feira;RJ;Falta de Atencao Conducao;Colisao lateral;Com Vitimas Feridas;Pleno dia;Ceu Claro;Retorno Regulamentado
sexta-feira;SC;Falta de Atencao Conducao;Engavetamento;Com Vitimas Feridas;Pleno dia;Ceu Claro;Nao Informado
sexta-feira;RJ;Velocidade Incompativel;Tombamento;Com Vitimas Feridas;Pleno dia;Ceu Claro;Curva
sexta-feira;MS;Ultrapassagem Indevida;Colisao frontal;Com Vitimas Fatais;Pleno dia;Nublado;Curva
sexta-feira;PE;Falta de Atencao Conducao;Atropelamento de Pedestre;Com Vitimas Fatais;Pleno dia;Sol;Reta
sexta-feira;MG;Nao guardar distancia de seguranca;Colisao lateral;Com Vitimas Feridas;Pleno dia;Nublado;Reta
sexta-feira;MG;Nao guardar distancia de seguranca;Colisao traseira;Sem Vitimas;Pleno dia;Ceu Claro;Reta
sexta-feira;GO;Defeito Mecanico no Veiculo;Danos eventuais;Sem Vitimas;Pleno dia;Ceu Claro;Nao Informado
sexta-feira;MG;Falta de Atencao Conducao;Saida de leito carrocavel;Sem Vitimas;Plena Noite;Ceu Claro;Curva
sexta-feira;SP;Falta de Atencao Conducao;Colisao traseira;Com Vitimas Feridas;Pleno dia;Sol;Reta
sexta-feira;DF;Pista Escorregadia;Saida de leito carrocavel;Com Vitimas Feridas;Pleno dia;Chuva;Nao Informado
sexta-feira;RS;Velocidade Incompativel;Saida de leito carrocavel;Com Vitimas Feridas;Pleno dia;Ceu Claro;Curva
sexta-feira;RO;Fenomenos da Natureza;Tombamento;Com Vitimas Fatais;Pleno dia;Chuva;Curva
sexta-feira;MT;Pista Escorregadia;Saida de leito carrocavel;Sem Vitimas;Pleno dia;Chuva;Desvio Temporario
sexta-feira;MG;Desobediencia nas normas de transito pelo condutor;Saida de leito carrocavel;Com Vitimas Feridas;Pleno dia;Ceu Claro;Reta
sexta-feira;MG;Defeito Mecanico no Veiculo;Queda de ocupante de veiculo;Com Vitimas Feridas;Pleno dia;Ceu Claro;Reta
sexta-feira;MG;Falta de Atencao Conducao;Tombamento;Com Vitimas Feridas;Pleno dia;Ceu Claro;Curva
sexta-feira;SC;Falta de Atencao Conducao;Colisao transversal;Com Vitimas Feridas;Pleno dia;Sol;Reta
sexta-feira;PB;Falta de Atencao Conducao;Colisao com objeto estatico;Com Vitimas Feridas;Pleno dia;Nublado;Curva
sexta-feira;PR;Nao guardar distancia de seguranca;Colisao frontal;Com Vitimas Feridas;Pleno dia;Ceu Claro;Desvio Temporario
sexta-feira;SC;Desobediencia nas normas de transito pelo condutor;Colisao lateral;Com Vitimas Feridas;Pleno dia;Ceu Claro;Reta
sexta-feira;GO;Fenomenos da Natureza;Saida de leito carrocavel;Sem Vitimas;Pleno dia;Chuva;Nao Informado
sexta-feira;MG;Defeito Mecanico no Veiculo;Colisao com objeto estatico;Com Vitimas Feridas;Pleno dia;Chuva;Reta
sexta-feira;MG;Nao guardar distancia de seguranca;Colisao traseira;Com Vitimas Feridas;Pleno dia;Chuva;Reta
sexta-feira;RS;Nao guardar distancia de seguranca;Colisao traseira;Com Vitimas Feridas;Pleno dia;Chuva;Reta
sexta-feira;SP;Defeito Mecanico no Veiculo;Tombamento;Com Vitimas Feridas;Pleno dia;Ceu Claro;Reta
sexta-feira;MG;Ingestao de Alcool;Saida de leito carrocavel;Sem Vitimas;Pleno dia;Ceu Claro;Reta
sexta-feira;SP;Desobedincia nas normas de transito pelo pedestre;Atropelamento de Pedestre;Com Vitimas Feridas;Pleno dia;Ceu Claro;Reta
sexta-feira;SC;Falta de Atencao do Pedestre;Atropelamento de Pedestre;Com Vitimas Feridas;Pleno dia;Ceu Claro;Reta
sexta-feira;DF;Pista Escorregadia;Tombamento;Com Vitimas Feridas;Pleno dia;Chuva;Nao Informado
sexta-feira;BA;Falta de Atencao Conducao;Colisao com objeto estatico;Sem Vitimas;Pleno dia;Sol;Nao Informado
sexta-feira;PR;Mal Subito;Colisao traseira;Com Vitimas Feridas;Pleno dia;Ceu Claro;Nao Informado
sexta-feira;RS;Agressao Externa;Saida de leito carrocavel;Com Vitimas Feridas;Pleno dia;Ceu Claro;Reta
sexta-feira;SC;Nao guardar distancia de seguranca;Colisao traseira;Com Vitimas Feridas;Pleno dia;Ceu Claro;Reta
sexta-feira;SP;Falta de Atencao Conducao;Queda de ocupante de veiculo;Com Vitimas Feridas;Pleno dia;Ceu Claro;Rotatoria
sexta-feira;PR;Nao guardar distancia de seguranca;Colisao traseira;Com Vitimas Feridas;Pleno dia;Ceu Claro;Reta
sexta-feira;RS;Nao guardar distancia de seguranca;Colisao traseira;Com Vitimas Feridas;Pleno dia;Ceu Claro;Reta
sexta-feira;PI;Desobediencia nas normas de transito pelo condutor;Colisao transversal;Com Vitimas Feridas;Pleno dia;Ceu Claro;Reta
sexta-feira;CE;Falta de Atencao Conducao;Colisao traseira;Com Vitimas Feridas;Pleno dia;Ceu Claro;Reta
sexta-feira;SC;Falta de Atencao Conducao;Colisao lateral;Com Vitimas Feridas;Pleno dia;Sol;Reta
sexta-feira;MG;Desobedincia nas normas de transito pelo pedestre;Queda de ocupante de veiculo;Com Vitimas Feridas;Pleno dia;Sol;Nao Informado
sexta-feira;MT;Falta de Atencao Conducao;Colisao traseira;Com Vitimas Feridas;Pleno dia;Sol;Retorno Regulamentado
sexta-feira;RJ;Falta de Atencao Conducao;Colisao lateral;Sem Vitimas;Pleno dia;Nublado;Nao Informado
sexta-feira;MG;Ultrapassagem Indevida;Saida de leito carrocavel;Com Vitimas Feridas;Pleno dia;Sol;Curva
sexta-feira;BA;Falta de Atencao Conducao;Colisao traseira;Com Vitimas Feridas;Pleno dia;Sol;Reta
sexta-feira;PB;Animais na Pista;Colisao com objeto estatico;Com Vitimas Feridas;Pleno dia;Sol;Reta
sexta-feira;AL;Falta de Atencao Conducao;Tombamento;Com Vitimas Feridas;Anoitecer;Ceu Claro;Reta
sexta-feira;PA;Desobediencia nas normas de transito pelo condutor;Colisao transversal;Com Vitimas Feridas;Pleno dia;Nublado;Reta
sexta-feira;PB;Desobediencia nas normas de transito pelo condutor;Colisao frontal;Com Vitimas Fatais;Anoitecer;Ceu Claro;Desvio Temporario
sexta-feira;PR;Pista Escorregadia;Colisao frontal;Com Vitimas Feridas;Pleno dia;Chuva;Curva
sexta-feira;SC;Falta de Atencao Conducao;Queda de ocupante de veiculo;Com Vitimas Feridas;Pleno dia;Ceu Claro;Reta
sexta-feira;MS;Restricao de Visibilidade;Colisao lateral;Com Vitimas Feridas;Pleno dia;Chuva;Reta
sexta-feira;SP;Falta de Atencao Conducao;Colisao traseira;Com Vitimas Feridas;Pleno dia;Sol;Reta
sexta-feira;MG;Falta de Atencao Conducao;Colisao lateral;Com Vitimas Feridas;Pleno dia;Ceu Claro;Reta
sexta-feira;PB;Sinalizacao da via insuficiente ou inadequada;Tombamento;Com Vitimas Feridas;Plena Noite;Nublado;Reta
sexta-feira;GO;Defeito Mecanico no Veiculo;Incendio;Sem Vitimas;Plena Noite;Ceu Claro;Nao Informado