dia_semana;uf;causa_acidente;tipo_acidente;classificacao_acidente;fase_dia;condicao_metereologica;tracado_via
sexta-feira;MG;Desobediencia nas normas de transito pelo condutor;Colisao transversal;Com Vitimas Feridas;Pleno dia;Nublado;Nao Informado
sexta-feira;MG;Nao guardar distancia de seguranca;Colisao traseira;Com Vitimas Feridas;Pleno dia;Chuva;Nao Informado
quinta-feira;PB;Ingestao de Alcool;Colisao com objeto estatico;Sem Vitimas;Plena Noite;Ceu Claro;Nao Informado
sexta-feira;MG;Condutor Dormindo;Saida de leito carrocavel;Com Vitimas Feridas;Pleno dia;Ceu Claro;Reta
sexta-feira;MG;Condutor Dormindo;Saida de leito carrocavel;Com Vitimas Feridas;Pleno dia;Nublado;Curva
sexta-feira;PR;Velocidade Incompativel;Colisao lateral;Com Vitimas Feridas;Pleno dia;Chuva;Reta
sexta-feira;SC;Pista Escorregadia;Capotamento;Com Vitimas Feridas;Pleno dia;Chuva;Curva
sexta-feira;MT;Desobediencia nas normas de transito pelo condutor;Colisao lateral;Sem Vitimas;Pleno dia;Ceu Claro;Reta
sexta-feira;ES;Nao guardar distancia de seguranca;Colisao traseira;Com Vitimas Feridas;Pleno dia;Sol;Reta
sexta-feira;SP;Falta de Atencao Conducao;Queda de ocupante de veiculo;Com Vitimas Feridas;Pleno dia;Garoa/Chuvisco;Reta
sexta-feira;RS;Desobedincia nas normas de transito pelo pedestre;Atropelamento de Pedestre;Com Vitimas Fatais;Pleno dia;Chuva;Reta
sexta-feira;SC;Pista Escorregadia;Saida de leito carrocavel;Com Vitimas Feridas;Pleno dia;Chuva;Curva
sexta-feira;PR;Desobediencia nas normas de transito pelo condutor;Colisao transversal;Com Vitimas Feridas;Pleno dia;Nublado;Reta
sexta-feira;PR;Falta de Atencao Conducao;Atropelamento de Pedestre;Com Vitimas Feridas;Pleno dia;Chuva;Reta
sexta-feira;PR;Falta de Atencao Conducao;Colisao traseira;Com Vitimas Feridas;Pleno dia;Chuva;Viaduto
sexta-feira;ES;Falta de Atencao Conducao;Colisao traseira;Sem Vitimas;Pleno dia;Ceu Claro;Reta
sexta-feira;SE;Falta de Atencao Conducao;Tombamento;Com Vitimas Feridas;Pleno dia;Ceu Claro;Reta
sexta-feira;ES;Falta de Atencao Conducao;Colisao transversal;Com Vitimas Feridas;Pleno dia;Sol;Intersecao de vias
sexta-feira;ES;Falta de Atencao Conducao;Colisao lateral;Com Vitimas Feridas;Pleno dia;Ceu Claro;Intersecao de vias
sexta-feira;PE;Nao guardar distancia de seguranca;Colisao traseira;Sem Vitimas;Pleno dia;Ceu Claro;Rotatoria
sexta-feira;RS;Nao guardar distancia de seguranca;Colisao com objeto estatico;Sem Vitimas;Pleno dia;Ceu Claro;Intersecao de vias
sexta-feira;PR;Falta de Atencao Conducao;Queda de ocupante de veiculo;Com Vitimas Feridas;Pleno dia;Nublado;Reta
sexta-feira;PR;Pista Escorregadia;Colisao frontal;Com Vitimas Feridas;Pleno dia;Chuva;Nao Informado
quinta-feira;PE;Falta de Atencao Conducao;Colisao lateral;Com Vitimas Feridas;Pleno dia;Nublado;Nao Informado
sexta-feira;PE;Nao guardar distancia de seguranca;Colisao lateral;Com Vitimas Feridas;Pleno dia;Ceu Claro;Reta
sexta-feira;AL;Desobediencia nas normas de transito pelo condutor;Colisao lateral;Com Vitimas Feridas;Pleno dia;Ceu Claro;Nao Informado
sexta-feira;RJ;Condutor Dormindo;Colisao com objeto estatico;Com Vitimas Feridas;Pleno dia;Garoa/Chuvisco;Nao Informado
sexta-feira;MA;Falta de Atencao Conducao;Colisao frontal;Com Vitimas Fatais;Pleno dia;Nublado;Reta
sexta-feira;PA;Desobediencia nas normas de transito pelo condutor;Colisao lateral;Com Vitimas Feridas;Pleno dia;Ceu Claro;Reta
sexta-feira;MG;Velocidade Incompativel;Saida de leito carrocavel;Com Vitimas Feridas;Pleno dia;Chuva;Curva
sexta-feira;SE;Defeito Mecanico no Veiculo;Saida de leito carrocavel;Sem Vitimas;Pleno dia;Ceu Claro;Rotatoria
sexta-feira;PE;Desobediencia nas normas de transito pelo condutor;Saida de leito carrocavel;Com Vitimas Feridas;Pleno dia;Ceu Claro;Reta
sexta-feira;SC;Falta de Atencao Conducao;Colisao transversal;Com Vitimas Feridas;Pleno dia;Nublado;Intersecao de vias
sexta-feira;RS;Falta de Atencao Conducao;Colisao com objeto estatico;Sem Vitimas;Pleno dia;Chuva;Reta
sexta-feira;SC;Pista Escorregadia;Saida de leito carrocavel;Com Vitimas Feridas;Pleno dia;Chuva;Curva
sexta-feira;PR;Velocidade Incompativel;Colisao com objeto estatico;Sem Vitimas;Pleno dia;Chuva;Curva
sexta-feira;PR;Pista Escorregadia;Saida de leito carrocavel;Com Vitimas Feridas;Pleno dia;Chuva;Reta
sexta-feira;MG;Desobediencia nas normas de transito pelo condutor;Colisao transversal;Com Vitimas Feridas;Pleno dia;Chuva;Curva
sexta-feira;MG;Falta de Atencao Conducao;Colisao frontal;Com Vitimas Feridas;Pleno dia;Chuva;Curva
sexta-feira;RS;Falta de Atencao Conducao;Saida de leito carrocavel;Com Vitimas Feridas;Pleno dia;Chuva;Desvio Temporario
sexta-feira;BA;Falta de Atencao Conducao;Colisao traseira;Sem Vitimas;Pleno dia;Ceu Claro;Reta
sexta-feira;ES;Desobedincia nas normas de transito pelo pedestre;Atropelamento de Pedestre;Com Vitimas Feridas;Pleno dia;Ceu Claro;Reta
sexta-feira;MA;Falta de Atencao Conducao;Colisao frontal;Com Vitimas Feridas;Pleno dia;Chuva;Reta
sabado;PB;Falta de Atencao Conducao;Colisao transversal;Com Vitimas Feridas;Pleno dia;Ceu Claro;Reta
quinta-feira;ES;Desobedincia nas normas de transito pelo pedestre;Atropelamento de Pedestre;Com Vitimas Fatais;Anoitecer;Chuva;Nao Informado
sexta-feira;MT;Defeito Mecanico no Veiculo;Incendio;Sem Vitimas;Pleno dia;Sol;Reta
sexta-feira;MG;Falta de Atencao Conducao;Colisao lateral;Com Vitimas Feridas;Pleno dia;Sol;Reta
segunda-feira;MG;Falta de Atencao Conducao;Colisao lateral;Com Vitimas Feridas;Pleno dia;Ignorado;Viaduto
sexta-feira;PE;Falta de Atencao Conducao;Capotamento;Com Vitimas Feridas;Pleno dia;Ceu Claro;Reta
sexta-feira;RJ;Falta de Atencao Conducao;Colisao transversal;Com Vitimas Feridas;Pleno dia;Nublado;Reta
sexta-feira;TO;Pista Escorregadia;Saida de leito carrocavel;Com Vitimas Feridas;Pleno dia;Garoa/Chuvisco;Curva
sexta-feira;RS;Desobediencia nas normas de transito pelo condutor;Colisao transversal;Com Vitimas Feridas;Pleno dia;Ceu Claro;Rotatoria
sexta-feira;MG;Defeito Mecanico no Veiculo;Saida de leito carrocavel;Com Vitimas Feridas;Pleno dia;Ceu Claro;Reta
sexta-feira;PB;Falta de Atencao Conducao;Colisao transversal;Com Vitimas Fatais;Pleno dia;Nublado;Reta
sexta-feira;RJ;Falta de Atencao Conducao;Colisao lateral;Com Vitimas Feridas;Pleno dia;Ceu Claro;Curva
sexta-feira;SC;Falta de Atencao Conducao;Colisao traseira;Com Vitimas Feridas;Pleno dia;Chuva;Reta
sexta-feira;PE;Avarias e/ou desgaste excessivo no pneu;Tombamento;Com Vitimas Feridas;Pleno dia;Nublado;Reta
sexta-feira;TO;Falta de Atencao Conducao;Colisao lateral;Sem Vitimas;Pleno dia;Ceu Claro;Reta
sexta-feira;SP;Pista Escorregadia;Colisao com objeto estatico;Sem Vitimas;Pleno dia;Chuva;Curva
sexta-feira;GO;Falta de Atencao Conducao;Colisao traseira;Com Vitimas Feridas;Pleno dia;Sol;Reta
sexta-feira;MG;Falta de Atencao Conducao;Colisao traseira;Com Vitimas Feridas;Pleno dia;Nublado;Nao Informado
sexta-feira;RS;Desobediencia nas normas de transito pelo condutor;Colisao transversal;Com Vitimas Feridas;Pleno dia;Nublado;Intersecao de vias
sexta-feira;RN;Avarias e/ou desgaste excessivo no pneu;Colisao lateral;Sem Vitimas;Pleno dia;Chuva;Curva
sexta-feira;GO;Falta de Atencao Conducao;Queda de ocupante de veiculo;Com Vitimas Feridas;Pleno dia;Sol;Reta
sexta-feira;RJ;Falta de Atencao Conducao;Colisao traseira;Com Vitimas Feridas;Pleno dia;Ceu Claro;Reta
sexta-feira;SE;Falta de Atencao Conducao;Colisao traseira;Com Vitimas Feridas;Anoitecer;Ceu Claro;Reta
sexta-feira;SC;Desobediencia nas normas de transito pelo condutor;Colisao transversal;Com Vitimas Feridas;Pleno dia;Ceu Claro;Reta
sexta-feira;SC;Pista Escorregadia;Colisao frontal;Com Vitimas Feridas;Pleno dia;Chuva;Curva
sexta-feira;SE;Ingestao de Substancias Psicoativas;Colisao lateral;Sem Vitimas;Pleno dia;Ceu Claro;Reta
domingo;SP;Nao guardar distancia de seguranca;Tombamento;Com Vitimas Feridas;Plena Noite;Nublado;Reta
sexta-feira;PB;Falta de Atencao do Pedestre;Atropelamento de Pedestre;Com Vitimas Feridas;Pleno dia;Ceu Claro;Reta
sexta-feira;DF;Falta de Atencao Conducao;Colisao traseira;Com Vitimas Feridas;Pleno dia;Sol;Nao Informado
sexta-feira;SC;Nao guardar distancia de seguranca;Colisao lateral;Com Vitimas Feridas;Pleno dia;Garoa/Chuvisco;Nao Informado
sexta-feira;DF;Falta de Atencao Conducao;Colisao traseira;Com Vitimas Feridas;Pleno dia;Ceu Claro;Reta
sexta-feira;PI;Desobediencia nas normas de transito pelo condutor;Colisao transversal;Sem Vitimas;Pleno dia;Nublado;Curva
sexta-feira;PR;Defeito Mecanico no Veiculo;Tombamento;Com Vitimas Feridas;Anoitecer;Garoa/Chuvisco;Nao Informado
sexta-feira;RO;Ingestao de Alcool;Colisao traseira;Com Vitimas Feridas;Pleno dia;Ceu Claro;Reta
sexta-feira;PA;Carga excessiva e/ou mal acondicionada;Capotamento;Com Vitimas Feridas;Pleno dia;Ceu Claro;Reta
sexta-feira;SP;Falta de Atencao Conducao;Colisao traseira;Com Vitimas Fatais;Pleno dia;Nublado;Reta
sexta-feira;SC;Falta de Atencao Conducao;Queda de ocupante de veiculo;Com Vitimas Feridas;Pleno dia;Chuva;Reta
sexta-feira;PE;Falta de Atencao Conducao;Colisao traseira;Com Vitimas Feridas;Anoitecer;Ceu Claro;Reta
sexta-feira;MS;Ingestao de Alcool;Saida de leito carrocavel;Sem Vitimas;Pleno dia;Chuva;Reta
sexta-feira;RN;Animais na Pista;Atropelamento de Animal;Com Vitimas Feridas;Plena Noite;Ceu Claro;Reta
sexta-feira;ES;Falta de Atencao Conducao;Colisao traseira;Com Vitimas Feridas;Plena Noite;Ceu Claro;Reta
sexta-feira;BA;Nao guardar distancia de seguranca;Colisao traseira;Com Vitimas Feridas;Anoitecer;Ceu Claro;Reta
sexta-feira;MT;Nao guardar distancia de seguranca;Colisao traseira;Com Vitimas Feridas;Anoitecer;Nublado;Reta
sexta-feira;MG;Falta de Atencao Conducao;Capotamento;Com Vitimas Feridas;Pleno dia;Nublado;Reta
sexta-feira;SC;Nao guardar distancia de seguranca;Colisao traseira;Com Vitimas Feridas;Anoitecer;Nublado;Reta
sexta-feira;ES;Falta de Atencao Conducao;Colisao transversal;Sem Vitimas;Anoitecer;Nublado;Reta
sexta-feira;RS;Restricao de Visibilidade;Saida de leito carrocavel;Com Vitimas Feridas;Pleno dia;Nublado;Desvio Temporario
sexta-feira;SC;Pista Escorregadia;Saida de leito carrocavel;Com Vitimas Feridas;Pleno dia;Chuva;Curva
sexta-feira;PR;Falta de Atencao Conducao;Saida de leito carrocavel;Com Vitimas Feridas;Pleno dia;Ceu Claro;Reta
sexta-feira;PR;Velocidade Incompativel;Capotamento;Com Vitimas Feridas;Plena Noite;Garoa/Chuvisco;Curva
sexta-feira;BA;Velocidade Incompativel;Colisao traseira;Com Vitimas Fatais;Plena Noite;Ceu Claro;Reta
sexta-feira;SC;Ingestao de Alcool;Colisao lateral;Com Vitimas Fatais;Pleno dia;Nublado;Nao Informado
sexta-feira;MG;Pista Escorregadia;Colisao frontal;Com Vitimas Feridas;Plena Noite;Nublado;Curva
sexta-feira;AC;Ingestao de Alcool;Colisao transversal;Sem Vitimas;Plena Noite;Ceu Claro;Reta
sexta-feira;SC;Velocidade Incompativel;Capotamento;Com Vitimas Feridas;Pleno dia;Chuva;Reta
sexta-feira;MT;Pista Escorregadia;Saida de leito carrocavel;Sem Vitimas;Pleno dia;Chuva;Reta
sexta-feira;RJ;Falta de Atencao Conducao;Colisao lateral;Sem Vitimas;Anoitecer;Ceu Claro;Reta
sexta-feira;SC;Nao guardar distancia de seguranca;Engavetamento;Com Vitimas Feridas;Pleno dia;Chuva;Reta
sexta-feira;MT;Restricao de Visibilidade;Colisao traseira;Com Vitimas Feridas;Plena Noite;Chuva;Reta
sexta-feira;SC;Desobedincia nas normas de transito pelo pedestre;Atropelamento de Pedestre;Com Vitimas Fatais;Plena Noite;Nublado;Reta
sexta-feira;BA;Nao guardar distancia de seguranca;Colisao traseira;Com Vitimas Feridas;Plena Noite;Ceu Claro;Reta
sexta-feira;RS;Desobediencia nas normas de transito pelo condutor;Colisao transversal;Com Vitimas Feridas;Plena Noite;Nublado;Rotatoria
sexta-feira;SP;Falta de Atencao Conducao;Capotamento;Com Vitimas Feridas;Anoitecer;Chuva;Reta
sexta-feira;RS;Falta de Atencao do Pedestre;Atropelamento de Pedestre;Com Vitimas Fatais;Plena Noite;Nublado;Reta
sexta-feira;SP;Falta de Atencao Conducao;Colisao traseira;Com Vitimas Feridas;Plena Noite;Nublado;Reta
sexta-feira;BA;Falta de Atencao Conducao;Colisao frontal;Sem Vitimas;Plena Noite;Ceu Claro;Reta
sexta-feira;SC;Falta de Atencao Conducao;Queda de ocupante de veiculo;Com Vitimas Feridas;Plena Noite;Nublado;Reta
sexta-feira;PR;Avarias e/ou desgaste excessivo no pneu;Saida de leito carrocavel;Com Vitimas Feridas;Plena Noite;Chuva;Nao Informado
sexta-feira;PB;Falta de Atencao Conducao;Colisao traseira;Com Vitimas Fatais;Plena Noite;Ceu Claro;Reta
sexta-feira;RJ;Ingestao de Alcool;Colisao transversal;Com Vitimas Feridas;Plena Noite;Ceu Claro;Intersecao de vias
sexta-feira;PI;Ingestao de Alcool;Colisao traseira;Com Vitimas Feridas;Plena Noite;Nublado;Reta
sexta-feira;RJ;Pista Escorregadia;Tombamento;Com Vitimas Feridas;Plena Noite;Ceu Claro;Curva
sexta-feira;PR;Avarias e/ou desgaste excessivo no pneu;Saida de leito carrocavel;Com Vitimas Feridas;Pleno dia;Chuva;Curva
sexta-feira;MT;Defeito Mecanico no Veiculo;Colisao traseira;Com Vitimas Feridas;Pleno dia;Ceu Claro;Desvio Temporario
sexta-feira;SC;Velocidade Incompativel;Colisao com objeto estatico;Com Vitimas Feridas;Anoitecer;Garoa/Chuvisco;Curva
sexta-feira;SC;Velocidade Incompativel;Colisao com objeto estatico;Sem Vitimas;Plena Noite;Nublado;Reta
sexta-feira;RS;Velocidade Incompativel;Colisao transversal;Com Vitimas Feridas;Pleno dia;Chuva;Curva
sexta-feira;PE;Pista Escorregadia;Colisao lateral;Com Vitimas Feridas;Anoitecer;Chuva;Reta
sexta-feira;MS;Falta de Atencao Conducao;Colisao transversal;Com Vitimas Feridas;Anoitecer;Ceu Claro;Curva
sexta-feira;SC;Velocidade Incompativel;Colisao frontal;Sem Vitimas;Pleno dia;Nublado;Curva
sexta-feira;RJ;Falta de Atencao Conducao;Colisao lateral;Com Vitimas Feridas;Plena Noite;Nublado;Reta
sexta-feira;AC;Defeito na Via;Tombamento;Com Vitimas Feridas;Plena Noite;Nublado;Desvio Temporario
sexta-feira;RJ;Falta de Atencao do Pedestre;Atropelamento de Pedestre;Com Vitimas Fatais;Plena Noite;Nublado;Reta
sexta-feira;RS;Desobediencia nas normas de transito pelo condutor;Colisao transversal;Com Vitimas Feridas;Plena Noite;Ceu Claro;Curva
sexta-feira;RJ;Falta de Atencao Conducao;Colisao traseira;Com Vitimas Feridas;Plena Noite;Ceu Claro;Reta
sexta-feira;BA;Nao guardar distancia de seguranca;Colisao traseira;Com Vitimas Feridas;Plena Noite;Ceu Claro;Rotatoria
sexta-feira;SC;Velocidade Incompativel;Capotamento;Com Vitimas Feridas;Plena Noite;Chuva;Reta
sexta-feira;PR;Mal Subito;Colisao frontal;Com Vitimas Fatais;Pleno dia;Chuva;Reta
sexta-feira;PR;Velocidade Incompativel;Saida de leito carrocavel;Com Vitimas Feridas;Plena Noite;Chuva;Curva
sexta-feira;RS;Velocidade Incompativel;Colisao traseira;Com Vitimas Feridas;Plena Noite;Ceu Claro;Reta
sexta-feira;RJ;Ingestao de Alcool;Tombamento;Com Vitimas Feridas;Plena Noite;Garoa/Chuvisco;Reta
sexta-feira;MG;Falta de Atencao Conducao;Colisao traseira;Com Vitimas Feridas;Plena Noite;Nublado;Nao Informado
sexta-feira;PE;Falta de Atencao Conducao;Colisao traseira;Com Vitimas Fatais;Plena Noite;Nublado;Nao Informado
sexta-feira;RS;Condutor Dormindo;Tombamento;Com Vitimas Feridas;Plena Noite;Nublado;Reta
sexta-feira;RS;Falta de Atencao Conducao;Colisao com objeto estatico;Com Vitimas Feridas;Plena Noite;Nublado;Reta
sexta-feira;RJ;Falta de Atencao Conducao;Queda de ocupante de veiculo;Com Vitimas Feridas;Plena Noite;Garoa/Chuvisco;Reta
sexta-feira;PE;Falta de Atencao do Pedestre;Atropelamento de Pedestre;Com Vitimas Fatais;Plena Noite;Nublado;Reta
sexta-feira;MG;Falta de Atencao Conducao;Colisao transversal;Com Vitimas Feridas;Plena Noite;Ceu Claro;Curva
sexta-feira;PI;Pista Escorregadia;Saida de leito carrocavel;Sem Vitimas;Plena Noite;Chuva;Reta
sabado;PR;Desobediencia nas normas de transito pelo condutor;Colisao transversal;Com Vitimas Feridas;Plena Noite;Garoa/Chuvisco;Retorno Regulamentado
sexta-feira;RJ;Desobediencia nas normas de transito pelo condutor;Colisao transversal;Com Vitimas Feridas;Plena Noite;Ceu Claro;Reta
sexta-feira;TO;Ultrapassagem Indevida;Colisao frontal;Com Vitimas Fatais;Plena Noite;Nublado;Curva
sexta-feira;PE;Falta de Atencao Conducao;Colisao traseira;Com Vitimas Fatais;Plena Noite;Ceu Claro;Viaduto
sabado;PR;Pista Escorregadia;Saida de leito carrocavel;Com Vitimas Feridas;Plena Noite;Chuva;Curva
sabado;PR;Falta de Atencao do Pedestre;Atropelamento de Pedestre;Com Vitimas Feridas;Plena Noite;Ceu Claro;Reta
sexta-feira;MS;Velocidade Incompativel;Colisao com objeto estatico;Com Vitimas Fatais;Plena Noite;Ceu Claro;Reta
sabado;DF;Falta de Atencao Conducao;Colisao com objeto estatico;Com Vitimas Feridas;Plena Noite;Vento;Reta
sexta-feira;AC;Ingestao de Alcool;Colisao traseira;Com Vitimas Feridas;Plena Noite;Ignorado;Reta
sabado;SP;Falta de Atencao Conducao;Colisao traseira;Com Vitimas Feridas;Plena Noite;Nublado;Reta
sabado;MT;Animais na Pista;Atropelamento de Animal;Sem Vitimas;Plena Noite;Nublado;Reta
sabado;GO;Velocidade Incompativel;Colisao com objeto estatico;Sem Vitimas;Plena Noite;Nublado;Curva
sabado;GO;Desobediencia nas normas de transito pelo condutor;Saida de leito carrocavel;Com Vitimas Feridas;Plena Noite;Ceu Claro;Reta
sabado;SC;Ingestao de Alcool;Colisao traseira;Com Vitimas Feridas;Plena Noite;Ceu Claro;Reta
sabado;ES;Ingestao de Alcool;Queda de ocupante de veiculo;Com Vitimas Feridas;Plena Noite;Ceu Claro;Reta
sabado;BA;Animais na Pista;Saida de leito carrocavel;Com Vitimas Feridas;Plena Noite;Chuva;Reta
sabado;MG;Ingestao de Alcool;Colisao com objeto estatico;Sem Vitimas;Plena Noite;Nublado;Reta
sabado;GO;Condutor Dormindo;Queda de ocupante de veiculo;Com Vitimas Feridas;Plena Noite;Ceu Claro;Curva
sabado;MG;Ingestao de Alcool;Saida de leito carrocavel;Com Vitimas Feridas;Plena Noite;Chuva;Reta
sexta-feira;SC;Ultrapassagem Indevida;Saida de leito carrocavel;Sem Vitimas;Pleno dia;Chuva;Curva
sabado;SE;Falta de Atencao Conducao;Queda de ocupante de veiculo;Com Vitimas Feridas;Plena Noite;Ceu Claro;Curva
sabado;RJ;Falta de Atencao Conducao;Colisao traseira;Com Vitimas Feridas;Plena Noite;Ceu Claro;Reta
sabado;SC;Condutor Dormindo;Capotamento;Com Vitimas Feridas;Plena Noite;Garoa/Chuvisco;Desvio Temporario
sabado;MG;Falta de Atencao Conducao;Saida de leito carrocavel;Com Vitimas Fatais;Plena Noite;Ceu Claro;Intersecao de vias
sabado;MG;Velocidade Incompativel;Saida de leito carrocavel;Sem Vitimas;Amanhecer;Chuva;Curva
sabado;MG;Condutor Dormindo;Capotamento;Com Vitimas Feridas;Amanhecer;Chuva;Reta
sabado;GO;Falta de Atencao Conducao;Saida de leito carrocavel;Com Vitimas Feridas;Plena Noite;Nublado;Desvio Temporario
sabado;MG;Ingestao de Alcool;Saida de leito carrocavel;Com Vitimas Feridas;Amanhecer;Garoa/Chuvisco;Reta
sabado;GO;Defeito Mecanico no Veiculo;Tombamento;Sem Vitimas;Plena Noite;Ceu Claro;Nao Informado
sabado;SC;Falta de Atencao Conducao;Colisao com objeto estatico;Com Vitimas Feridas;Amanhecer;Nublado;Curva
sexta-feira;SC;Ingestao de Alcool;Colisao frontal;Com Vitimas Feridas;Plena Noite;Nublado;Curva
sabado;SP;Desobediencia nas normas de transito pelo condutor;Colisao traseira;Com Vitimas Feridas;Amanhecer;Chuva;Reta
sexta-feira;PI;Falta de Atencao Conducao;Colisao frontal;Com Vitimas Feridas;Plena Noite;Ceu Claro;Reta
sabado;SC;Desobediencia nas normas de transito pelo condutor;Colisao transversal;Com Vitimas Feridas;Plena Noite;Chuva;Intersecao de vias
sabado;SC;Ingestao de Alcool;Colisao frontal;Sem Vitimas;Plena Noite;Chuva;Reta
sabado;RS;Falta de Atencao Conducao;Colisao traseira;Com Vitimas Feridas;Pleno dia;Ceu Claro;Intersecao de vias
sabado;SC;Condutor Dormindo;Colisao traseira;Com Vitimas Feridas;Pleno dia;Nublado;Reta
sabado;PE;Velocidade Incompativel;Colisao traseira;Sem Vitimas;Pleno dia;Ceu Claro;Reta
sabado;SC;Falta de Atencao Conducao;Colisao lateral;Com Vitimas Feridas;Pleno dia;Nublado;Nao Informado
sabado;SC;Velocidade Incompativel;Saida de leito carrocavel;Com Vitimas Feridas;Pleno dia;Chuva;Curva
sabado;MG;Desobediencia nas normas de transito pelo condutor;Colisao frontal;Com Vitimas Feridas;Pleno dia;Chuva;Curva
sabado;PR;Falta de Atencao Conducao;Atropelamento de Pedestre;Com Vitimas Feridas;Amanhecer;Ceu Claro;Curva
sabado;MT;Ingestao de Alcool e/ou substancias psicoativas pelo pedestre;Saida de leito carrocavel;Com Vitimas Feridas;Pleno dia;Chuva;Reta
sabado;PR;Falta de Atencao Conducao;Colisao frontal;Com Vitimas Feridas;Amanhecer;Chuva;Rotatoria
sabado;MG;Pista Escorregadia;Colisao frontal;Com Vitimas Fatais;Pleno dia;Chuva;Desvio Temporario
sabado;PR;Pista Escorregadia;Queda de ocupante de veiculo;Com Vitimas Feridas;Amanhecer;Chuva;Reta
sabado;PR;Ingestao de Alcool;Colisao lateral;Sem Vitimas;Pleno dia;Chuva;Reta
sabado;GO;Falta de Atencao Conducao;Colisao lateral;Com Vitimas Feridas;Pleno dia;Nublado;Reta
sabado;ES;Mal Subito;Queda de ocupante de veiculo;Com Vitimas Feridas;Pleno dia;Sol;Reta
sabado;RJ;Velocidade Incompativel;Colisao frontal;Com Vitimas Feridas;Amanhecer;Chuva;Curva
sabado;MG;Velocidade Incompativel;Colisao com objeto estatico;Com Vitimas Feridas;Pleno dia;Chuva;Curva
sabado;RJ;Pista Escorregadia;Colisao lateral;Com Vitimas Feridas;Plena Noite;Chuva;Reta
sabado;PR;Falta de Atencao Conducao;Colisao lateral;Sem Vitimas;Pleno dia;Garoa/Chuvisco;Intersecao de vias
sabado;SC;Pista Escorregadia;Saida de leito carrocavel;Com Vitimas Feridas;Pleno dia;Chuva;Curva
sabado;MS;Avarias e/ou desgaste excessivo no pneu;Tombamento;Com Vitimas Feridas;Pleno dia;Nublado;Reta
sabado;MG;Velocidade Incompativel;Saida de leito carrocavel;Com Vitimas Feridas;Pleno dia;Nublado;Reta
sabado;PA;Falta de Atencao Conducao;Capotamento;Com Vitimas Feridas;Pleno dia;Ceu Claro;Reta
sabado;MG;Fenomenos da Natureza;Colisao com objeto estatico;Com Vitimas Feridas;Pleno dia;Chuva;Reta
sabado;MG;Pista Escorregadia;Capotamento;Com Vitimas Feridas;Pleno dia;Chuva;Curva
segunda-feira;BA;Ultrapassagem Indevida;Colisao frontal;Com Vitimas Feridas;Pleno dia;Ceu Claro;Curva
sabado;RJ;Pista Escorregadia;Colisao com objeto estatico;Com Vitimas Feridas;Pleno dia;Chuva;Curva
sabado;SC;Falta de Atencao Conducao;Colisao transversal;Com Vitimas Feridas;Pleno dia;Garoa/Chuvisco;Reta
sabado;RS;Falta de Atencao Conducao;Saida de leito carrocavel;Com Vitimas Fatais;Pleno dia;Ceu Claro;Curva
sexta-feira;CE;Falta de Atencao Conducao;Tombamento;Com Vitimas Fatais;Plena Noite;Ceu Claro;Reta
sabado;MS;Falta de Atencao Conducao;Tombamento;Com Vitimas Feridas;Pleno dia;Ceu Claro;Reta
sabado;SE;Falta de Atencao Conducao;Capotamento;Com Vitimas Feridas;Pleno dia;Ceu Claro;Reta
sabado;PR;Falta de Atencao Conducao;Colisao lateral;Com Vitimas Feridas;Pleno dia;Nublado;Reta
sabado;SP;Pista Escorregadia;Queda de ocupante de veiculo;Com Vitimas Feridas;Pleno dia;Nublado;Curva
sabado;SP;Velocidade Incompativel;Colisao com objeto estatico;Com Vitimas Feridas;Pleno dia;Chuva;Curva
sabado;CE;Desobediencia nas normas de transito pelo condutor;Colisao transversal;Com Vitimas Feridas;Pleno dia;Nublado;Intersecao de vias
sabado;RN;Condutor Dormindo;Tombamento;Com Vitimas Feridas;Pleno dia;Ceu Claro;Reta
sabado;MG;Nao guardar distancia de seguranca;Colisao traseira;Com Vitimas Feridas;Pleno dia;Ceu Claro;Nao Informado
sabado;RO;Falta de Atencao Conducao;Saida de leito carrocavel;Com Vitimas Feridas;Pleno dia;Ceu Claro;Reta
sexta-feira;BA;Condutor Dormindo;Capotamento;Com Vitimas Feridas;Plena Noite;Ceu Claro;Curva
sabado;SP;Desobediencia nas normas de transito pelo condutor;Colisao transversal;Com Vitimas Feridas;Pleno dia;Ceu Claro;Reta
sabado;RJ;Restricao de Visibilidade;Colisao transversal;Com Vitimas Feridas;Amanhecer;Chuva;Reta
sabado;ES;Falta de Atencao Conducao;Colisao lateral;Com Vitimas Feridas;Pleno dia;Ceu Claro;Reta
sabado;PE;Defeito Mecanico no Veiculo;Incendio;Sem Vitimas;Pleno dia;Ceu Claro;Reta
sabado;ES;Nao guardar distancia de seguranca;Colisao com objeto em movimento;Com Vitimas Feridas;Pleno dia;Ceu Claro;Reta
sabado;SP;Velocidade Incompativel;Saida de leito carrocavel;Sem Vitimas;Pleno dia;Chuva;Curva
sabado;MT;Pista Escorregadia;Saida de leito carrocavel;Com Vitimas Feridas;Pleno dia;Chuva;Curva
sabado;RJ;Falta de Atencao Conducao;Colisao transversal;Com Vitimas Feridas;Pleno dia;Chuva;Reta
sabado;RS;Velocidade Incompativel;Colisao traseira;Com Vitimas Feridas;Pleno dia;Ceu Claro;Reta