dia_semana;uf;causa_acidente;tipo_acidente;classificacao_acidente;fase_dia;condicao_metereologica;tracado_via
segunda-feira;AM;Falta de Atencao Conducao;Capotamento;Sem Vitimas;Pleno dia;Garoa/Chuvisco;Reta
segunda-feira;PR;Nao guardar distancia de seguranca;Colisao traseira;Com Vitimas Fatais;Pleno dia;Nublado;Nao Informado
segunda-feira;PE;Falta de Atencao Conducao;Colisao traseira;Com Vitimas Feridas;Anoitecer;Ceu Claro;Reta
segunda-feira;PB;Velocidade Incompativel;Colisao transversal;Com Vitimas Feridas;Pleno dia;Ceu Claro;Curva
segunda-feira;GO;Falta de Atencao Conducao;Colisao traseira;Com Vitimas Feridas;Pleno dia;Ceu Claro;Reta
segunda-feira;DF;Falta de Atencao Conducao;Colisao traseira;Com Vitimas Feridas;Pleno dia;Chuva;Reta
segunda-feira;RJ;Fenomenos da Natureza;Tombamento;Com Vitimas Feridas;Anoitecer;Chuva;Curva
quarta-feira;MT;Pista Escorregadia;Colisao frontal;Com Vitimas Feridas;Pleno dia;Chuva;Curva
segunda-feira;MG;Velocidade Incompativel;Capotamento;Com Vitimas Feridas;Pleno dia;Chuva;Curva
segunda-feira;PB;Velocidade Incompativel;Saida de leito carrocavel;Com Vitimas Feridas;Pleno dia;Nublado;Curva
segunda-feira;BA;Nao guardar distancia de seguranca;Colisao traseira;Com Vitimas Feridas;Pleno dia;Ceu Claro;Reta
segunda-feira;PE;Falta de Atencao Conducao;Colisao traseira;Com Vitimas Feridas;Anoitecer;Ceu Claro;Intersecao de vias
segunda-feira;ES;Falta de Atencao Conducao;Colisao transversal;Com Vitimas Feridas;Anoitecer;Nublado;Intersecao de vias
segunda-feira;GO;Falta de Atencao Conducao;Colisao traseira;Sem Vitimas;Pleno dia;Garoa/Chuvisco;Reta
segunda-feira;PR;Falta de Atencao do Pedestre;Atropelamento de Pedestre;Com Vitimas Feridas;Anoitecer;Nublado;Reta
segunda-feira;GO;Condutor Dormindo;Colisao traseira;Com Vitimas Feridas;Anoitecer;Ceu Claro;Reta
segunda-feira;RS;Falta de Atencao Conducao;Colisao transversal;Sem Vitimas;Pleno dia;Ceu Claro;Reta
segunda-feira;PR;Falta de Atencao do Pedestre;Atropelamento de Pedestre;Com Vitimas Feridas;Pleno dia;Ceu Claro;Curva
segunda-feira;SC;Falta de Atencao Conducao;Colisao traseira;Com Vitimas Feridas;Pleno dia;Ceu Claro;Curva
segunda-feira;SC;Velocidade Incompativel;Tombamento;Com Vitimas Feridas;Pleno dia;Chuva;Curva
segunda-feira;RS;Falta de Atencao Conducao;Colisao traseira;Com Vitimas Feridas;Pleno dia;Ceu Claro;Reta
segunda-feira;DF;Ingestao de Alcool e/ou substancias psicoativas pelo pedestre;Atropelamento de Pedestre;Com Vitimas Feridas;Plena Noite;Chuva;Reta
segunda-feira;AL;Ingestao de Alcool;Colisao traseira;Com Vitimas Feridas;Plena Noite;Nublado;Reta
segunda-feira;SP;Nao guardar distancia de seguranca;Colisao traseira;Com Vitimas Feridas;Anoitecer;Ceu Claro;Reta
segunda-feira;RJ;Pista Escorregadia;Queda de ocupante de veiculo;Com Vitimas Feridas;Pleno dia;Garoa/Chuvisco;Reta
segunda-feira;MA;Falta de Atencao Conducao;Colisao transversal;Com Vitimas Fatais;Amanhecer;Ceu Claro;Reta
segunda-feira;MG;Velocidade Incompativel;Saida de leito carrocavel;Com Vitimas Feridas;Plena Noite;Chuva;Nao Informado
segunda-feira;SC;Carga excessiva e/ou mal acondicionada;Colisao lateral;Com Vitimas Feridas;Pleno dia;Nublado;Curva
segunda-feira;SC;Falta de Atencao Conducao;Colisao lateral;Com Vitimas Feridas;Pleno dia;Ceu Claro;Reta
segunda-feira;BA;Ingestao de Alcool;Colisao traseira;Com Vitimas Fatais;Plena Noite;Nublado;Desvio Temporario
segunda-feira;RO;Desobediencia nas normas de transito pelo condutor;Colisao traseira;Com Vitimas Feridas;Plena Noite;Ceu Claro;Nao Informado
segunda-feira;PE;Defeito Mecanico no Veiculo;Colisao frontal;Sem Vitimas;Plena Noite;Ceu Claro;Nao Informado
segunda-feira;SC;Desobedincia nas normas de transito pelo pedestre;Atropelamento de Pedestre;Com Vitimas Fatais;Plena Noite;Nublado;Reta
segunda-feira;BA;Desobediencia nas normas de transito pelo condutor;Colisao transversal;Com Vitimas Feridas;Plena Noite;Ceu Claro;Reta
segunda-feira;GO;Animais na Pista;Queda de ocupante de veiculo;Com Vitimas Feridas;Plena Noite;Ignorado;Reta
segunda-feira;PR;Falta de Atencao Conducao;Queda de ocupante de veiculo;Com Vitimas Feridas;Plena Noite;Garoa/Chuvisco;Reta
segunda-feira;RJ;Falta de Atencao Conducao;Colisao transversal;Com Vitimas Feridas;Plena Noite;Chuva;Retorno Regulamentado
segunda-feira;ES;Falta de Atencao Conducao;Tombamento;Sem Vitimas;Amanhecer;Nublado;Reta
segunda-feira;MG;Pista Escorregadia;Saida de leito carrocavel;Com Vitimas Feridas;Pleno dia;Ceu Claro;Reta
segunda-feira;PR;Condutor Dormindo;Saida de leito carrocavel;Sem Vitimas;Amanhecer;Nublado;Reta
segunda-feira;MG;Falta de Atencao Conducao;Saida de leito carrocavel;Com Vitimas Feridas;Plena Noite;Chuva;Reta
segunda-feira;PA;Velocidade Incompativel;Saida de leito carrocavel;Sem Vitimas;Pleno dia;Chuva;Curva
segunda-feira;ES;Agressao Externa;Tombamento;Com Vitimas Feridas;Plena Noite;Nublado;Intersecao de vias
segunda-feira;AL;Desobediencia nas normas de transito pelo condutor;Colisao traseira;Com Vitimas Feridas;Plena Noite;Ceu Claro;Curva
segunda-feira;RN;Desobediencia nas normas de transito pelo condutor;Colisao frontal;Com Vitimas Fatais;Plena Noite;Ignorado;Curva
segunda-feira;SC;Desobediencia nas normas de transito pelo condutor;Colisao transversal;Com Vitimas Feridas;Plena Noite;Nublado;Reta
segunda-feira;RN;Desobediencia nas normas de transito pelo condutor;Saida de leito carrocavel;Com Vitimas Feridas;Plena Noite;Ceu Claro;Reta
segunda-feira;PR;Falta de Atencao Conducao;Colisao lateral;Com Vitimas Feridas;Plena Noite;Ceu Claro;Reta
segunda-feira;MS;Falta de Atencao Conducao;Queda de ocupante de veiculo;Com Vitimas Feridas;Plena Noite;Ceu Claro;Curva
sabado;SC;Condutor Dormindo;Saida de leito carrocavel;Com Vitimas Fatais;Pleno dia;Ceu Claro;Nao Informado
segunda-feira;RJ;Mal Subito;Colisao frontal;Com Vitimas Fatais;Plena Noite;Chuva;Reta
segunda-feira;RO;Falta de Atencao Conducao;Colisao transversal;Com Vitimas Feridas;Plena Noite;Nublado;Reta
segunda-feira;RJ;Nao guardar distancia de seguranca;Colisao lateral;Com Vitimas Feridas;Plena Noite;Chuva;Reta
segunda-feira;RO;Falta de Atencao Conducao;Tombamento;Com Vitimas Feridas;Plena Noite;Nublado;Reta
segunda-feira;PR;Falta de Atencao Conducao;Saida de leito carrocavel;Com Vitimas Feridas;Plena Noite;Ceu Claro;Reta
segunda-feira;RO;Desobediencia nas normas de transito pelo condutor;Colisao lateral;Com Vitimas Feridas;Plena Noite;Ceu Claro;Reta
terca-feira;SP;Falta de Atencao Conducao;Colisao com objeto estatico;Com Vitimas Feridas;Plena Noite;Ceu Claro;Reta
terca-feira;SP;Velocidade Incompativel;Tombamento;Com Vitimas Feridas;Plena Noite;Ceu Claro;Curva
segunda-feira;BA;Ingestao de Alcool;Saida de leito carrocavel;Sem Vitimas;Plena Noite;Ceu Claro;Reta
segunda-feira;RJ;Defeito Mecanico no Veiculo;Incendio;Sem Vitimas;Plena Noite;Chuva;Reta
segunda-feira;RS;Desobediencia nas normas de transito pelo condutor;Colisao transversal;Com Vitimas Feridas;Plena Noite;Ceu Claro;Reta
segunda-feira;PE;Desobediencia nas normas de transito pelo condutor;Colisao traseira;Com Vitimas Feridas;Plena Noite;Ceu Claro;Nao Informado
terca-feira;RJ;Pista Escorregadia;Queda de ocupante de veiculo;Com Vitimas Feridas;Plena Noite;Garoa/Chuvisco;Curva
segunda-feira;RJ;Deficincia ou nao Acionamento do Sistema de Iluminacao/Sinalizacao do Veiculo;Colisao traseira;Com Vitimas Fatais;Plena Noite;Nublado;Reta
terca-feira;BA;Falta de Atencao Conducao;Queda de ocupante de veiculo;Com Vitimas Feridas;Plena Noite;Ceu Claro;Reta
terca-feira;DF;Condutor Dormindo;Colisao traseira;Com Vitimas Fatais;Plena Noite;Ceu Claro;Reta
domingo;BA;Falta de Atencao Conducao;Colisao transversal;Com Vitimas Feridas;Plena Noite;Ceu Claro;Reta
terca-feira;CE;Falta de Atencao Conducao;Colisao frontal;Sem Vitimas;Plena Noite;Ceu Claro;Reta
terca-feira;PR;Nao guardar distancia de seguranca;Colisao lateral;Com Vitimas Feridas;Plena Noite;Ceu Claro;Reta
terca-feira;AL;Condutor Dormindo;Colisao frontal;Com Vitimas Fatais;Plena Noite;Nublado;Curva
terca-feira;RJ;Animais na Pista;Queda de ocupante de veiculo;Com Vitimas Feridas;Amanhecer;Ceu Claro;Reta
terca-feira;PE;Nao guardar distancia de seguranca;Colisao traseira;Sem Vitimas;Pleno dia;Garoa/Chuvisco;Reta
terca-feira;PR;Nao guardar distancia de seguranca;Colisao traseira;Com Vitimas Feridas;Plena Noite;Nublado;Reta
terca-feira;SC;Desobedincia nas normas de transito pelo pedestre;Atropelamento de Pedestre;Com Vitimas Feridas;Amanhecer;Ceu Claro;Reta
terca-feira;DF;Falta de Atencao Conducao;Colisao lateral;Com Vitimas Feridas;Pleno dia;Ceu Claro;Reta
terca-feira;RN;Animais na Pista;Atropelamento de Animal;Com Vitimas Feridas;Amanhecer;Nevoeiro/Neblina;Reta
terca-feira;PR;Desobediencia nas normas de transito pelo condutor;Colisao traseira;Com Vitimas Feridas;Pleno dia;Ceu Claro;Reta
terca-feira;PR;Sinalizacao da via insuficiente ou inadequada;Tombamento;Com Vitimas Feridas;Pleno dia;Ceu Claro;Curva
terca-feira;PR;Velocidade Incompativel;Colisao traseira;Com Vitimas Feridas;Amanhecer;Nublado;Reta
terca-feira;TO;Desobediencia nas normas de transito pelo condutor;Colisao transversal;Com Vitimas Feridas;Pleno dia;Nublado;Retorno Regulamentado
terca-feira;PR;Defeito Mecanico no Veiculo;Incendio;Sem Vitimas;Pleno dia;Ceu Claro;Rotatoria
terca-feira;GO;Falta de Atencao Conducao;Tombamento;Com Vitimas Feridas;Pleno dia;Ceu Claro;Reta
terca-feira;GO;Falta de Atencao Conducao;Colisao transversal;Com Vitimas Feridas;Pleno dia;Ceu Claro;Reta
terca-feira;SP;Nao guardar distancia de seguranca;Colisao com objeto estatico;Com Vitimas Feridas;Amanhecer;Ceu Claro;Nao Informado
terca-feira;RN;Falta de Atencao Conducao;Engavetamento;Sem Vitimas;Pleno dia;Ceu Claro;Nao Informado
terca-feira;RJ;Condutor Dormindo;Saida de leito carrocavel;Com Vitimas Feridas;Pleno dia;Ceu Claro;Curva
segunda-feira;BA;Falta de Atencao Conducao;Saida de leito carrocavel;Com Vitimas Feridas;Pleno dia;Ceu Claro;Reta
terca-feira;RS;Nao guardar distancia de seguranca;Engavetamento;Sem Vitimas;Pleno dia;Sol;Reta
segunda-feira;MG;Nao guardar distancia de seguranca;Colisao traseira;Com Vitimas Feridas;Pleno dia;Ceu Claro;Reta
terca-feira;MG;Defeito Mecanico no Veiculo;Colisao traseira;Com Vitimas Feridas;Pleno dia;Ceu Claro;Reta
terca-feira;SC;Nao guardar distancia de seguranca;Colisao traseira;Com Vitimas Feridas;Pleno dia;Ceu Claro;Desvio Temporario
terca-feira;AL;Velocidade Incompativel;Tombamento;Com Vitimas Feridas;Pleno dia;Ceu Claro;Curva
terca-feira;AL;Falta de Atencao Conducao;Tombamento;Sem Vitimas;Amanhecer;Ceu Claro;Curva
terca-feira;PR;Desobediencia nas normas de transito pelo condutor;Colisao transversal;Com Vitimas Feridas;Pleno dia;Nublado;Intersecao de vias
terca-feira;MS;Falta de Atencao Conducao;Colisao transversal;Com Vitimas Feridas;Pleno dia;Sol;Reta
terca-feira;RN;Nao guardar distancia de seguranca;Colisao traseira;Com Vitimas Feridas;Pleno dia;Ceu Claro;Reta
sabado;PB;Desobediencia nas normas de transito pelo condutor;Colisao transversal;Com Vitimas Fatais;Pleno dia;Sol;Reta
terca-feira;PR;Falta de Atencao Conducao;Colisao traseira;Com Vitimas Feridas;Pleno dia;Ceu Claro;Reta
terca-feira;CE;Falta de Atencao Conducao;Colisao traseira;Com Vitimas Feridas;Pleno dia;Nublado;Reta
terca-feira;ES;Falta de Atencao Conducao;Tombamento;Com Vitimas Feridas;Pleno dia;Sol;Reta
terca-feira;MT;Pista Escorregadia;Saida de leito carrocavel;Com Vitimas Feridas;Pleno dia;Chuva;Curva
terca-feira;BA;Condutor Dormindo;Saida de leito carrocavel;Com Vitimas Feridas;Pleno dia;Ceu Claro;Reta
terca-feira;SC;Mal Subito;Saida de leito carrocavel;Com Vitimas Feridas;Pleno dia;Nublado;Reta
terca-feira;PR;Falta de Atencao Conducao;Colisao lateral;Com Vitimas Feridas;Pleno dia;Sol;Nao Informado
terca-feira;BA;Defeito Mecanico no Veiculo;Atropelamento de Pedestre;Com Vitimas Feridas;Pleno dia;Ceu Claro;Intersecao de vias
terca-feira;PA;Pista Escorregadia;Queda de ocupante de veiculo;Com Vitimas Feridas;Pleno dia;Garoa/Chuvisco;Reta
terca-feira;SP;Defeito Mecanico no Veiculo;Queda de ocupante de veiculo;Com Vitimas Feridas;Pleno dia;Ceu Claro;Nao Informado
terca-feira;DF;Falta de Atencao Conducao;Colisao traseira;Sem Vitimas;Pleno dia;Ceu Claro;Reta
terca-feira;SC;Desobediencia nas normas de transito pelo condutor;Colisao traseira;Com Vitimas Feridas;Pleno dia;Nublado;Reta
terca-feira;PR;Velocidade Incompativel;Tombamento;Sem Vitimas;Amanhecer;Nevoeiro/Neblina;Curva
terca-feira;SP;Falta de Atencao Conducao;Colisao traseira;Com Vitimas Feridas;Pleno dia;Ceu Claro;Reta
sabado;PR;Desobediencia nas normas de transito pelo condutor;Colisao transversal;Com Vitimas Fatais;Plena Noite;Ceu Claro;Reta
terca-feira;RO;Falta de Atencao Conducao;Colisao traseira;Com Vitimas Feridas;Pleno dia;Sol;Nao Informado
terca-feira;DF;Desobedincia nas normas de transito pelo pedestre;Atropelamento de Pedestre;Com Vitimas Feridas;Pleno dia;Nublado;Reta
terca-feira;SC;Nao guardar distancia de seguranca;Colisao lateral;Com Vitimas Feridas;Pleno dia;Ceu Claro;Reta
segunda-feira;BA;Falta de Atencao Conducao;Colisao lateral;Sem Vitimas;Pleno dia;Ceu Claro;Reta
terca-feira;MG;Ingestao de Alcool;Colisao traseira;Com Vitimas Feridas;Pleno dia;Ceu Claro;Reta
terca-feira;PR;Pista Escorregadia;Saida de leito carrocavel;Com Vitimas Feridas;Pleno dia;Chuva;Curva
terca-feira;PE;Falta de Atencao do Pedestre;Atropelamento de Pedestre;Com Vitimas Feridas;Pleno dia;Ceu Claro;Reta
terca-feira;GO;Falta de Atencao Conducao;Colisao traseira;Com Vitimas Feridas;Pleno dia;Sol;Reta
terca-feira;PB;Avarias e/ou desgaste excessivo no pneu;Saida de leito carrocavel;Com Vitimas Feridas;Pleno dia;Ceu Claro;Reta
terca-feira;PE;Avarias e/ou desgaste excessivo no pneu;Capotamento;Com Vitimas Feridas;Pleno dia;Ceu Claro;Reta
terca-feira;ES;Nao guardar distancia de seguranca;Colisao traseira;Com Vitimas Feridas;Pleno dia;Ceu Claro;Reta
terca-feira;MG;Velocidade Incompativel;Tombamento;Com Vitimas Feridas;Pleno dia;Ceu Claro;Curva
segunda-feira;PR;Falta de Atencao Conducao;Colisao lateral;Com Vitimas Feridas;Pleno dia;Chuva;Reta
terca-feira;RJ;Nao guardar distancia de seguranca;Colisao traseira;Com Vitimas Feridas;Pleno dia;Nublado;Reta
terca-feira;SC;Desobediencia nas normas de transito pelo condutor;Colisao transversal;Com Vitimas Feridas;Pleno dia;Sol;Reta
terca-feira;AM;Defeito na Via;Tombamento;Com Vitimas Feridas;Amanhecer;Nevoeiro/Neblina;Reta
terca-feira;GO;Falta de Atencao Conducao;Colisao lateral;Sem Vitimas;Pleno dia;Ceu Claro;Reta
terca-feira;PR;Falta de Atencao Conducao;Queda de ocupante de veiculo;Com Vitimas Feridas;Pleno dia;Ceu Claro;Reta
terca-feira;PR;Falta de Atencao Conducao;Colisao lateral;Sem Vitimas;Pleno dia;Nublado;Reta
sabado;SC;Desobediencia nas normas de transito pelo condutor;Colisao frontal;Sem Vitimas;Plena Noite;Nublado;Reta
terca-feira;MG;Velocidade Incompativel;Tombamento;Com Vitimas Feridas;Pleno dia;Ceu Claro;Nao Informado
terca-feira;PR;Desobediencia nas normas de transito pelo condutor;Colisao lateral;Com Vitimas Feridas;Pleno dia;Ceu Claro;Intersecao de vias
terca-feira;PI;Desobediencia nas normas de transito pelo condutor;Colisao traseira;Com Vitimas Feridas;Pleno dia;Ceu Claro;Reta
terca-feira;MT;Nao guardar distancia de seguranca;Saida de leito carrocavel;Com Vitimas Feridas;Pleno dia;Chuva;Reta
terca-feira;GO;Velocidade Incompativel;Capotamento;Com Vitimas Feridas;Pleno dia;Chuva;Nao Informado
terca-feira;SC;Pista Escorregadia;Colisao frontal;Com Vitimas Fatais;Pleno dia;Nublado;Curva
terca-feira;SC;Nao guardar distancia de seguranca;Engavetamento;Sem Vitimas;Pleno dia;Nublado;Reta
domingo;MS;Falta de Atencao Conducao;Saida de leito carrocavel;Com Vitimas Feridas;Pleno dia;Sol;Reta
terca-feira;SP;Pista Escorregadia;Tombamento;Com Vitimas Feridas;Pleno dia;Sol;Intersecao de vias
terca-feira;PI;Nao guardar distancia de seguranca;Colisao lateral;Com Vitimas Feridas;Pleno dia;Nublado;Reta
terca-feira;PR;Falta de Atencao Conducao;Colisao traseira;Com Vitimas Feridas;Pleno dia;Chuva;Nao Informado
terca-feira;PR;Defeito Mecanico no Veiculo;Colisao com objeto estatico;Sem Vitimas;Pleno dia;Ceu Claro;Curva
terca-feira;PI;Falta de Atencao Conducao;Colisao traseira;Com Vitimas Feridas;Pleno dia;Sol;Reta
terca-feira;PE;Defeito Mecanico no Veiculo;Saida de leito carrocavel;Com Vitimas Feridas;Pleno dia;Nublado;Reta
terca-feira;SP;Defeito Mecanico no Veiculo;Tombamento;Com Vitimas Feridas;Pleno dia;Ceu Claro;Curva
terca-feira;GO;Pista Escorregadia;Saida de leito carrocavel;Com Vitimas Feridas;Pleno dia;Chuva;Reta
terca-feira;RS;Falta de Atencao Conducao;Colisao traseira;Sem Vitimas;Pleno dia;Ceu Claro;Reta
terca-feira;SC;Nao guardar distancia de seguranca;Colisao traseira;Com Vitimas Feridas;Pleno dia;Chuva;Desvio Temporario
terca-feira;MS;Defeito na Via;Queda de ocupante de veiculo;Com Vitimas Feridas;Pleno dia;Nublado;Reta
terca-feira;MG;Velocidade Incompativel;Saida de leito carrocavel;Com Vitimas Feridas;Pleno dia;Chuva;Curva
terca-feira;PR;Falta de Atencao do Pedestre;Atropelamento de Pedestre;Com Vitimas Feridas;Pleno dia;Sol;Reta
terca-feira;MG;Desobediencia nas normas de transito pelo condutor;Colisao lateral;Com Vitimas Feridas;Pleno dia;Ceu Claro;Reta
terca-feira;MG;Velocidade Incompativel;Capotamento;Com Vitimas Feridas;Pleno dia;Chuva;Reta
terca-feira;PR;Pista Escorregadia;Colisao com objeto estatico;Com Vitimas Feridas;Pleno dia;Chuva;Curva
domingo;GO;Falta de Atencao Conducao;Saida de leito carrocavel;Com Vitimas Fatais;Plena Noite;Nublado;Reta
terca-feira;GO;Falta de Atencao do Pedestre;Atropelamento de Pedestre;Com Vitimas Fatais;Pleno dia;Chuva;Retorno Regulamentado
terca-feira;PE;Falta de Atencao Conducao;Colisao transversal;Com Vitimas Feridas;Pleno dia;Ceu Claro;Curva
terca-feira;SC;Ultrapassagem Indevida;Saida de leito carrocavel;Com Vitimas Feridas;Pleno dia;Nublado;Curva
terca-feira;SC;Falta de Atencao Conducao;Colisao transversal;Com Vitimas Feridas;Anoitecer;Ceu Claro;Intersecao de vias
terca-feira;SC;Mal Subito;Colisao lateral;Com Vitimas Feridas;Pleno dia;Ceu Claro;Reta
terca-feira;GO;Nao guardar distancia de seguranca;Colisao traseira;Com Vitimas Feridas;Anoitecer;Nublado;Reta
terca-feira;RN;Desobediencia nas normas de transito pelo condutor;Colisao transversal;Com Vitimas Feridas;Plena Noite;Ceu Claro;Intersecao de vias
terca-feira;RS;Falta de Atencao Conducao;Colisao transversal;Com Vitimas Feridas;Anoitecer;Sol;Intersecao de vias
terca-feira;SC;Falta de Atencao Conducao;Saida de leito carrocavel;Sem Vitimas;Pleno dia;Ceu Claro;Curva
terca-feira;SP;Falta de Atencao Conducao;Colisao traseira;Com Vitimas Feridas;Anoitecer;Nublado;Curva
terca-feira;PR;Pista Escorregadia;Capotamento;Com Vitimas Feridas;Pleno dia;Chuva;Reta
terca-feira;BA;Ultrapassagem Indevida;Saida de leito carrocavel;Com Vitimas Feridas;Anoitecer;Ceu Claro;Reta
terca-feira;PR;Carga excessiva e/ou mal acondicionada;Colisao traseira;Sem Vitimas;Pleno dia;Chuva;Reta
terca-feira;SE;Mal Subito;Colisao frontal;Com Vitimas Feridas;Plena Noite;Ceu Claro;Reta
terca-feira;PR;Falta de Atencao Conducao;Colisao com objeto estatico;Com Vitimas Feridas;Plena Noite;Chuva;Reta
terca-feira;RN;Falta de Atencao Conducao;Colisao traseira;Com Vitimas Feridas;Plena Noite;Ceu Claro;Reta
terca-feira;RN;Animais na Pista;Colisao traseira;Com Vitimas Feridas;Anoitecer;Vento;Reta
terca-feira;PR;Falta de Atencao Conducao;Colisao lateral;Com Vitimas Feridas;Pleno dia;Sol;Reta
terca-feira;RO;Falta de Atencao do Pedestre;Atropelamento de Pedestre;Com Vitimas Feridas;Pleno dia;Ceu Claro;Reta
terca-feira;SC;Falta de Atencao Conducao;Tombamento;Com Vitimas Feridas;Plena Noite;Nublado;Curva
terca-feira;MG;Falta de Atencao Conducao;Saida de leito carrocavel;Com Vitimas Feridas;Amanhecer;Ceu Claro;Reta
terca-feira;RJ;Pista Escorregadia;Tombamento;Com Vitimas Feridas;Plena Noite;Chuva;Reta
terca-feira;MA;Falta de Atencao Conducao;Queda de ocupante de veiculo;Com Vitimas Feridas;Plena Noite;Nublado;Reta
terca-feira;MT;Nao guardar distancia de seguranca;Colisao frontal;Com Vitimas Feridas;Pleno dia;Chuva;Reta
terca-feira;ES;Desobediencia nas normas de transito pelo condutor;Colisao frontal;Com Vitimas Feridas;Plena Noite;Ceu Claro;Reta
terca-feira;MT;Falta de Atencao Conducao;Colisao transversal;Com Vitimas Feridas;Plena Noite;Nublado;Intersecao de vias
terca-feira;DF;Desobediencia nas normas de transito pelo condutor;Colisao transversal;Com Vitimas Feridas;Plena Noite;Nublado;Reta
terca-feira;PR;Defeito Mecanico no Veiculo;Saida de leito carrocavel;Com Vitimas Feridas;Anoitecer;Nublado;Nao Informado
terca-feira;PR;Ingestao de Alcool;Colisao lateral;Com Vitimas Feridas;Plena Noite;Ceu Claro;Curva
terca-feira;MG;Falta de Atencao Conducao;Saida de leito carrocavel;Com Vitimas Feridas;Plena Noite;Nublado;Reta
terca-feira;RN;Ingestao de Alcool;Colisao traseira;Com Vitimas Feridas;Pleno dia;Nublado;Reta
terca-feira;PR;Falta de Atencao Conducao;Colisao traseira;Com Vitimas Fatais;Plena Noite;Ceu Claro;Reta
terca-feira;MT;Pista Escorregadia;Saida de leito carrocavel;Sem Vitimas;Plena Noite;Chuva;Desvio Temporario
terca-feira;BA;Velocidade Incompativel;Colisao traseira;Com Vitimas Feridas;Plena Noite;Nublado;Reta
terca-feira;RS;Animais na Pista;Atropelamento de Animal;Sem Vitimas;Plena Noite;Ceu Claro;Reta
terca-feira;RJ;Condutor Dormindo;Capotamento;Com Vitimas Feridas;Plena Noite;Nublado;Reta
terca-feira;RS;Restricao de Visibilidade;Tombamento;Com Vitimas Feridas;Plena Noite;Ceu Claro;Reta
terca-feira;ES;Falta de Atencao Conducao;Queda de ocupante de veiculo;Com Vitimas Feridas;Plena Noite;Nublado;Reta
terca-feira;GO;Falta de Atencao Conducao;Saida de leito carrocavel;Sem Vitimas;Plena Noite;Nublado;Reta
terca-feira;RS;Desobediencia nas normas de transito pelo condutor;Colisao transversal;Com Vitimas Feridas;Plena Noite;Ceu Claro;Reta
terca-feira;RS;Defeito Mecanico no Veiculo;Tombamento;Com Vitimas Feridas;Anoitecer;Ceu Claro;Intersecao de vias
terca-feira;MT;Falta de Atencao Conducao;Saida de leito carrocavel;Sem Vitimas;Plena Noite;Nublado;Nao Informado
terca-feira;SE;Condutor Dormindo;Colisao com objeto estatico;Com Vitimas Feridas;Plena Noite;Ceu Claro;Nao Informado
terca-feira;RJ;Falta de Atencao Conducao;Atropelamento de Pedestre;Com Vitimas Feridas;Plena Noite;Ceu Claro;Rotatoria
terca-feira;MG;Falta de Atencao do Pedestre;Atropelamento de Pedestre;Com Vitimas Fatais;Plena Noite;Nublado;Reta
terca-feira;SP;Falta de Atencao Conducao;Colisao traseira;Com Vitimas Feridas;Plena Noite;Nublado;Reta
terca-feira;SC;Ingestao de Alcool;Colisao lateral;Sem Vitimas;Plena Noite;Ceu Claro;Reta
terca-feira;MG;Condutor Dormindo;Capotamento;Com Vitimas Feridas;Plena Noite;Nublado;Curva
terca-feira;MG;Falta de Atencao Conducao;Colisao traseira;Com Vitimas Feridas;Pleno dia;Nublado;Reta
quarta-feira;MS;Falta de Atencao Conducao;Saida de leito carrocavel;Com Vitimas Feridas;Plena Noite;Nublado;Reta
quarta-feira;SC;Falta de Atencao Conducao;Atropelamento de Pedestre;Com Vitimas Feridas;Plena Noite;Ceu Claro;Reta
quarta-feira;SC;Condutor Dormindo;Colisao traseira;Sem Vitimas;Plena Noite;Ceu Claro;Reta
quarta-feira;RO;Falta de Atencao Conducao;Colisao traseira;Com Vitimas Feridas;Plena Noite;Garoa/Chuvisco;Nao Informado
terca-feira;PR;Ingestao de Alcool;Saida de leito carrocavel;Sem Vitimas;Plena Noite;Nublado;Reta
quarta-feira;RJ;Velocidade Incompativel;Colisao com objeto estatico;Sem Vitimas;Plena Noite;Ceu Claro;Curva
quarta-feira;PR;Defeito Mecanico no Veiculo;Tombamento;Sem Vitimas;Plena Noite;Ceu Claro;Curva
quarta-feira;RS;Ingestao de Alcool;Saida de leito carrocavel;Sem Vitimas;Plena Noite;Ceu Claro;Curva
quarta-feira;SP;Falta de Atencao Conducao;Tombamento;Com Vitimas Fatais;Amanhecer;Ceu Claro;Reta
domingo;RS;Condutor Dormindo;Colisao traseira;Sem Vitimas;Plena Noite;Ceu Claro;Reta
quarta-feira;RN;Condutor Dormindo;Colisao com objeto estatico;Sem Vitimas;Amanhecer;Ceu Claro;Reta
quarta-feira;BA;Animais na Pista;Atropelamento de Animal;Sem Vitimas;Amanhecer;Nublado;Reta
terca-feira;MG;Restricao de Visibilidade;Colisao lateral;Com Vitimas Feridas;Plena Noite;Ceu Claro;Reta