dia_semana;uf;causa_acidente;tipo_acidente;classificacao_acidente;fase_dia;condicao_metereologica;tracado_via
sabado;SC;Desobediencia nas normas de transito pelo condutor;Colisao transversal;Com Vitimas Feridas;Plena Noite;Ceu Claro;Intersecao de vias
sabado;AL;Ingestao de Alcool;Tombamento;Com Vitimas Feridas;Plena Noite;Ceu Claro;Curva
domingo;MG;Falta de Atencao Conducao;Queda de ocupante de veiculo;Com Vitimas Feridas;Pleno dia;Ceu Claro;Nao Informado
domingo;SC;Condutor Dormindo;Colisao com objeto estatico;Com Vitimas Feridas;Plena Noite;Nublado;Reta
domingo;PR;Desobedincia nas normas de transito pelo pedestre;Atropelamento de Pedestre;Com Vitimas Feridas;Plena Noite;Ceu Claro;Reta
domingo;MG;Falta de Atencao Conducao;Saida de leito carrocavel;Com Vitimas Feridas;Plena Noite;Ceu Claro;Reta
domingo;PE;Falta de Atencao Conducao;Colisao com objeto estatico;Com Vitimas Feridas;Plena Noite;Ceu Claro;Reta
domingo;GO;Falta de Atencao do Pedestre;Atropelamento de Pedestre;Com Vitimas Feridas;Plena Noite;Nublado;Reta
domingo;SP;Falta de Atencao Conducao;Colisao com objeto estatico;Com Vitimas Feridas;Plena Noite;Ceu Claro;Reta
domingo;SC;Velocidade Incompativel;Saida de leito carrocavel;Com Vitimas Feridas;Plena Noite;Ceu Claro;Curva
domingo;RJ;Falta de Atencao Conducao;Queda de ocupante de veiculo;Com Vitimas Feridas;Plena Noite;Ignorado;Intersecao de vias
domingo;GO;Ingestao de Alcool;Colisao traseira;Com Vitimas Feridas;Plena Noite;Ceu Claro;Reta
domingo;SC;Falta de Atencao Conducao;Colisao traseira;Sem Vitimas;Plena Noite;Ceu Claro;Reta
domingo;MG;Velocidade Incompativel;Colisao com objeto estatico;Com Vitimas Feridas;Plena Noite;Ceu Claro;Reta
domingo;SC;Ingestao de Alcool;Colisao transversal;Com Vitimas Feridas;Plena Noite;Ceu Claro;Intersecao de vias
sabado;SC;Ingestao de Alcool;Colisao transversal;Com Vitimas Feridas;Plena Noite;Ceu Claro;Curva
domingo;SC;Desobediencia nas normas de transito pelo condutor;Atropelamento de Pedestre;Com Vitimas Feridas;Plena Noite;Ceu Claro;Rotatoria
domingo;SC;Velocidade Incompativel;Saida de leito carrocavel;Com Vitimas Fatais;Plena Noite;Ceu Claro;Curva
domingo;RJ;Ingestao de Alcool;Capotamento;Sem Vitimas;Amanhecer;Nublado;Reta
domingo;SP;Falta de Atencao Conducao;Capotamento;Com Vitimas Feridas;Plena Noite;Ceu Claro;Reta
domingo;BA;Velocidade Incompativel;Tombamento;Com Vitimas Feridas;Amanhecer;Ceu Claro;Curva
domingo;SC;Velocidade Incompativel;Tombamento;Sem Vitimas;Amanhecer;Ceu Claro;Reta
domingo;RN;Desobediencia nas normas de transito pelo condutor;Queda de ocupante de veiculo;Com Vitimas Feridas;Amanhecer;Nublado;Reta
domingo;RJ;Ingestao de Alcool;Colisao traseira;Com Vitimas Feridas;Plena Noite;Ceu Claro;Reta
domingo;PE;Falta de Atencao Conducao;Colisao lateral;Com Vitimas Fatais;Pleno dia;Ceu Claro;Reta
domingo;MG;Falta de Atencao Conducao;Tombamento;Com Vitimas Feridas;Plena Noite;Nublado;Curva
domingo;RJ;Ingestao de Alcool;Capotamento;Com Vitimas Feridas;Amanhecer;Ceu Claro;Reta
domingo;MG;Ingestao de Alcool;Colisao com objeto estatico;Com Vitimas Fatais;Plena Noite;Ceu Claro;Curva
sabado;PI;Ingestao de Alcool;Colisao frontal;Com Vitimas Feridas;Plena Noite;Ceu Claro;Reta
domingo;RS;Falta de Atencao Conducao;Saida de leito carrocavel;Sem Vitimas;Amanhecer;Ceu Claro;Curva
domingo;RJ;Ingestao de Alcool;Capotamento;Sem Vitimas;Amanhecer;Ceu Claro;Nao Informado
domingo;MG;Velocidade Incompativel;Colisao com objeto estatico;Com Vitimas Feridas;Amanhecer;Ceu Claro;Nao Informado
domingo;MG;Falta de Atencao Conducao;Colisao traseira;Com Vitimas Feridas;Amanhecer;Sol;Reta
domingo;GO;Defeito Mecanico no Veiculo;Queda de ocupante de veiculo;Com Vitimas Feridas;Pleno dia;Ceu Claro;Curva
domingo;CE;Falta de Atencao Conducao;Colisao com objeto estatico;Sem Vitimas;Amanhecer;Chuva;Reta
domingo;SC;Condutor Dormindo;Colisao com objeto estatico;Com Vitimas Feridas;Pleno dia;Sol;Curva
domingo;AM;Condutor Dormindo;Saida de leito carrocavel;Com Vitimas Feridas;Amanhecer;Ceu Claro;Reta
domingo;CE;Falta de Atencao Conducao;Colisao lateral;Com Vitimas Feridas;Amanhecer;Nublado;Reta
domingo;DF;Ingestao de Alcool;Saida de leito carrocavel;Com Vitimas Feridas;Pleno dia;Ceu Claro;Curva
domingo;PR;Ingestao de Alcool e/ou substancias psicoativas pelo pedestre;Colisao com objeto estatico;Sem Vitimas;Amanhecer;Ceu Claro;Rotatoria
domingo;BA;Velocidade Incompativel;Tombamento;Com Vitimas Feridas;Pleno dia;Ceu Claro;Curva
domingo;SC;Defeito Mecanico no Veiculo;Incendio;Sem Vitimas;Pleno dia;Ceu Claro;Reta
domingo;PR;Falta de Atencao Conducao;Saida de leito carrocavel;Com Vitimas Feridas;Pleno dia;Ceu Claro;Curva
domingo;PE;Ingestao de Alcool;Saida de leito carrocavel;Sem Vitimas;Pleno dia;Ceu Claro;Reta
domingo;RO;Falta de Atencao Conducao;Queda de ocupante de veiculo;Com Vitimas Feridas;Amanhecer;Ceu Claro;Reta
domingo;MT;Falta de Atencao Conducao;Queda de ocupante de veiculo;Com Vitimas Feridas;Amanhecer;Ceu Claro;Reta
sabado;MS;Velocidade Incompativel;Colisao com objeto estatico;Sem Vitimas;Pleno dia;Chuva;Reta
quinta-feira;MG;Defeito Mecanico no Veiculo;Colisao traseira;Com Vitimas Feridas;Pleno dia;Ceu Claro;Reta
domingo;RS;Ingestao de Alcool;Saida de leito carrocavel;Sem Vitimas;Plena Noite;Ceu Claro;Reta
domingo;MG;Animais na Pista;Saida de leito carrocavel;Com Vitimas Feridas;Pleno dia;Ceu Claro;Reta
domingo;RJ;Condutor Dormindo;Saida de leito carrocavel;Com Vitimas Feridas;Pleno dia;Ceu Claro;Nao Informado
sabado;DF;Falta de Atencao Conducao;Saida de leito carrocavel;Sem Vitimas;Pleno dia;Ceu Claro;Reta
quinta-feira;ES;Sinalizacao da via insuficiente ou inadequada;Colisao transversal;Com Vitimas Feridas;Anoitecer;Nublado;Nao Informado
domingo;BA;Falta de Atencao Conducao;Colisao lateral;Com Vitimas Feridas;Pleno dia;Ceu Claro;Curva
domingo;ES;Desobediencia nas normas de transito pelo condutor;Colisao transversal;Com Vitimas Feridas;Pleno dia;Sol;Intersecao de vias
domingo;MG;Falta de Atencao Conducao;Colisao lateral;Com Vitimas Feridas;Pleno dia;Ceu Claro;Reta
domingo;GO;Ingestao de Alcool;Colisao transversal;Com Vitimas Feridas;Pleno dia;Sol;Nao Informado
domingo;RJ;Avarias e/ou desgaste excessivo no pneu;Colisao com objeto estatico;Com Vitimas Feridas;Pleno dia;Ceu Claro;Reta
domingo;RJ;Falta de Atencao Conducao;Colisao lateral;Sem Vitimas;Pleno dia;Sol;Reta
domingo;MG;Falta de Atencao Conducao;Colisao frontal;Com Vitimas Feridas;Pleno dia;Ceu Claro;Nao Informado
domingo;MG;Falta de Atencao Conducao;Colisao transversal;Com Vitimas Feridas;Pleno dia;Ceu Claro;Reta
domingo;RS;Falta de Atencao Conducao;Colisao transversal;Com Vitimas Feridas;Pleno dia;Chuva;Nao Informado
domingo;PE;Desobediencia nas normas de transito pelo condutor;Colisao transversal;Com Vitimas Feridas;Pleno dia;Nublado;Reta
domingo;PR;Velocidade Incompativel;Colisao lateral;Com Vitimas Feridas;Pleno dia;Ceu Claro;Nao Informado
domingo;RJ;Falta de Atencao Conducao;Queda de ocupante de veiculo;Com Vitimas Feridas;Pleno dia;Ceu Claro;Curva
domingo;GO;Falta de Atencao Conducao;Saida de leito carrocavel;Com Vitimas Feridas;Pleno dia;Nublado;Reta
domingo;PI;Desobedincia nas normas de transito pelo pedestre;Atropelamento de Pedestre;Com Vitimas Fatais;Pleno dia;Ceu Claro;Reta
domingo;MG;Condutor Dormindo;Saida de leito carrocavel;Com Vitimas Feridas;Pleno dia;Ceu Claro;Curva
domingo;RJ;Defeito Mecanico no Veiculo;Tombamento;Com Vitimas Feridas;Pleno dia;Ceu Claro;Reta
domingo;MG;Desobediencia nas normas de transito pelo condutor;Colisao lateral;Com Vitimas Feridas;Pleno dia;Ceu Claro;Curva
domingo;SE;Mal Subito;Tombamento;Com Vitimas Feridas;Pleno dia;Ceu Claro;Nao Informado
domingo;SP;Mal Subito;Colisao com objeto estatico;Com Vitimas Feridas;Pleno dia;Sol;Reta
domingo;SC;Falta de Atencao Conducao;Capotamento;Com Vitimas Feridas;Pleno dia;Ceu Claro;Reta
segunda-feira;PB;Desobediencia nas normas de transito pelo condutor;Colisao traseira;Com Vitimas Feridas;Pleno dia;Ceu Claro;Reta
domingo;RS;Avarias e/ou desgaste excessivo no pneu;Tombamento;Com Vitimas Feridas;Pleno dia;Nublado;Reta
domingo;SC;Ingestao de Alcool;Saida de leito carrocavel;Com Vitimas Feridas;Pleno dia;Sol;Reta
domingo;SC;Ingestao de Alcool;Saida de leito carrocavel;Com Vitimas Feridas;Pleno dia;Ceu Claro;Nao Informado
domingo;RJ;Avarias e/ou desgaste excessivo no pneu;Queda de ocupante de veiculo;Com Vitimas Feridas;Pleno dia;Ceu Claro;Reta
domingo;RJ;Ultrapassagem Indevida;Colisao frontal;Com Vitimas Feridas;Pleno dia;Ceu Claro;Reta
domingo;PB;Desobediencia nas normas de transito pelo condutor;Colisao transversal;Com Vitimas Fatais;Pleno dia;Ceu Claro;Reta
domingo;SC;Falta de Atencao Conducao;Colisao lateral;Com Vitimas Feridas;Pleno dia;Sol;Curva
domingo;RR;Fenomenos da Natureza;Colisao com objeto em movimento;Sem Vitimas;Pleno dia;Ceu Claro;Reta
domingo;AP;Velocidade Incompativel;Colisao frontal;Com Vitimas Fatais;Pleno dia;Chuva;Curva
domingo;MS;Falta de Atencao Conducao;Colisao traseira;Com Vitimas Feridas;Pleno dia;Ceu Claro;Intersecao de vias
domingo;TO;Pista Escorregadia;Colisao lateral;Com Vitimas Feridas;Pleno dia;Chuva;Nao Informado
domingo;RJ;Desobediencia nas normas de transito pelo condutor;Colisao lateral;Com Vitimas Feridas;Pleno dia;Sol;Reta
domingo;PE;Defeito Mecanico no Veiculo;Colisao frontal;Com Vitimas Fatais;Pleno dia;Ceu Claro;Reta
domingo;SC;Falta de Atencao Conducao;Colisao lateral;Com Vitimas Feridas;Pleno dia;Ceu Claro;Nao Informado
domingo;ES;Desobediencia nas normas de transito pelo condutor;Colisao transversal;Sem Vitimas;Pleno dia;Ceu Claro;Intersecao de vias
domingo;AL;Velocidade Incompativel;Tombamento;Com Vitimas Fatais;Pleno dia;Ceu Claro;Curva
domingo;GO;Pista Escorregadia;Capotamento;Com Vitimas Feridas;Pleno dia;Chuva;Retorno Regulamentado
domingo;RJ;Falta de Atencao do Pedestre;Atropelamento de Pedestre;Com Vitimas Feridas;Pleno dia;Nublado;Nao Informado
domingo;ES;Falta de Atencao Conducao;Tombamento;Com Vitimas Feridas;Pleno dia;Ceu Claro;Curva
domingo;SP;Condutor Dormindo;Colisao com objeto estatico;Com Vitimas Fatais;Pleno dia;Ceu Claro;Reta
domingo;PR;Falta de Atencao Conducao;Colisao com objeto estatico;Sem Vitimas;Pleno dia;Nublado;Reta
domingo;MG;Mal Subito;Colisao com objeto estatico;Com Vitimas Feridas;Pleno dia;Sol;Reta
domingo;RS;Ingestao de Alcool;Colisao com objeto estatico;Sem Vitimas;Pleno dia;Chuva;Ponte
domingo;PE;Nao guardar distancia de seguranca;Colisao traseira;Com Vitimas Feridas;Pleno dia;Sol;Reta
domingo;SC;Falta de Atencao Conducao;Colisao traseira;Com Vitimas Feridas;Pleno dia;Ceu Claro;Viaduto
domingo;PB;Defeito Mecanico no Veiculo;Tombamento;Com Vitimas Feridas;Pleno dia;Ceu Claro;Viaduto
domingo;RO;Falta de Atencao Conducao;Colisao transversal;Com Vitimas Feridas;Pleno dia;Ceu Claro;Reta
domingo;MG;Ingestao de Alcool;Colisao transversal;Com Vitimas Fatais;Pleno dia;Ceu Claro;Reta
domingo;GO;Ingestao de Alcool e/ou substancias psicoativas pelo pedestre;Atropelamento de Pedestre;Com Vitimas Feridas;Pleno dia;Nublado;Reta
domingo;ES;Ingestao de Alcool;Engavetamento;Sem Vitimas;Pleno dia;Sol;Reta
domingo;PA;Desobediencia nas normas de transito pelo condutor;Colisao traseira;Com Vitimas Feridas;Pleno dia;Nublado;Ponte
domingo;SP;Condutor Dormindo;Saida de leito carrocavel;Sem Vitimas;Pleno dia;Ceu Claro;Reta
domingo;BA;Defeito Mecanico no Veiculo;Capotamento;Sem Vitimas;Pleno dia;Sol;Desvio Temporario
domingo;BA;Ultrapassagem Indevida;Saida de leito carrocavel;Com Vitimas Feridas;Pleno dia;Ceu Claro;Reta
domingo;SC;Desobediencia nas normas de transito pelo condutor;Tombamento;Com Vitimas Feridas;Pleno dia;Ceu Claro;Reta
domingo;GO;Restricao de Visibilidade;Colisao lateral;Com Vitimas Feridas;Pleno dia;Nublado;Nao Informado
domingo;PI;Falta de Atencao Conducao;Colisao frontal;Com Vitimas Fatais;Anoitecer;Ceu Claro;Reta
domingo;TO;Desobediencia nas normas de transito pelo condutor;Colisao frontal;Com Vitimas Feridas;Pleno dia;Ceu Claro;Retorno Regulamentado
domingo;GO;Ingestao de Alcool;Saida de leito carrocavel;Com Vitimas Feridas;Pleno dia;Nublado;Reta
domingo;SC;Falta de Atencao Conducao;Saida de leito carrocavel;Com Vitimas Feridas;Pleno dia;Nublado;Reta
domingo;SC;Desobediencia nas normas de transito pelo condutor;Colisao transversal;Sem Vitimas;Pleno dia;Nublado;Intersecao de vias
domingo;BA;Velocidade Incompativel;Saida de leito carrocavel;Com Vitimas Fatais;Anoitecer;Ceu Claro;Reta
domingo;SC;Falta de Atencao Conducao;Saida de leito carrocavel;Sem Vitimas;Pleno dia;Chuva;Curva
domingo;GO;Nao guardar distancia de seguranca;Colisao traseira;Sem Vitimas;Pleno dia;Chuva;Reta
domingo;MG;Falta de Atencao Conducao;Queda de ocupante de veiculo;Com Vitimas Feridas;Pleno dia;Ceu Claro;Curva
domingo;GO;Falta de Atencao Conducao;Colisao transversal;Com Vitimas Feridas;Pleno dia;Garoa/Chuvisco;Reta
domingo;RS;Falta de Atencao Conducao;Colisao frontal;Com Vitimas Feridas;Anoitecer;Chuva;Curva
domingo;ES;Velocidade Incompativel;Capotamento;Com Vitimas Feridas;Pleno dia;Chuva;Curva
domingo;RS;Nao guardar distancia de seguranca;Colisao traseira;Com Vitimas Feridas;Pleno dia;Nublado;Reta
domingo;ES;Falta de Atencao Conducao;Colisao traseira;Com Vitimas Feridas;Plena Noite;Ceu Claro;Curva
domingo;MG;Avarias e/ou desgaste excessivo no pneu;Tombamento;Com Vitimas Feridas;Anoitecer;Ceu Claro;Reta
domingo;MG;Falta de Atencao Conducao;Colisao com objeto estatico;Com Vitimas Feridas;Pleno dia;Ceu Claro;Reta
domingo;BA;Falta de Atencao do Pedestre;Atropelamento de Pedestre;Com Vitimas Feridas;Plena Noite;Ceu Claro;Desvio Temporario
domingo;SP;Desobediencia nas normas de transito pelo condutor;Colisao lateral;Com Vitimas Feridas;Anoitecer;Ceu Claro;Reta
domingo;SC;Ingestao de Alcool e/ou substancias psicoativas pelo pedestre;Colisao transversal;Com Vitimas Feridas;Pleno dia;Ceu Claro;Curva
domingo;MG;Desobediencia nas normas de transito pelo condutor;Colisao transversal;Com Vitimas Feridas;Plena Noite;Ceu Claro;Reta
domingo;TO;Falta de Atencao Conducao;Saida de leito carrocavel;Com Vitimas Feridas;Plena Noite;Ceu Claro;Reta
domingo;SC;Falta de Atencao Conducao;Colisao lateral;Com Vitimas Feridas;Pleno dia;Chuva;Reta
domingo;MG;Desobedincia nas normas de transito pelo pedestre;Atropelamento de Pedestre;Com Vitimas Feridas;Anoitecer;Ceu Claro;Reta
domingo;MG;Ingestao de Alcool e/ou substancias psicoativas pelo pedestre;Saida de leito carrocavel;Com Vitimas Feridas;Anoitecer;Ceu Claro;Reta
domingo;BA;Ingestao de Alcool;Saida de leito carrocavel;Com Vitimas Feridas;Plena Noite;Ceu Claro;Desvio Temporario
domingo;PE;Falta de Atencao do Pedestre;Atropelamento de Pedestre;Com Vitimas Feridas;Plena Noite;Ceu Claro;Desvio Temporario
domingo;AL;Ingestao de Alcool;Colisao frontal;Com Vitimas Fatais;Plena Noite;Ceu Claro;Reta
domingo;ES;Falta de Atencao Conducao;Colisao traseira;Com Vitimas Feridas;Plena Noite;Ceu Claro;Reta
domingo;PI;Nao guardar distancia de seguranca;Colisao traseira;Sem Vitimas;Plena Noite;Chuva;Curva
domingo;RS;Desobediencia nas normas de transito pelo condutor;Colisao frontal;Com Vitimas Feridas;Plena Noite;Garoa/Chuvisco;Curva
domingo;MG;Falta de Atencao do Pedestre;Atropelamento de Pedestre;Com Vitimas Fatais;Plena Noite;Ceu Claro;Reta
domingo;SC;Ingestao de Alcool;Colisao traseira;Com Vitimas Feridas;Anoitecer;Ceu Claro;Reta
domingo;GO;Defeito na Via;Colisao traseira;Com Vitimas Feridas;Plena Noite;Ceu Claro;Reta
domingo;ES;Ingestao de Alcool;Capotamento;Com Vitimas Fatais;Plena Noite;Ceu Claro;Reta
domingo;MG;Falta de Atencao Conducao;Colisao frontal;Com Vitimas Feridas;Pleno dia;Ceu Claro;Reta
domingo;PR;Falta de Atencao do Pedestre;Atropelamento de Pedestre;Com Vitimas Feridas;Plena Noite;Ceu Claro;Reta
domingo;RS;Defeito Mecanico no Veiculo;Colisao com objeto em movimento;Sem Vitimas;Pleno dia;Chuva;Curva
domingo;RS;Ingestao de Alcool;Colisao transversal;Com Vitimas Feridas;Plena Noite;Nublado;Nao Informado
domingo;SC;Falta de Atencao Conducao;Colisao lateral;Com Vitimas Feridas;Pleno dia;Ceu Claro;Curva
domingo;PR;Ingestao de Alcool;Colisao traseira;Com Vitimas Feridas;Plena Noite;Ceu Claro;Reta
domingo;ES;Animais na Pista;Atropelamento de Animal;Com Vitimas Feridas;Plena Noite;Ceu Claro;Reta
domingo;AL;Falta de Atencao do Pedestre;Atropelamento de Pedestre;Com Vitimas Fatais;Plena Noite;Ceu Claro;Curva
domingo;SE;Desobediencia nas normas de transito pelo condutor;Colisao frontal;Com Vitimas Fatais;Plena Noite;Ceu Claro;Curva
domingo;RJ;Falta de Atencao Conducao;Tombamento;Com Vitimas Feridas;Anoitecer;Nublado;Curva
domingo;RJ;Velocidade Incompativel;Colisao com objeto estatico;Com Vitimas Feridas;Plena Noite;Nublado;Curva
domingo;MG;Nao guardar distancia de seguranca;Colisao traseira;Com Vitimas Feridas;Plena Noite;Ceu Claro;Curva
domingo;SC;Falta de Atencao Conducao;Colisao traseira;Com Vitimas Feridas;Anoitecer;Ceu Claro;Reta
domingo;SC;Restricao de Visibilidade;Saida de leito carrocavel;Com Vitimas Feridas;Plena Noite;Chuva;Desvio Temporario
domingo;MG;Ingestao de Alcool;Colisao com objeto estatico;Com Vitimas Feridas;Plena Noite;Ceu Claro;Reta
domingo;RS;Animais na Pista;Atropelamento de Animal;Com Vitimas Feridas;Plena Noite;Chuva;Desvio Temporario
domingo;PE;Condutor Dormindo;Capotamento;Com Vitimas Feridas;Plena Noite;Ceu Claro;Nao Informado
domingo;SC;Pista Escorregadia;Queda de ocupante de veiculo;Com Vitimas Feridas;Plena Noite;Chuva;Reta
domingo;SC;Falta de Atencao Conducao;Colisao traseira;Com Vitimas Feridas;Anoitecer;Ceu Claro;Nao Informado
domingo;PE;Desobediencia nas normas de transito pelo condutor;Colisao lateral;Com Vitimas Feridas;Plena Noite;Ceu Claro;Curva
domingo;BA;Desobediencia nas normas de transito pelo condutor;Colisao transversal;Com Vitimas Feridas;Plena Noite;Ceu Claro;Nao Informado
domingo;PB;Animais na Pista;Atropelamento de Animal;Com Vitimas Feridas;Plena Noite;Nublado;Reta
domingo;BA;Ingestao de Alcool;Atropelamento de Animal;Com Vitimas Feridas;Plena Noite;Ceu Claro;Reta
domingo;CE;Mal Subito;Saida de leito carrocavel;Com Vitimas Fatais;Plena Noite;Ceu Claro;Curva
domingo;BA;Velocidade Incompativel;Capotamento;Sem Vitimas;Pleno dia;Ceu Claro;Curva
domingo;RS;Velocidade Incompativel;Tombamento;Com Vitimas Feridas;Plena Noite;Chuva;Desvio Temporario
domingo;PR;Ingestao de Alcool;Capotamento;Com Vitimas Feridas;Plena Noite;Ceu Claro;Reta
domingo;BA;Ingestao de Alcool;Colisao traseira;Com Vitimas Feridas;Plena Noite;Nublado;Reta
domingo;RO;Falta de Atencao Conducao;Colisao traseira;Com Vitimas Feridas;Plena Noite;Garoa/Chuvisco;Desvio Temporario
domingo;MG;Falta de Atencao Conducao;Tombamento;Com Vitimas Feridas;Pleno dia;Sol;Reta
domingo;PE;Ingestao de Alcool;Colisao frontal;Sem Vitimas;Plena Noite;Ceu Claro;Curva
domingo;SP;Defeito Mecanico no Veiculo;Colisao com objeto estatico;Com Vitimas Feridas;Plena Noite;Ceu Claro;Reta
domingo;MT;Ingestao de Alcool;Colisao com objeto estatico;Com Vitimas Fatais;Plena Noite;Ceu Claro;Rotatoria
domingo;ES;Sinalizacao da via insuficiente ou inadequada;Colisao transversal;Com Vitimas Feridas;Plena Noite;Ceu Claro;Nao Informado
domingo;SC;Ingestao de Alcool;Colisao transversal;Com Vitimas Feridas;Anoitecer;Ceu Claro;Reta
domingo;MG;Carga excessiva e/ou mal acondicionada;Tombamento;Sem Vitimas;Plena Noite;Ceu Claro;Nao Informado
domingo;PR;Desobediencia nas normas de transito pelo condutor;Colisao transversal;Com Vitimas Feridas;Plena Noite;Ceu Claro;Intersecao de vias
domingo;MG;Animais na Pista;Atropelamento de Animal;Com Vitimas Feridas;Plena Noite;Ceu Claro;Reta
domingo;PB;Ingestao de Alcool;Saida de leito carrocavel;Com Vitimas Fatais;Plena Noite;Ceu Claro;Reta
domingo;MG;Ingestao de Alcool;Colisao traseira;Com Vitimas Feridas;Plena Noite;Chuva;Reta
domingo;SC;Velocidade Incompativel;Saida de leito carrocavel;Com Vitimas Feridas;Plena Noite;Chuva;Curva
domingo;CE;Defeito Mecanico no Veiculo;Colisao com objeto estatico;Com Vitimas Feridas;Plena Noite;Nublado;Reta
domingo;PR;Ingestao de Alcool;Tombamento;Com Vitimas Feridas;Plena Noite;Garoa/Chuvisco;Reta
domingo;RJ;Falta de Atencao do Pedestre;Atropelamento de Pedestre;Com Vitimas Fatais;Plena Noite;Ceu Claro;Reta
domingo;RS;Ingestao de Alcool;Colisao transversal;Com Vitimas Feridas;Plena Noite;Chuva;Reta
domingo;RJ;Falta de Atencao Conducao;Colisao com objeto estatico;Com Vitimas Feridas;Plena Noite;Nublado;Nao Informado
domingo;BA;Animais na Pista;Atropelamento de Animal;Com Vitimas Feridas;Plena Noite;Ceu Claro;Reta
domingo;GO;Falta de Atencao Conducao;Colisao traseira;Com Vitimas Feridas;Plena Noite;Chuva;Reta
domingo;RS;Desobedincia nas normas de transito pelo pedestre;Atropelamento de Pedestre;Com Vitimas Feridas;Plena Noite;Chuva;Nao Informado
domingo;MA;Defeito Mecanico no Veiculo;Incendio;Sem Vitimas;Plena Noite;Chuva;Reta
domingo;GO;Ingestao de Alcool;Queda de ocupante de veiculo;Com Vitimas Feridas;Plena Noite;Ceu Claro;Reta
domingo;MG;Ingestao de Alcool;Colisao traseira;Sem Vitimas;Plena Noite;Nublado;Reta
domingo;PR;Falta de Atencao Conducao;Colisao transversal;Sem Vitimas;Plena Noite;Ceu Claro;Intersecao de vias
segunda-feira;RJ;Falta de Atencao Conducao;Saida de leito carrocavel;Com Vitimas Feridas;Plena Noite;Nublado;Reta
domingo;MG;Ingestao de Alcool;Saida de leito carrocavel;Com Vitimas Feridas;Plena Noite;Nublado;Reta
domingo;RS;Ingestao de Alcool;Colisao transversal;Com Vitimas Feridas;Plena Noite;Garoa/Chuvisco;Reta
domingo;SC;Falta de Atencao Conducao;Colisao traseira;Sem Vitimas;Plena Noite;Ceu Claro;Reta
domingo;RN;Animais na Pista;Atropelamento de Animal;Com Vitimas Feridas;Plena Noite;Ceu Claro;Reta
segunda-feira;MS;Ingestao de Alcool;Atropelamento de Pedestre;Com Vitimas Feridas;Plena Noite;Ceu Claro;Reta
domingo;SC;Defeito Mecanico no Veiculo;Saida de leito carrocavel;Com Vitimas Feridas;Plena Noite;Chuva;Curva
segunda-feira;MT;Falta de Atencao Conducao;Queda de ocupante de veiculo;Com Vitimas Feridas;Plena Noite;Chuva;Reta
domingo;SC;Velocidade Incompativel;Colisao com objeto estatico;Com Vitimas Feridas;Plena Noite;Ceu Claro;Rotatoria
segunda-feira;SP;Ingestao de Alcool;Colisao traseira;Com Vitimas Feridas;Plena Noite;Ceu Claro;Reta
segunda-feira;PI;Condutor Dormindo;Colisao com objeto estatico;Com Vitimas Fatais;Plena Noite;Ceu Claro;Reta
segunda-feira;SC;Falta de Atencao Conducao;Tombamento;Com Vitimas Feridas;Plena Noite;Garoa/Chuvisco;Rotatoria
domingo;SC;Desobediencia nas normas de transito pelo condutor;Colisao frontal;Com Vitimas Fatais;Plena Noite;Ceu Claro;Curva
domingo;MT;Animais na Pista;Atropelamento de Animal;Com Vitimas Feridas;Plena Noite;Ceu Claro;Reta
segunda-feira;AL;Falta de Atencao Conducao;Colisao frontal;Com Vitimas Fatais;Amanhecer;Ceu Claro;Reta
segunda-feira;MG;Ingestao de Alcool e/ou substancias psicoativas pelo pedestre;Colisao com objeto estatico;Sem Vitimas;Plena Noite;Nublado;Reta
domingo;RO;Velocidade Incompativel;Capotamento;Com Vitimas Feridas;Pleno dia;Chuva;Reta
segunda-feira;PR;Ingestao de Alcool;Colisao com objeto estatico;Sem Vitimas;Plena Noite;Ceu Claro;Reta
segunda-feira;RJ;Condutor Dormindo;Colisao com objeto estatico;Com Vitimas Feridas;Plena Noite;Nublado;Reta
segunda-feira;ES;Animais na Pista;Atropelamento de Animal;Com Vitimas Feridas;Plena Noite;Ceu Claro;Reta
segunda-feira;PE;Animais na Pista;Atropelamento de Animal;Com Vitimas Feridas;Plena Noite;Ceu Claro;Retorno Regulamentado
segunda-feira;SC;Defeito Mecanico no Veiculo;Incendio;Sem Vitimas;Plena Noite;Nublado;Reta
domingo;PB;Animais na Pista;Colisao transversal;Com Vitimas Feridas;Plena Noite;Ceu Claro;Reta
segunda-feira;MG;Velocidade Incompativel;Saida de leito carrocavel;Sem Vitimas;Plena Noite;Nublado;Reta
segunda-feira;PA;Ultrapassagem Indevida;Colisao frontal;Com Vitimas Fatais;Plena Noite;Chuva;Reta
segunda-feira;GO;Animais na Pista;Atropelamento de Animal;Com Vitimas Feridas;Amanhecer;Ceu Claro;Reta
quarta-feira;MS;Desobediencia nas normas de transito pelo condutor;Colisao transversal;Com Vitimas Feridas;Pleno dia;Ceu Claro;Rotatoria
segunda-feira;SC;Velocidade Incompativel;Tombamento;Com Vitimas Feridas;Amanhecer;Nublado;Intersecao de vias
segunda-feira;MS;Falta de Atencao Conducao;Colisao frontal;Com Vitimas Feridas;Amanhecer;Ceu Claro;Reta