dia_semana;uf;causa_acidente;tipo_acidente;classificacao_acidente;fase_dia;condicao_metereologica;tracado_via
segunda-feira;SC;Falta de Atencao Conducao;Queda de ocupante de veiculo;Com Vitimas Feridas;Pleno dia;Garoa/Chuvisco;Reta
segunda-feira;GO;Defeito Mecanico no Veiculo;Saida de leito carrocavel;Com Vitimas Feridas;Pleno dia;Ceu Claro;Intersecao de vias
segunda-feira;SC;Desobediencia nas normas de transito pelo condutor;Colisao lateral;Com Vitimas Feridas;Amanhecer;Ceu Claro;Reta
segunda-feira;SP;Falta de Atencao Conducao;Tombamento;Com Vitimas Feridas;Pleno dia;Nublado;Reta
segunda-feira;SC;Velocidade Incompativel;Saida de leito carrocavel;Sem Vitimas;Pleno dia;Garoa/Chuvisco;Curva
segunda-feira;PR;Falta de Atencao Conducao;Saida de leito carrocavel;Com Vitimas Feridas;Pleno dia;Sol;Reta
domingo;RS;Velocidade Incompativel;Saida de leito carrocavel;Com Vitimas Feridas;Plena Noite;Chuva;Curva
segunda-feira;MG;Desobediencia nas normas de transito pelo condutor;Colisao transversal;Com Vitimas Feridas;Pleno dia;Sol;Nao Informado
segunda-feira;PR;Falta de Atencao Conducao;Colisao traseira;Com Vitimas Feridas;Pleno dia;Nublado;Reta
segunda-feira;SC;Falta de Atencao Conducao;Capotamento;Com Vitimas Feridas;Amanhecer;Chuva;Curva
quarta-feira;PR;Falta de Atencao Conducao;Colisao transversal;Com Vitimas Feridas;Pleno dia;Ceu Claro;Reta
segunda-feira;RJ;Falta de Atencao Conducao;Colisao traseira;Com Vitimas Feridas;Pleno dia;Ceu Claro;Reta
segunda-feira;ES;Falta de Atencao Conducao;Colisao traseira;Com Vitimas Feridas;Pleno dia;Ceu Claro;Reta
segunda-feira;DF;Falta de Atencao do Pedestre;Atropelamento de Pedestre;Com Vitimas Feridas;Pleno dia;Chuva;Nao Informado
segunda-feira;MA;Falta de Atencao Conducao;Colisao traseira;Com Vitimas Fatais;Plena Noite;Ignorado;Reta
segunda-feira;GO;Falta de Atencao Conducao;Saida de leito carrocavel;Com Vitimas Feridas;Pleno dia;Chuva;Curva
segunda-feira;MG;Desobediencia nas normas de transito pelo condutor;Colisao lateral;Com Vitimas Feridas;Pleno dia;Ceu Claro;Reta
domingo;MG;Animais na Pista;Atropelamento de Animal;Com Vitimas Feridas;Plena Noite;Ignorado;Reta
segunda-feira;RJ;Falta de Atencao Conducao;Colisao transversal;Com Vitimas Feridas;Amanhecer;Ceu Claro;Reta
segunda-feira;MG;Condutor Dormindo;Saida de leito carrocavel;Com Vitimas Feridas;Pleno dia;Ceu Claro;Reta
segunda-feira;GO;Falta de Atencao Conducao;Colisao traseira;Com Vitimas Feridas;Pleno dia;Nublado;Reta
segunda-feira;PR;Falta de Atencao Conducao;Colisao traseira;Com Vitimas Feridas;Pleno dia;Ceu Claro;Nao Informado
segunda-feira;GO;Falta de Atencao Conducao;Colisao traseira;Com Vitimas Feridas;Pleno dia;Nublado;Reta
segunda-feira;MG;Sinalizacao da via insuficiente ou inadequada;Colisao frontal;Com Vitimas Feridas;Amanhecer;Ceu Claro;Curva
quinta-feira;SC;Pista Escorregadia;Tombamento;Com Vitimas Feridas;Pleno dia;Ceu Claro;Reta
segunda-feira;MT;Nao guardar distancia de seguranca;Colisao transversal;Com Vitimas Feridas;Pleno dia;Ceu Claro;Reta
segunda-feira;MG;Desobediencia nas normas de transito pelo condutor;Colisao transversal;Com Vitimas Feridas;Pleno dia;Sol;Nao Informado
segunda-feira;ES;Falta de Atencao Conducao;Colisao traseira;Com Vitimas Feridas;Pleno dia;Ceu Claro;Reta
segunda-feira;SP;Falta de Atencao do Pedestre;Atropelamento de Pedestre;Com Vitimas Feridas;Pleno dia;Sol;Nao Informado
segunda-feira;PE;Desobediencia nas normas de transito pelo condutor;Colisao frontal;Com Vitimas Feridas;Pleno dia;Nublado;Reta
segunda-feira;MT;Falta de Atencao Conducao;Colisao traseira;Com Vitimas Feridas;Pleno dia;Nublado;Reta
segunda-feira;RO;Falta de Atencao Conducao;Colisao traseira;Com Vitimas Feridas;Pleno dia;Nublado;Reta
segunda-feira;SP;Falta de Atencao Conducao;Colisao traseira;Com Vitimas Feridas;Pleno dia;Sol;Reta
segunda-feira;RS;Desobediencia nas normas de transito pelo condutor;Colisao transversal;Com Vitimas Feridas;Pleno dia;Chuva;Reta
segunda-feira;RS;Falta de Atencao Conducao;Colisao lateral;Com Vitimas Feridas;Pleno dia;Chuva;Reta
segunda-feira;RJ;Falta de Atencao Conducao;Colisao traseira;Com Vitimas Feridas;Pleno dia;Ceu Claro;Reta
segunda-feira;SC;Ingestao de Alcool;Colisao frontal;Com Vitimas Feridas;Pleno dia;Nublado;Reta
terca-feira;GO;Defeito Mecanico no Veiculo;Queda de ocupante de veiculo;Com Vitimas Feridas;Pleno dia;Sol;Reta
segunda-feira;BA;Defeito Mecanico no Veiculo;Danos eventuais;Sem Vitimas;Pleno dia;Ceu Claro;Desvio Temporario
segunda-feira;BA;Falta de Atencao Conducao;Colisao transversal;Com Vitimas Feridas;Pleno dia;Ceu Claro;Curva
segunda-feira;GO;Desobediencia nas normas de transito pelo condutor;Colisao traseira;Com Vitimas Feridas;Pleno dia;Nublado;Nao Informado
segunda-feira;PB;Agressao Externa;Colisao com objeto estatico;Com Vitimas Feridas;Pleno dia;Nublado;Nao Informado
segunda-feira;RS;Nao guardar distancia de seguranca;Colisao traseira;Sem Vitimas;Pleno dia;Ceu Claro;Reta
segunda-feira;PE;Avarias e/ou desgaste excessivo no pneu;Saida de leito carrocavel;Sem Vitimas;Pleno dia;Sol;Reta
segunda-feira;CE;Desobediencia nas normas de transito pelo condutor;Colisao traseira;Com Vitimas Feridas;Pleno dia;Nublado;Reta
segunda-feira;TO;Pista Escorregadia;Tombamento;Sem Vitimas;Pleno dia;Garoa/Chuvisco;Desvio Temporario
segunda-feira;RS;Pista Escorregadia;Colisao frontal;Com Vitimas Fatais;Pleno dia;Chuva;Intersecao de vias
quinta-feira;SC;Falta de Atencao Conducao;Colisao transversal;Com Vitimas Feridas;Pleno dia;Ceu Claro;Rotatoria
segunda-feira;MA;Nao guardar distancia de seguranca;Colisao traseira;Com Vitimas Feridas;Pleno dia;Ceu Claro;Reta
segunda-feira;SC;Nao guardar distancia de seguranca;Queda de ocupante de veiculo;Com Vitimas Feridas;Pleno dia;Garoa/Chuvisco;Curva
segunda-feira;GO;Condutor Dormindo;Colisao frontal;Com Vitimas Fatais;Pleno dia;Ceu Claro;Reta
segunda-feira;BA;Falta de Atencao Conducao;Colisao frontal;Com Vitimas Fatais;Pleno dia;Ceu Claro;Reta
segunda-feira;PR;Falta de Atencao Conducao;Colisao transversal;Sem Vitimas;Pleno dia;Nublado;Rotatoria
segunda-feira;MT;Falta de Atencao Conducao;Saida de leito carrocavel;Sem Vitimas;Pleno dia;Sol;Curva
segunda-feira;PE;Falta de Atencao do Pedestre;Atropelamento de Pedestre;Com Vitimas Feridas;Pleno dia;Ceu Claro;Reta
segunda-feira;GO;Defeito Mecanico no Veiculo;Engavetamento;Com Vitimas Feridas;Pleno dia;Nublado;Reta
segunda-feira;MA;Falta de Atencao Conducao;Colisao lateral;Com Vitimas Feridas;Pleno dia;Sol;Reta
segunda-feira;ES;Falta de Atencao Conducao;Colisao frontal;Com Vitimas Fatais;Pleno dia;Ceu Claro;Reta
segunda-feira;AL;Falta de Atencao Conducao;Saida de leito carrocavel;Com Vitimas Feridas;Pleno dia;Ceu Claro;Curva
segunda-feira;SC;Nao guardar distancia de seguranca;Colisao traseira;Com Vitimas Feridas;Pleno dia;Nublado;Desvio Temporario
segunda-feira;RJ;Nao guardar distancia de seguranca;Colisao lateral;Com Vitimas Feridas;Pleno dia;Sol;Reta
segunda-feira;BA;Falta de Atencao Conducao;Colisao traseira;Com Vitimas Feridas;Pleno dia;Ceu Claro;Reta
sexta-feira;PR;Animais na Pista;Atropelamento de Animal;Com Vitimas Feridas;Pleno dia;Ceu Claro;Curva
segunda-feira;MG;Pista Escorregadia;Colisao transversal;Com Vitimas Feridas;Pleno dia;Chuva;Reta
segunda-feira;MG;Falta de Atencao Conducao;Colisao traseira;Com Vitimas Feridas;Pleno dia;Ceu Claro;Reta
segunda-feira;RJ;Condutor Dormindo;Colisao frontal;Com Vitimas Feridas;Pleno dia;Ceu Claro;Reta
segunda-feira;MA;Nao guardar distancia de seguranca;Engavetamento;Sem Vitimas;Pleno dia;Ceu Claro;Reta
segunda-feira;DF;Falta de Atencao Conducao;Atropelamento de Pedestre;Com Vitimas Feridas;Pleno dia;Chuva;Reta
segunda-feira;SC;Ultrapassagem Indevida;Colisao frontal;Com Vitimas Feridas;Pleno dia;Nublado;Reta
domingo;MT;Condutor Dormindo;Colisao frontal;Com Vitimas Feridas;Plena Noite;Nublado;Reta
segunda-feira;PR;Ultrapassagem Indevida;Colisao frontal;Com Vitimas Fatais;Pleno dia;Nublado;Reta
segunda-feira;BA;Velocidade Incompativel;Tombamento;Com Vitimas Feridas;Pleno dia;Ceu Claro;Curva
segunda-feira;MG;Falta de Atencao Conducao;Colisao traseira;Com Vitimas Feridas;Pleno dia;Ceu Claro;Intersecao de vias
segunda-feira;RJ;Falta de Atencao Conducao;Colisao com objeto estatico;Com Vitimas Feridas;Pleno dia;Sol;Reta
segunda-feira;MG;Condutor Dormindo;Colisao traseira;Sem Vitimas;Pleno dia;Ceu Claro;Curva
segunda-feira;RJ;Falta de Atencao Conducao;Colisao traseira;Sem Vitimas;Pleno dia;Ceu Claro;Reta
segunda-feira;RS;Defeito Mecanico no Veiculo;Colisao frontal;Com Vitimas Feridas;Pleno dia;Chuva;Curva
segunda-feira;MG;Sinalizacao da via insuficiente ou inadequada;Saida de leito carrocavel;Com Vitimas Feridas;Pleno dia;Chuva;Nao Informado
segunda-feira;RS;Falta de Atencao Conducao;Colisao lateral;Com Vitimas Feridas;Pleno dia;Nublado;Reta
segunda-feira;MG;Falta de Atencao Conducao;Colisao traseira;Com Vitimas Feridas;Pleno dia;Ceu Claro;Intersecao de vias
segunda-feira;SC;Velocidade Incompativel;Saida de leito carrocavel;Com Vitimas Feridas;Pleno dia;Chuva;Curva
segunda-feira;SC;Falta de Atencao Conducao;Colisao transversal;Com Vitimas Feridas;Pleno dia;Ceu Claro;Rotatoria
segunda-feira;RO;Defeito Mecanico no Veiculo;Incendio;Sem Vitimas;Pleno dia;Nublado;Intersecao de vias
segunda-feira;MG;Falta de Atencao Conducao;Colisao traseira;Com Vitimas Feridas;Pleno dia;Sol;Ponte
segunda-feira;MS;Avarias e/ou desgaste excessivo no pneu;Saida de leito carrocavel;Com Vitimas Feridas;Pleno dia;Ceu Claro;Curva
segunda-feira;SC;Velocidade Incompativel;Saida de leito carrocavel;Com Vitimas Feridas;Pleno dia;Chuva;Curva
segunda-feira;BA;Falta de Atencao Conducao;Colisao traseira;Sem Vitimas;Pleno dia;Ceu Claro;Curva
segunda-feira;PE;Condutor Dormindo;Colisao lateral;Com Vitimas Feridas;Pleno dia;Ceu Claro;Reta
segunda-feira;PR;Velocidade Incompativel;Colisao lateral;Com Vitimas Feridas;Pleno dia;Nublado;Reta
segunda-feira;RN;Falta de Atencao Conducao;Saida de leito carrocavel;Sem Vitimas;Pleno dia;Chuva;Curva
segunda-feira;MG;Falta de Atencao Conducao;Colisao lateral;Com Vitimas Feridas;Pleno dia;Ceu Claro;Reta
segunda-feira;MT;Condutor Dormindo;Capotamento;Com Vitimas Feridas;Pleno dia;Nublado;Reta
segunda-feira;MG;Falta de Atencao Conducao;Saida de leito carrocavel;Com Vitimas Feridas;Pleno dia;Chuva;Nao Informado
segunda-feira;GO;Velocidade Incompativel;Capotamento;Com Vitimas Feridas;Pleno dia;Nublado;Desvio Temporario
terca-feira;MG;Falta de Atencao Conducao;Colisao lateral;Com Vitimas Feridas;Pleno dia;Nublado;Reta
segunda-feira;BA;Desobediencia nas normas de transito pelo condutor;Colisao transversal;Com Vitimas Feridas;Plena Noite;Ignorado;Intersecao de vias
segunda-feira;PR;Falta de Atencao Conducao;Tombamento;Com Vitimas Feridas;Pleno dia;Chuva;Reta
segunda-feira;MG;Defeito Mecanico no Veiculo;Incendio;Sem Vitimas;Pleno dia;Ceu Claro;Reta
segunda-feira;CE;Falta de Atencao Conducao;Saida de leito carrocavel;Sem Vitimas;Pleno dia;Nublado;Reta
segunda-feira;AL;Falta de Atencao Conducao;Colisao transversal;Sem Vitimas;Pleno dia;Sol;Reta
segunda-feira;SP;Pista Escorregadia;Tombamento;Sem Vitimas;Pleno dia;Chuva;Nao Informado
segunda-feira;BA;Falta de Atencao Conducao;Colisao com objeto estatico;Com Vitimas Feridas;Pleno dia;Ceu Claro;Nao Informado
segunda-feira;SP;Condutor Dormindo;Colisao traseira;Com Vitimas Feridas;Pleno dia;Ceu Claro;Reta
segunda-feira;GO;Pista Escorregadia;Saida de leito carrocavel;Sem Vitimas;Pleno dia;Chuva;Desvio Temporario
segunda-feira;AL;Ingestao de Alcool;Colisao frontal;Com Vitimas Feridas;Anoitecer;Nublado;Reta
segunda-feira;PE;Desobediencia nas normas de transito pelo condutor;Colisao lateral;Com Vitimas Feridas;Anoitecer;Nublado;Reta
segunda-feira;SC;Pista Escorregadia;Colisao frontal;Com Vitimas Feridas;Pleno dia;Chuva;Curva
segunda-feira;TO;Falta de Atencao Conducao;Colisao transversal;Com Vitimas Feridas;Anoitecer;Ceu Claro;Intersecao de vias
segunda-feira;SC;Falta de Atencao Conducao;Colisao transversal;Com Vitimas Feridas;Pleno dia;Nublado;Intersecao de vias
segunda-feira;PR;Nao guardar distancia de seguranca;Colisao lateral;Com Vitimas Feridas;Pleno dia;Ceu Claro;Reta
segunda-feira;MG;Pista Escorregadia;Saida de leito carrocavel;Com Vitimas Feridas;Plena Noite;Chuva;Curva
segunda-feira;ES;Falta de Atencao Conducao;Colisao lateral;Com Vitimas Feridas;Anoitecer;Ceu Claro;Curva
segunda-feira;BA;Ultrapassagem Indevida;Saida de leito carrocavel;Sem Vitimas;Pleno dia;Ceu Claro;Reta
segunda-feira;SC;Desobediencia nas normas de transito pelo condutor;Colisao lateral;Com Vitimas Feridas;Plena Noite;Chuva;Reta
segunda-feira;AL;Velocidade Incompativel;Capotamento;Com Vitimas Feridas;Pleno dia;Chuva;Reta
segunda-feira;BA;Nao guardar distancia de seguranca;Colisao lateral;Com Vitimas Feridas;Anoitecer;Ceu Claro;Reta
segunda-feira;SP;Nao guardar distancia de seguranca;Colisao lateral;Com Vitimas Feridas;Plena Noite;Ceu Claro;Reta
segunda-feira;SC;Desobediencia nas normas de transito pelo condutor;Colisao transversal;Com Vitimas Feridas;Anoitecer;Nublado;Reta
segunda-feira;RO;Falta de Atencao Conducao;Colisao transversal;Com Vitimas Feridas;Pleno dia;Ceu Claro;Reta
segunda-feira;RS;Nao guardar distancia de seguranca;Engavetamento;Sem Vitimas;Anoitecer;Chuva;Reta
segunda-feira;PA;Falta de Atencao Conducao;Colisao transversal;Com Vitimas Feridas;Plena Noite;Chuva;Reta
segunda-feira;RJ;Pista Escorregadia;Colisao frontal;Sem Vitimas;Plena Noite;Chuva;Curva
segunda-feira;PR;Pista Escorregadia;Saida de leito carrocavel;Com Vitimas Feridas;Anoitecer;Chuva;Curva
segunda-feira;RN;Falta de Atencao Conducao;Colisao transversal;Com Vitimas Feridas;Plena Noite;Nublado;Reta
segunda-feira;SP;Defeito Mecanico no Veiculo;Capotamento;Com Vitimas Feridas;Plena Noite;Chuva;Reta
segunda-feira;SP;Velocidade Incompativel;Tombamento;Com Vitimas Feridas;Plena Noite;Chuva;Curva
segunda-feira;MT;Ingestao de Alcool;Atropelamento de Pedestre;Com Vitimas Feridas;Plena Noite;Chuva;Reta
segunda-feira;MA;Desobediencia nas normas de transito pelo condutor;Colisao transversal;Com Vitimas Feridas;Pleno dia;Ceu Claro;Intersecao de vias
segunda-feira;MS;Falta de Atencao Conducao;Saida de leito carrocavel;Com Vitimas Feridas;Plena Noite;Ceu Claro;Reta
segunda-feira;DF;Falta de Atencao Conducao;Tombamento;Com Vitimas Feridas;Plena Noite;Nublado;Reta
segunda-feira;ES;Ingestao de Alcool;Colisao lateral;Com Vitimas Feridas;Plena Noite;Ceu Claro;Reta
segunda-feira;MG;Falta de Atencao Conducao;Colisao lateral;Com Vitimas Feridas;Plena Noite;Ceu Claro;Reta
segunda-feira;CE;Defeito Mecanico no Veiculo;Colisao com objeto em movimento;Sem Vitimas;Anoitecer;Ceu Claro;Desvio Temporario
segunda-feira;MG;Ingestao de Alcool;Colisao frontal;Com Vitimas Feridas;Plena Noite;Chuva;Reta
segunda-feira;MG;Falta de Atencao Conducao;Colisao frontal;Com Vitimas Feridas;Plena Noite;Nublado;Reta
segunda-feira;MA;Agressao Externa;Queda de ocupante de veiculo;Com Vitimas Feridas;Plena Noite;Ceu Claro;Reta
segunda-feira;RJ;Pista Escorregadia;Colisao com objeto estatico;Com Vitimas Feridas;Anoitecer;Chuva;Reta
segunda-feira;MG;Falta de Atencao Conducao;Colisao lateral;Com Vitimas Feridas;Plena Noite;Nublado;Nao Informado
segunda-feira;MT;Nao guardar distancia de seguranca;Colisao traseira;Com Vitimas Feridas;Plena Noite;Chuva;Reta
segunda-feira;BA;Ingestao de Alcool;Atropelamento de Pedestre;Com Vitimas Feridas;Plena Noite;Ceu Claro;Curva
segunda-feira;SC;Velocidade Incompativel;Colisao com objeto estatico;Sem Vitimas;Plena Noite;Nublado;Reta
segunda-feira;MG;Ingestao de Alcool;Capotamento;Com Vitimas Feridas;Plena Noite;Nublado;Curva
segunda-feira;PR;Velocidade Incompativel;Colisao traseira;Com Vitimas Feridas;Plena Noite;Chuva;Reta
segunda-feira;PR;Velocidade Incompativel;Saida de leito carrocavel;Com Vitimas Feridas;Pleno dia;Chuva;Reta
segunda-feira;MS;Ingestao de Alcool;Colisao transversal;Com Vitimas Feridas;Plena Noite;Ceu Claro;Intersecao de vias
segunda-feira;RJ;Ingestao de Alcool;Colisao lateral;Com Vitimas Feridas;Plena Noite;Nublado;Reta
segunda-feira;MT;Ingestao de Alcool e/ou substancias psicoativas pelo pedestre;Atropelamento de Pedestre;Com Vitimas Feridas;Plena Noite;Chuva;Reta
segunda-feira;RS;Velocidade Incompativel;Colisao lateral;Com Vitimas Feridas;Plena Noite;Chuva;Reta
segunda-feira;SP;Falta de Atencao Conducao;Colisao com objeto estatico;Com Vitimas Feridas;Plena Noite;Chuva;Nao Informado
terca-feira;SC;Falta de Atencao Conducao;Colisao traseira;Sem Vitimas;Plena Noite;Garoa/Chuvisco;Reta
segunda-feira;PR;Ingestao de Alcool;Saida de leito carrocavel;Sem Vitimas;Plena Noite;Chuva;Reta
segunda-feira;MT;Ingestao de Alcool;Saida de leito carrocavel;Com Vitimas Feridas;Plena Noite;Chuva;Reta
terca-feira;PE;Falta de Atencao Conducao;Queda de ocupante de veiculo;Com Vitimas Fatais;Plena Noite;Ceu Claro;Reta
segunda-feira;PI;Falta de Atencao Conducao;Colisao com objeto estatico;Com Vitimas Feridas;Plena Noite;Nublado;Reta
terca-feira;ES;Falta de Atencao Conducao;Colisao traseira;Com Vitimas Feridas;Plena Noite;Ceu Claro;Ponte
terca-feira;PR;Velocidade Incompativel;Tombamento;Sem Vitimas;Plena Noite;Chuva;Curva
terca-feira;SC;Falta de Atencao Conducao;Colisao com objeto estatico;Com Vitimas Feridas;Plena Noite;Nublado;Rotatoria
terca-feira;MG;Defeito Mecanico no Veiculo;Tombamento;Sem Vitimas;Plena Noite;Nublado;Nao Informado
terca-feira;MG;Falta de Atencao Conducao;Colisao traseira;Com Vitimas Feridas;Plena Noite;Ignorado;Curva
terca-feira;MG;Falta de Atencao Conducao;Colisao traseira;Com Vitimas Feridas;Plena Noite;Nublado;Reta
terca-feira;MS;Ultrapassagem Indevida;Colisao frontal;Com Vitimas Feridas;Plena Noite;Ceu Claro;Desvio Temporario
terca-feira;BA;Falta de Atencao Conducao;Tombamento;Com Vitimas Feridas;Plena Noite;Ceu Claro;Curva
segunda-feira;AL;Pista Escorregadia;Capotamento;Com Vitimas Feridas;Pleno dia;Chuva;Reta
terca-feira;MS;Falta de Atencao do Pedestre;Atropelamento de Pedestre;Com Vitimas Feridas;Amanhecer;Nublado;Reta
terca-feira;RN;Condutor Dormindo;Colisao traseira;Com Vitimas Feridas;Pleno dia;Chuva;Nao Informado
terca-feira;SP;Condutor Dormindo;Saida de leito carrocavel;Com Vitimas Feridas;Pleno dia;Nublado;Reta
terca-feira;SP;Velocidade Incompativel;Tombamento;Com Vitimas Feridas;Amanhecer;Garoa/Chuvisco;Viaduto
terca-feira;SC;Ingestao de Alcool;Colisao com objeto estatico;Com Vitimas Feridas;Plena Noite;Garoa/Chuvisco;Nao Informado
terca-feira;RN;Velocidade Incompativel;Tombamento;Com Vitimas Feridas;Amanhecer;Ceu Claro;Reta
terca-feira;RO;Falta de Atencao Conducao;Colisao transversal;Com Vitimas Feridas;Pleno dia;Garoa/Chuvisco;Rotatoria
terca-feira;MG;Falta de Atencao Conducao;Colisao transversal;Com Vitimas Feridas;Pleno dia;Ceu Claro;Reta
segunda-feira;SC;Desobediencia nas normas de transito pelo condutor;Saida de leito carrocavel;Com Vitimas Feridas;Plena Noite;Chuva;Reta
terca-feira;GO;Falta de Atencao Conducao;Colisao traseira;Com Vitimas Feridas;Pleno dia;Ceu Claro;Reta
terca-feira;ES;Desobediencia nas normas de transito pelo condutor;Colisao transversal;Com Vitimas Feridas;Pleno dia;Ceu Claro;Intersecao de vias
terca-feira;PB;Desobediencia nas normas de transito pelo condutor;Colisao lateral;Com Vitimas Feridas;Pleno dia;Ceu Claro;Reta
terca-feira;SC;Falta de Atencao Conducao;Capotamento;Com Vitimas Feridas;Plena Noite;Nublado;Curva
quarta-feira;RJ;Pista Escorregadia;Colisao transversal;Com Vitimas Feridas;Pleno dia;Chuva;Curva
terca-feira;PE;Defeito na Via;Capotamento;Com Vitimas Feridas;Pleno dia;Sol;Reta
terca-feira;PR;Falta de Atencao Conducao;Colisao frontal;Com Vitimas Feridas;Pleno dia;Nublado;Intersecao de vias
terca-feira;SC;Falta de Atencao Conducao;Colisao traseira;Com Vitimas Feridas;Pleno dia;Ceu Claro;Reta
terca-feira;PE;Falta de Atencao Conducao;Colisao lateral;Com Vitimas Feridas;Pleno dia;Ceu Claro;Nao Informado
terca-feira;PR;Falta de Atencao Conducao;Colisao traseira;Com Vitimas Feridas;Pleno dia;Nublado;Reta
terca-feira;SC;Falta de Atencao Conducao;Colisao traseira;Com Vitimas Feridas;Pleno dia;Nublado;Reta
terca-feira;DF;Desobediencia nas normas de transito pelo condutor;Queda de ocupante de veiculo;Com Vitimas Feridas;Pleno dia;Ceu Claro;Curva
terca-feira;PR;Falta de Atencao Conducao;Colisao lateral;Com Vitimas Feridas;Pleno dia;Garoa/Chuvisco;Reta
terca-feira;PR;Nao guardar distancia de seguranca;Colisao lateral;Com Vitimas Feridas;Pleno dia;Nublado;Nao Informado
terca-feira;SP;Pista Escorregadia;Colisao com objeto estatico;Com Vitimas Feridas;Pleno dia;Chuva;Reta
terca-feira;PR;Defeito na Via;Tombamento;Com Vitimas Feridas;Pleno dia;Chuva;Intersecao de vias
terca-feira;MG;Velocidade Incompativel;Tombamento;Com Vitimas Feridas;Pleno dia;Ceu Claro;Rotatoria
terca-feira;MG;Condutor Dormindo;Saida de leito carrocavel;Sem Vitimas;Plena Noite;Ceu Claro;Curva
terca-feira;PI;Falta de Atencao Conducao;Colisao transversal;Com Vitimas Feridas;Pleno dia;Ceu Claro;Rotatoria
terca-feira;MG;Defeito Mecanico no Veiculo;Colisao lateral;Com Vitimas Feridas;Pleno dia;Chuva;Curva
sabado;RJ;Animais na Pista;Colisao traseira;Com Vitimas Feridas;Pleno dia;Nublado;Reta
terca-feira;PR;Falta de Atencao Conducao;Colisao lateral;Com Vitimas Feridas;Pleno dia;Garoa/Chuvisco;Reta
sabado;RJ;Falta de Atencao Conducao;Queda de ocupante de veiculo;Com Vitimas Feridas;Pleno dia;Sol;Desvio Temporario
terca-feira;RN;Velocidade Incompativel;Saida de leito carrocavel;Com Vitimas Feridas;Pleno dia;Ceu Claro;Viaduto
sabado;AL;Ingestao de Alcool;Colisao lateral;Com Vitimas Feridas;Plena Noite;Ceu Claro;Reta
terca-feira;PR;Pista Escorregadia;Colisao com objeto estatico;Com Vitimas Feridas;Pleno dia;Chuva;Reta
terca-feira;SP;Falta de Atencao Conducao;Colisao com objeto estatico;Com Vitimas Feridas;Pleno dia;Chuva;Curva
terca-feira;RJ;Desobediencia nas normas de transito pelo condutor;Colisao lateral;Com Vitimas Feridas;Pleno dia;Ceu Claro;Reta
terca-feira;RS;Falta de Atencao Conducao;Tombamento;Com Vitimas Feridas;Pleno dia;Ceu Claro;Rotatoria
terca-feira;RN;Falta de Atencao Conducao;Saida de leito carrocavel;Sem Vitimas;Pleno dia;Nublado;Reta
terca-feira;MG;Defeito Mecanico no Veiculo;Incendio;Com Vitimas Feridas;Pleno dia;Ceu Claro;Reta
terca-feira;CE;Desobediencia nas normas de transito pelo condutor;Colisao lateral;Com Vitimas Feridas;Pleno dia;Ceu Claro;Nao Informado
terca-feira;GO;Defeito Mecanico no Veiculo;Colisao com objeto estatico;Com Vitimas Feridas;Pleno dia;Nublado;Reta
terca-feira;SP;Velocidade Incompativel;Colisao traseira;Com Vitimas Feridas;Pleno dia;Sol;Reta
terca-feira;ES;Falta de Atencao Conducao;Colisao traseira;Sem Vitimas;Pleno dia;Ceu Claro;Reta
terca-feira;RJ;Nao guardar distancia de seguranca;Queda de ocupante de veiculo;Com Vitimas Feridas;Pleno dia;Nublado;Reta
terca-feira;PR;Pista Escorregadia;Saida de leito carrocavel;Com Vitimas Feridas;Pleno dia;Chuva;Curva
terca-feira;SC;Desobediencia nas normas de transito pelo condutor;Colisao transversal;Com Vitimas Feridas;Pleno dia;Nublado;Intersecao de vias
terca-feira;MT;Defeito Mecanico no Veiculo;Colisao traseira;Com Vitimas Feridas;Pleno dia;Ceu Claro;Reta
terca-feira;PR;Carga excessiva e/ou mal acondicionada;Tombamento;Sem Vitimas;Pleno dia;Garoa/Chuvisco;Nao Informado
terca-feira;PI;Pista Escorregadia;Saida de leito carrocavel;Sem Vitimas;Pleno dia;Chuva;Curva
terca-feira;PR;Desobediencia nas normas de transito pelo condutor;Colisao traseira;Com Vitimas Feridas;Pleno dia;Chuva;Reta
terca-feira;RS;Falta de Atencao Conducao;Colisao transversal;Com Vitimas Feridas;Pleno dia;Nublado;Reta
terca-feira;SC;Falta de Atencao Conducao;Colisao traseira;Com Vitimas Feridas;Pleno dia;Nublado;Reta
terca-feira;AC;Falta de Atencao Conducao;Colisao lateral;Com Vitimas Feridas;Pleno dia;Ceu Claro;Reta
terca-feira;PE;Nao guardar distancia de seguranca;Colisao traseira;Sem Vitimas;Pleno dia;Ceu Claro;Nao Informado
terca-feira;MG;Mal Subito;Danos eventuais;Com Vitimas Feridas;Pleno dia;Ceu Claro;Reta
terca-feira;SC;Falta de Atencao Conducao;Colisao lateral;Com Vitimas Feridas;Pleno dia;Nublado;Nao Informado
terca-feira;SP;Falta de Atencao Conducao;Colisao traseira;Com Vitimas Feridas;Pleno dia;Nublado;Curva