dia_semana;uf;causa_acidente;tipo_acidente;classificacao_acidente;fase_dia;condicao_metereologica;tracado_via
terca-feira;RS;Ultrapassagem Indevida;Colisao lateral;Com Vitimas Feridas;Pleno dia;Ceu Claro;Reta
terca-feira;RO;Falta de Atencao Conducao;Colisao lateral;Com Vitimas Feridas;Pleno dia;Ceu Claro;Reta
terca-feira;RO;Falta de Atencao Conducao;Colisao traseira;Sem Vitimas;Pleno dia;Ceu Claro;Desvio Temporario
terca-feira;MG;Defeito na Via;Saida de leito carrocavel;Com Vitimas Feridas;Pleno dia;Ceu Claro;Curva
terca-feira;PR;Falta de Atencao Conducao;Colisao transversal;Com Vitimas Feridas;Pleno dia;Chuva;Intersecao de vias
terca-feira;GO;Sinalizacao da via insuficiente ou inadequada;Colisao traseira;Com Vitimas Feridas;Pleno dia;Ceu Claro;Reta
terca-feira;MS;Velocidade Incompativel;Saida de leito carrocavel;Com Vitimas Feridas;Pleno dia;Chuva;Curva
terca-feira;SC;Desobediencia nas normas de transito pelo condutor;Colisao transversal;Com Vitimas Feridas;Pleno dia;Nublado;Intersecao de vias
terca-feira;ES;Falta de Atencao Conducao;Colisao com objeto estatico;Com Vitimas Feridas;Pleno dia;Ceu Claro;Reta
terca-feira;RS;Falta de Atencao Conducao;Colisao traseira;Com Vitimas Feridas;Pleno dia;Ceu Claro;Reta
terca-feira;RJ;Nao guardar distancia de seguranca;Engavetamento;Com Vitimas Feridas;Pleno dia;Ceu Claro;Reta
terca-feira;SC;Desobediencia nas normas de transito pelo condutor;Colisao frontal;Com Vitimas Feridas;Pleno dia;Nublado;Intersecao de vias
terca-feira;PR;Desobediencia nas normas de transito pelo condutor;Colisao transversal;Com Vitimas Feridas;Pleno dia;Ceu Claro;Rotatoria
terca-feira;PR;Falta de Atencao Conducao;Colisao transversal;Com Vitimas Feridas;Pleno dia;Chuva;Intersecao de vias
terca-feira;MT;Falta de Atencao Conducao;Saida de leito carrocavel;Com Vitimas Feridas;Pleno dia;Sol;Reta
terca-feira;PE;Defeito Mecanico no Veiculo;Incendio;Sem Vitimas;Pleno dia;Ceu Claro;Reta
terca-feira;SP;Falta de Atencao Conducao;Tombamento;Com Vitimas Feridas;Pleno dia;Chuva;Curva
segunda-feira;MS;Falta de Atencao Conducao;Colisao lateral;Com Vitimas Feridas;Anoitecer;Ignorado;Intersecao de vias
terca-feira;BA;Falta de Atencao Conducao;Colisao transversal;Com Vitimas Feridas;Pleno dia;Ceu Claro;Reta
terca-feira;PE;Defeito na Via;Saida de leito carrocavel;Sem Vitimas;Pleno dia;Chuva;Reta
terca-feira;RJ;Condutor Dormindo;Colisao lateral;Com Vitimas Feridas;Pleno dia;Ceu Claro;Intersecao de vias
terca-feira;SP;Pista Escorregadia;Colisao lateral;Com Vitimas Feridas;Pleno dia;Chuva;Reta
terca-feira;PR;Animais na Pista;Atropelamento de Animal;Com Vitimas Feridas;Pleno dia;Ceu Claro;Reta
terca-feira;RJ;Mal Subito;Colisao frontal;Com Vitimas Fatais;Pleno dia;Ceu Claro;Reta
terca-feira;SC;Nao guardar distancia de seguranca;Saida de leito carrocavel;Sem Vitimas;Pleno dia;Ceu Claro;Reta
terca-feira;PR;Velocidade Incompativel;Tombamento;Com Vitimas Feridas;Pleno dia;Ceu Claro;Reta
terca-feira;SP;Velocidade Incompativel;Saida de leito carrocavel;Sem Vitimas;Pleno dia;Chuva;Curva
terca-feira;ES;Falta de Atencao Conducao;Colisao lateral;Com Vitimas Feridas;Pleno dia;Ceu Claro;Reta
terca-feira;MG;Avarias e/ou desgaste excessivo no pneu;Colisao traseira;Com Vitimas Feridas;Pleno dia;Chuva;Desvio Temporario
terca-feira;PA;Pista Escorregadia;Capotamento;Com Vitimas Feridas;Pleno dia;Chuva;Nao Informado
terca-feira;MG;Desobediencia nas normas de transito pelo condutor;Colisao transversal;Com Vitimas Feridas;Pleno dia;Nublado;Nao Informado
terca-feira;MG;Pista Escorregadia;Tombamento;Com Vitimas Feridas;Pleno dia;Chuva;Desvio Temporario
terca-feira;MS;Velocidade Incompativel;Saida de leito carrocavel;Com Vitimas Feridas;Pleno dia;Chuva;Reta
terca-feira;PR;Falta de Atencao Conducao;Colisao traseira;Com Vitimas Feridas;Pleno dia;Nublado;Reta
terca-feira;MG;Falta de Atencao Conducao;Saida de leito carrocavel;Com Vitimas Feridas;Anoitecer;Chuva;Curva
terca-feira;ES;Ingestao de Alcool;Colisao lateral;Com Vitimas Feridas;Pleno dia;Ceu Claro;Nao Informado
terca-feira;SC;Falta de Atencao Conducao;Colisao lateral;Sem Vitimas;Pleno dia;Ceu Claro;Reta
terca-feira;CE;Desobediencia nas normas de transito pelo condutor;Colisao transversal;Com Vitimas Feridas;Pleno dia;Nublado;Reta
terca-feira;PE;Agressao Externa;Colisao lateral;Com Vitimas Feridas;Anoitecer;Nublado;Reta
terca-feira;RS;Desobediencia nas normas de transito pelo condutor;Colisao frontal;Com Vitimas Fatais;Pleno dia;Ceu Claro;Reta
terca-feira;BA;Falta de Atencao Conducao;Capotamento;Com Vitimas Feridas;Pleno dia;Ceu Claro;Reta
terca-feira;PI;Falta de Atencao Conducao;Colisao transversal;Com Vitimas Feridas;Pleno dia;Garoa/Chuvisco;Intersecao de vias
terca-feira;RS;Falta de Atencao Conducao;Colisao transversal;Com Vitimas Feridas;Pleno dia;Sol;Reta
terca-feira;RJ;Velocidade Incompativel;Colisao frontal;Com Vitimas Feridas;Pleno dia;Nublado;Curva
terca-feira;TO;Defeito Mecanico no Veiculo;Saida de leito carrocavel;Sem Vitimas;Pleno dia;Nublado;Nao Informado
terca-feira;SP;Falta de Atencao Conducao;Colisao lateral;Com Vitimas Feridas;Pleno dia;Ceu Claro;Reta
terca-feira;SP;Falta de Atencao do Pedestre;Atropelamento de Pedestre;Com Vitimas Feridas;Pleno dia;Nublado;Reta
terca-feira;ES;Desobediencia nas normas de transito pelo condutor;Colisao lateral;Sem Vitimas;Pleno dia;Sol;Reta
terca-feira;RJ;Pista Escorregadia;Colisao com objeto estatico;Com Vitimas Fatais;Pleno dia;Chuva;Curva
terca-feira;RN;Animais na Pista;Atropelamento de Animal;Com Vitimas Feridas;Anoitecer;Ceu Claro;Reta
terca-feira;CE;Defeito na Via;Colisao com objeto estatico;Sem Vitimas;Anoitecer;Ceu Claro;Intersecao de vias
terca-feira;CE;Desobediencia nas normas de transito pelo condutor;Colisao lateral;Com Vitimas Feridas;Plena Noite;Ceu Claro;Reta
terca-feira;PE;Falta de Atencao Conducao;Colisao com objeto estatico;Com Vitimas Feridas;Plena Noite;Nublado;Nao Informado
terca-feira;SC;Desobediencia nas normas de transito pelo condutor;Colisao transversal;Sem Vitimas;Plena Noite;Chuva;Reta
terca-feira;MT;Ultrapassagem Indevida;Saida de leito carrocavel;Sem Vitimas;Pleno dia;Ignorado;Reta
terca-feira;MG;Velocidade Incompativel;Colisao traseira;Com Vitimas Feridas;Pleno dia;Nublado;Reta
terca-feira;RS;Nao guardar distancia de seguranca;Colisao traseira;Sem Vitimas;Anoitecer;Ceu Claro;Reta
terca-feira;DF;Falta de Atencao Conducao;Colisao transversal;Sem Vitimas;Anoitecer;Nublado;Nao Informado
terca-feira;MG;Falta de Atencao Conducao;Atropelamento de Pedestre;Com Vitimas Feridas;Plena Noite;Ceu Claro;Reta
terca-feira;RS;Falta de Atencao Conducao;Colisao transversal;Com Vitimas Feridas;Pleno dia;Sol;Reta
terca-feira;SC;Desobediencia nas normas de transito pelo condutor;Colisao transversal;Com Vitimas Feridas;Pleno dia;Ceu Claro;Curva
terca-feira;PE;Animais na Pista;Atropelamento de Animal;Com Vitimas Feridas;Plena Noite;Nublado;Reta
terca-feira;SC;Desobedincia nas normas de transito pelo pedestre;Atropelamento de Pedestre;Com Vitimas Feridas;Plena Noite;Nublado;Reta
terca-feira;ES;Falta de Atencao Conducao;Colisao transversal;Com Vitimas Feridas;Plena Noite;Ceu Claro;Intersecao de vias
terca-feira;PB;Falta de Atencao Conducao;Colisao transversal;Com Vitimas Feridas;Plena Noite;Ceu Claro;Reta
terca-feira;MG;Falta de Atencao Conducao;Engavetamento;Com Vitimas Feridas;Pleno dia;Chuva;Curva
terca-feira;MG;Nao guardar distancia de seguranca;Colisao traseira;Com Vitimas Feridas;Plena Noite;Chuva;Reta
terca-feira;MS;Falta de Atencao Conducao;Colisao transversal;Sem Vitimas;Pleno dia;Chuva;Reta
terca-feira;SC;Falta de Atencao Conducao;Colisao lateral;Com Vitimas Feridas;Plena Noite;Ceu Claro;Reta
terca-feira;PR;Sinalizacao da via insuficiente ou inadequada;Colisao transversal;Com Vitimas Feridas;Plena Noite;Ceu Claro;Rotatoria
terca-feira;RO;Falta de Atencao Conducao;Colisao frontal;Com Vitimas Feridas;Plena Noite;Chuva;Reta
terca-feira;PB;Velocidade Incompativel;Saida de leito carrocavel;Com Vitimas Feridas;Plena Noite;Ceu Claro;Curva
terca-feira;MG;Ultrapassagem Indevida;Queda de ocupante de veiculo;Com Vitimas Feridas;Anoitecer;Ignorado;Reta
terca-feira;RJ;Defeito Mecanico no Veiculo;Incendio;Sem Vitimas;Plena Noite;Chuva;Reta
terca-feira;RJ;Falta de Atencao Conducao;Colisao transversal;Com Vitimas Feridas;Plena Noite;Chuva;Reta
terca-feira;RO;Falta de Atencao Conducao;Tombamento;Com Vitimas Feridas;Anoitecer;Nublado;Nao Informado
terca-feira;MT;Desobediencia nas normas de transito pelo condutor;Saida de leito carrocavel;Com Vitimas Fatais;Pleno dia;Ceu Claro;Reta
terca-feira;SP;Falta de Atencao Conducao;Colisao lateral;Com Vitimas Feridas;Plena Noite;Nublado;Curva
terca-feira;RJ;Falta de Atencao do Pedestre;Atropelamento de Pedestre;Com Vitimas Feridas;Plena Noite;Nublado;Reta
terca-feira;SC;Ingestao de Alcool e/ou substancias psicoativas pelo pedestre;Colisao lateral;Sem Vitimas;Plena Noite;Garoa/Chuvisco;Reta
terca-feira;MA;Desobediencia nas normas de transito pelo condutor;Colisao transversal;Com Vitimas Feridas;Plena Noite;Chuva;Intersecao de vias
terca-feira;RJ;Defeito Mecanico no Veiculo;Saida de leito carrocavel;Com Vitimas Feridas;Anoitecer;Chuva;Curva
terca-feira;RS;Falta de Atencao Conducao;Colisao transversal;Com Vitimas Feridas;Pleno dia;Ceu Claro;Reta
terca-feira;SC;Falta de Atencao Conducao;Colisao transversal;Com Vitimas Feridas;Anoitecer;Garoa/Chuvisco;Intersecao de vias
terca-feira;RN;Ingestao de Alcool;Saida de leito carrocavel;Com Vitimas Feridas;Plena Noite;Ceu Claro;Reta
terca-feira;ES;Falta de Atencao Conducao;Colisao transversal;Com Vitimas Feridas;Plena Noite;Ceu Claro;Reta
terca-feira;RN;Falta de Atencao Conducao;Colisao transversal;Com Vitimas Feridas;Plena Noite;Ceu Claro;Intersecao de vias
terca-feira;CE;Defeito Mecanico no Veiculo;Tombamento;Sem Vitimas;Pleno dia;Chuva;Curva
terca-feira;MG;Defeito Mecanico no Veiculo;Saida de leito carrocavel;Com Vitimas Feridas;Plena Noite;Chuva;Curva
terca-feira;RJ;Falta de Atencao Conducao;Queda de ocupante de veiculo;Com Vitimas Feridas;Plena Noite;Ceu Claro;Reta
quarta-feira;SP;Condutor Dormindo;Colisao traseira;Com Vitimas Feridas;Pleno dia;Ceu Claro;Desvio Temporario
terca-feira;PI;Falta de Atencao Conducao;Saida de leito carrocavel;Com Vitimas Feridas;Plena Noite;Nublado;Curva
terca-feira;MG;Velocidade Incompativel;Colisao com objeto estatico;Com Vitimas Feridas;Plena Noite;Chuva;Curva
terca-feira;RJ;Falta de Atencao Conducao;Colisao traseira;Com Vitimas Feridas;Plena Noite;Garoa/Chuvisco;Nao Informado
terca-feira;MT;Mal Subito;Queda de ocupante de veiculo;Com Vitimas Feridas;Plena Noite;Ceu Claro;Reta
segunda-feira;MG;Velocidade Incompativel;Colisao com objeto estatico;Com Vitimas Feridas;Pleno dia;Chuva;Curva
terca-feira;MG;Falta de Atencao do Pedestre;Atropelamento de Pedestre;Com Vitimas Feridas;Plena Noite;Nublado;Curva
terca-feira;MG;Ultrapassagem Indevida;Colisao frontal;Com Vitimas Feridas;Anoitecer;Chuva;Reta
quarta-feira;PE;Animais na Pista;Colisao lateral;Sem Vitimas;Plena Noite;Garoa/Chuvisco;Curva
quarta-feira;MG;Ingestao de Alcool;Saida de leito carrocavel;Sem Vitimas;Plena Noite;Garoa/Chuvisco;Reta
terca-feira;SE;Animais na Pista;Atropelamento de Animal;Sem Vitimas;Plena Noite;Ceu Claro;Reta
terca-feira;MG;Falta de Atencao Conducao;Colisao traseira;Com Vitimas Feridas;Pleno dia;Ceu Claro;Nao Informado
quarta-feira;RJ;Falta de Atencao do Pedestre;Atropelamento de Pedestre;Com Vitimas Fatais;Plena Noite;Ceu Claro;Reta
quarta-feira;SP;Falta de Atencao Conducao;Colisao traseira;Com Vitimas Feridas;Plena Noite;Nublado;Reta
terca-feira;CE;Nao guardar distancia de seguranca;Colisao traseira;Com Vitimas Feridas;Plena Noite;Ceu Claro;Reta
terca-feira;SC;Defeito Mecanico no Veiculo;Incendio;Sem Vitimas;Plena Noite;Nublado;Reta
quarta-feira;BA;Falta de Atencao Conducao;Tombamento;Com Vitimas Fatais;Plena Noite;Ceu Claro;Reta
quarta-feira;ES;Desobediencia nas normas de transito pelo condutor;Colisao lateral;Com Vitimas Feridas;Amanhecer;Ceu Claro;Reta
quarta-feira;SC;Condutor Dormindo;Colisao com objeto estatico;Sem Vitimas;Plena Noite;Nublado;Reta
quarta-feira;RJ;Falta de Atencao Conducao;Colisao traseira;Com Vitimas Feridas;Amanhecer;Nublado;Reta
quarta-feira;RN;Pista Escorregadia;Queda de ocupante de veiculo;Com Vitimas Feridas;Pleno dia;Nublado;Intersecao de vias
terca-feira;PI;Defeito na Via;Tombamento;Sem Vitimas;Plena Noite;Ignorado;Reta
quarta-feira;PR;Falta de Atencao Conducao;Colisao transversal;Com Vitimas Feridas;Amanhecer;Ceu Claro;Reta
quarta-feira;MG;Condutor Dormindo;Colisao transversal;Sem Vitimas;Pleno dia;Ceu Claro;Curva
quarta-feira;RJ;Falta de Atencao Conducao;Colisao traseira;Com Vitimas Feridas;Plena Noite;Nevoeiro/Neblina;Curva
quarta-feira;RJ;Nao guardar distancia de seguranca;Colisao traseira;Com Vitimas Feridas;Pleno dia;Ceu Claro;Reta
quarta-feira;PR;Condutor Dormindo;Capotamento;Com Vitimas Feridas;Pleno dia;Ceu Claro;Viaduto
quarta-feira;CE;Falta de Atencao Conducao;Colisao transversal;Com Vitimas Feridas;Pleno dia;Ceu Claro;Intersecao de vias
quarta-feira;BA;Falta de Atencao Conducao;Colisao transversal;Com Vitimas Feridas;Pleno dia;Sol;Intersecao de vias
quarta-feira;MG;Condutor Dormindo;Saida de leito carrocavel;Com Vitimas Fatais;Pleno dia;Nevoeiro/Neblina;Reta
quarta-feira;SP;Falta de Atencao Conducao;Colisao traseira;Com Vitimas Feridas;Pleno dia;Nublado;Nao Informado
quarta-feira;GO;Ultrapassagem Indevida;Colisao frontal;Com Vitimas Feridas;Pleno dia;Ceu Claro;Nao Informado
quarta-feira;GO;Falta de Atencao Conducao;Colisao lateral;Com Vitimas Feridas;Pleno dia;Sol;Viaduto
quarta-feira;BA;Pista Escorregadia;Colisao lateral;Sem Vitimas;Pleno dia;Chuva;Curva
terca-feira;RO;Velocidade Incompativel;Colisao traseira;Sem Vitimas;Plena Noite;Nublado;Reta
quarta-feira;CE;Falta de Atencao Conducao;Colisao transversal;Com Vitimas Feridas;Pleno dia;Chuva;Nao Informado
quarta-feira;MS;Falta de Atencao Conducao;Colisao com objeto estatico;Com Vitimas Feridas;Pleno dia;Ceu Claro;Nao Informado
terca-feira;RJ;Defeito na Via;Saida de leito carrocavel;Com Vitimas Feridas;Plena Noite;Ceu Claro;Reta
quarta-feira;SC;Velocidade Incompativel;Colisao com objeto estatico;Com Vitimas Feridas;Pleno dia;Nublado;Curva
quarta-feira;RJ;Defeito Mecanico no Veiculo;Colisao frontal;Com Vitimas Feridas;Pleno dia;Ceu Claro;Reta
quarta-feira;SC;Falta de Atencao Conducao;Colisao traseira;Com Vitimas Feridas;Pleno dia;Chuva;Reta
quarta-feira;RN;Falta de Atencao Conducao;Saida de leito carrocavel;Com Vitimas Feridas;Pleno dia;Ceu Claro;Reta
quarta-feira;MG;Falta de Atencao Conducao;Capotamento;Com Vitimas Feridas;Pleno dia;Ceu Claro;Curva
quarta-feira;SP;Desobediencia nas normas de transito pelo condutor;Colisao lateral;Com Vitimas Feridas;Pleno dia;Ceu Claro;Reta
quarta-feira;TO;Ultrapassagem Indevida;Saida de leito carrocavel;Com Vitimas Feridas;Pleno dia;Ceu Claro;Reta
quarta-feira;PI;Desobediencia nas normas de transito pelo condutor;Colisao transversal;Com Vitimas Feridas;Pleno dia;Sol;Reta
quarta-feira;DF;Falta de Atencao Conducao;Colisao transversal;Com Vitimas Feridas;Pleno dia;Ceu Claro;Reta
terca-feira;RN;Desobediencia nas normas de transito pelo condutor;Colisao com objeto estatico;Com Vitimas Feridas;Plena Noite;Ceu Claro;Reta
quarta-feira;PR;Defeito Mecanico no Veiculo;Tombamento;Com Vitimas Feridas;Pleno dia;Garoa/Chuvisco;Nao Informado
quarta-feira;RN;Desobediencia nas normas de transito pelo condutor;Colisao transversal;Com Vitimas Feridas;Pleno dia;Ceu Claro;Reta
quarta-feira;MG;Defeito Mecanico no Veiculo;Colisao com objeto estatico;Com Vitimas Feridas;Pleno dia;Ceu Claro;Reta
quarta-feira;PE;Falta de Atencao Conducao;Colisao transversal;Com Vitimas Feridas;Pleno dia;Ceu Claro;Reta
quarta-feira;GO;Falta de Atencao Conducao;Queda de ocupante de veiculo;Com Vitimas Feridas;Pleno dia;Ceu Claro;Reta
quarta-feira;PR;Nao guardar distancia de seguranca;Queda de ocupante de veiculo;Com Vitimas Feridas;Pleno dia;Garoa/Chuvisco;Reta
quarta-feira;SP;Nao guardar distancia de seguranca;Colisao lateral;Com Vitimas Feridas;Pleno dia;Nublado;Reta
quarta-feira;RS;Desobediencia nas normas de transito pelo condutor;Colisao transversal;Com Vitimas Feridas;Pleno dia;Nublado;Intersecao de vias
quarta-feira;MG;Velocidade Incompativel;Tombamento;Com Vitimas Feridas;Pleno dia;Nublado;Nao Informado
quarta-feira;RS;Desobediencia nas normas de transito pelo condutor;Colisao transversal;Com Vitimas Feridas;Pleno dia;Ceu Claro;Reta
terca-feira;MG;Ingestao de Alcool;Colisao com objeto estatico;Com Vitimas Feridas;Plena Noite;Nublado;Desvio Temporario
quarta-feira;SC;Falta de Atencao Conducao;Colisao transversal;Com Vitimas Feridas;Pleno dia;Chuva;Reta
quarta-feira;RS;Defeito Mecanico no Veiculo;Saida de leito carrocavel;Sem Vitimas;Pleno dia;Sol;Curva
quarta-feira;PI;Sinalizacao da via insuficiente ou inadequada;Tombamento;Sem Vitimas;Pleno dia;Ceu Claro;Desvio Temporario
quarta-feira;RS;Defeito Mecanico no Veiculo;Queda de ocupante de veiculo;Com Vitimas Feridas;Pleno dia;Ceu Claro;Reta
quarta-feira;AL;Defeito Mecanico no Veiculo;Colisao com objeto estatico;Com Vitimas Feridas;Pleno dia;Ceu Claro;Nao Informado
quarta-feira;AC;Desobediencia nas normas de transito pelo condutor;Colisao transversal;Com Vitimas Feridas;Pleno dia;Ceu Claro;Reta
quarta-feira;AC;Condutor Dormindo;Colisao frontal;Com Vitimas Feridas;Amanhecer;Ignorado;Reta
quarta-feira;PR;Desobediencia nas normas de transito pelo condutor;Colisao transversal;Com Vitimas Feridas;Pleno dia;Nublado;Intersecao de vias
quarta-feira;BA;Nao guardar distancia de seguranca;Colisao traseira;Sem Vitimas;Pleno dia;Ceu Claro;Reta
quarta-feira;PE;Desobediencia nas normas de transito pelo condutor;Colisao transversal;Com Vitimas Feridas;Pleno dia;Sol;Reta
quarta-feira;SC;Falta de Atencao Conducao;Colisao transversal;Com Vitimas Feridas;Pleno dia;Chuva;Reta
quarta-feira;SC;Falta de Atencao Conducao;Colisao traseira;Com Vitimas Feridas;Pleno dia;Garoa/Chuvisco;Intersecao de vias
quarta-feira;PR;Falta de Atencao Conducao;Colisao frontal;Com Vitimas Feridas;Pleno dia;Chuva;Reta
quarta-feira;SC;Defeito Mecanico no Veiculo;Colisao traseira;Com Vitimas Feridas;Pleno dia;Chuva;Reta
quarta-feira;PR;Falta de Atencao Conducao;Colisao traseira;Sem Vitimas;Pleno dia;Chuva;Reta
quarta-feira;PR;Falta de Atencao Conducao;Colisao lateral;Com Vitimas Feridas;Pleno dia;Garoa/Chuvisco;Reta
quarta-feira;SP;Defeito Mecanico no Veiculo;Tombamento;Com Vitimas Feridas;Pleno dia;Ceu Claro;Reta
quarta-feira;SC;Defeito Mecanico no Veiculo;Colisao traseira;Com Vitimas Feridas;Pleno dia;Garoa/Chuvisco;Reta
quarta-feira;MG;Velocidade Incompativel;Tombamento;Com Vitimas Feridas;Amanhecer;Nublado;Curva
quarta-feira;MG;Desobediencia nas normas de transito pelo condutor;Colisao transversal;Com Vitimas Feridas;Pleno dia;Sol;Reta
quarta-feira;MT;Pista Escorregadia;Capotamento;Com Vitimas Feridas;Pleno dia;Chuva;Reta
quarta-feira;PR;Velocidade Incompativel;Colisao frontal;Com Vitimas Feridas;Pleno dia;Chuva;Nao Informado
quarta-feira;MG;Falta de Atencao Conducao;Colisao lateral;Com Vitimas Feridas;Pleno dia;Ceu Claro;Reta
quarta-feira;MG;Nao guardar distancia de seguranca;Colisao traseira;Com Vitimas Feridas;Pleno dia;Nublado;Nao Informado
quarta-feira;BA;Defeito Mecanico no Veiculo;Saida de leito carrocavel;Com Vitimas Feridas;Pleno dia;Chuva;Nao Informado
quarta-feira;PR;Falta de Atencao Conducao;Colisao lateral;Com Vitimas Feridas;Pleno dia;Chuva;Reta
quarta-feira;RS;Mal Subito;Saida de leito carrocavel;Com Vitimas Feridas;Pleno dia;Ceu Claro;Reta
quarta-feira;PE;Nao guardar distancia de seguranca;Colisao traseira;Com Vitimas Feridas;Pleno dia;Ceu Claro;Reta
sexta-feira;PR;Falta de Atencao do Pedestre;Atropelamento de Pedestre;Com Vitimas Fatais;Plena Noite;Ignorado;Reta
quarta-feira;BA;Falta de Atencao Conducao;Colisao traseira;Com Vitimas Feridas;Pleno dia;Nublado;Reta
quarta-feira;TO;Pista Escorregadia;Saida de leito carrocavel;Com Vitimas Feridas;Pleno dia;Ceu Claro;Curva
quarta-feira;MT;Desobediencia nas normas de transito pelo condutor;Colisao lateral;Com Vitimas Feridas;Pleno dia;Ceu Claro;Reta
quarta-feira;PR;Restricao de Visibilidade;Colisao traseira;Sem Vitimas;Pleno dia;Ceu Claro;Reta
quarta-feira;RO;Desobediencia nas normas de transito pelo condutor;Colisao lateral;Com Vitimas Feridas;Pleno dia;Chuva;Intersecao de vias
terca-feira;PB;Animais na Pista;Atropelamento de Animal;Com Vitimas Feridas;Anoitecer;Ceu Claro;Desvio Temporario
quarta-feira;RS;Velocidade Incompativel;Tombamento;Com Vitimas Feridas;Pleno dia;Ceu Claro;Curva
quarta-feira;RN;Desobediencia nas normas de transito pelo condutor;Colisao transversal;Com Vitimas Feridas;Pleno dia;Ceu Claro;Intersecao de vias
quarta-feira;PI;Pista Escorregadia;Colisao frontal;Com Vitimas Feridas;Pleno dia;Chuva;Curva
quarta-feira;RJ;Falta de Atencao Conducao;Colisao lateral;Com Vitimas Feridas;Pleno dia;Ceu Claro;Reta
quarta-feira;RS;Desobediencia nas normas de transito pelo condutor;Colisao traseira;Sem Vitimas;Pleno dia;Sol;Reta
quarta-feira;PR;Falta de Atencao Conducao;Saida de leito carrocavel;Com Vitimas Feridas;Pleno dia;Chuva;Reta
sexta-feira;RN;Falta de Atencao Conducao;Colisao traseira;Com Vitimas Feridas;Pleno dia;Sol;Intersecao de vias
quarta-feira;MG;Avarias e/ou desgaste excessivo no pneu;Tombamento;Com Vitimas Feridas;Pleno dia;Sol;Reta
quarta-feira;MT;Falta de Atencao Conducao;Saida de leito carrocavel;Com Vitimas Feridas;Pleno dia;Garoa/Chuvisco;Nao Informado
quarta-feira;SC;Ultrapassagem Indevida;Colisao transversal;Com Vitimas Feridas;Pleno dia;Chuva;Intersecao de vias
quarta-feira;AL;Nao guardar distancia de seguranca;Colisao traseira;Com Vitimas Feridas;Pleno dia;Ceu Claro;Reta
quarta-feira;MA;Defeito na Via;Tombamento;Sem Vitimas;Pleno dia;Nublado;Reta
quarta-feira;RS;Ingestao de Alcool;Colisao transversal;Sem Vitimas;Pleno dia;Ceu Claro;Reta
quarta-feira;SP;Condutor Dormindo;Saida de leito carrocavel;Com Vitimas Feridas;Pleno dia;Nublado;Reta
quarta-feira;BA;Defeito Mecanico no Veiculo;Saida de leito carrocavel;Com Vitimas Feridas;Pleno dia;Ceu Claro;Reta
quarta-feira;PR;Mal Subito;Saida de leito carrocavel;Com Vitimas Feridas;Pleno dia;Ceu Claro;Reta
quarta-feira;SC;Falta de Atencao Conducao;Colisao transversal;Com Vitimas Feridas;Pleno dia;Chuva;Nao Informado
quarta-feira;RJ;Falta de Atencao Conducao;Tombamento;Com Vitimas Feridas;Anoitecer;Nublado;Curva
quarta-feira;SC;Falta de Atencao Conducao;Colisao transversal;Com Vitimas Feridas;Pleno dia;Ceu Claro;Nao Informado
quarta-feira;ES;Falta de Atencao Conducao;Colisao traseira;Com Vitimas Feridas;Anoitecer;Nublado;Reta
quarta-feira;PR;Desobediencia nas normas de transito pelo condutor;Colisao lateral;Sem Vitimas;Pleno dia;Nublado;Nao Informado
quarta-feira;PR;Falta de Atencao Conducao;Colisao traseira;Com Vitimas Feridas;Pleno dia;Nublado;Reta
quarta-feira;MT;Pista Escorregadia;Saida de leito carrocavel;Sem Vitimas;Pleno dia;Chuva;Curva
quarta-feira;SP;Falta de Atencao Conducao;Colisao lateral;Com Vitimas Feridas;Anoitecer;Chuva;Reta
quarta-feira;SP;Falta de Atencao Conducao;Saida de leito carrocavel;Com Vitimas Feridas;Pleno dia;Garoa/Chuvisco;Reta
segunda-feira;MG;Falta de Atencao Conducao;Colisao traseira;Com Vitimas Feridas;Pleno dia;Ceu Claro;Reta
quarta-feira;PR;Velocidade Incompativel;Queda de ocupante de veiculo;Com Vitimas Feridas;Pleno dia;Chuva;Reta
quarta-feira;SC;Nao guardar distancia de seguranca;Colisao traseira;Com Vitimas Feridas;Anoitecer;Chuva;Reta
quarta-feira;GO;Falta de Atencao Conducao;Colisao traseira;Com Vitimas Feridas;Anoitecer;Ceu Claro;Reta
quarta-feira;MS;Desobediencia nas normas de transito pelo condutor;Colisao frontal;Com Vitimas Feridas;Anoitecer;Chuva;Reta
quarta-feira;RO;Falta de Atencao Conducao;Colisao traseira;Sem Vitimas;Anoitecer;Chuva;Reta
quarta-feira;RJ;Falta de Atencao Conducao;Colisao traseira;Com Vitimas Feridas;Pleno dia;Chuva;Reta
quarta-feira;PB;Restricao de Visibilidade;Colisao traseira;Com Vitimas Feridas;Plena Noite;Ceu Claro;Nao Informado