dia_semana;uf;causa_acidente;tipo_acidente;classificacao_acidente;fase_dia;condicao_metereologica;tracado_via
quarta-feira;RJ;Falta de Atencao Conducao;Queda de ocupante de veiculo;Com Vitimas Feridas;Plena Noite;Chuva;Reta
quarta-feira;SC;Desobediencia nas normas de transito pelo condutor;Colisao transversal;Com Vitimas Feridas;Anoitecer;Chuva;Reta
quarta-feira;PE;Falta de Atencao Conducao;Colisao traseira;Com Vitimas Fatais;Plena Noite;Ceu Claro;Reta
quarta-feira;AC;Falta de Atencao Conducao;Colisao transversal;Com Vitimas Feridas;Pleno dia;Ceu Claro;Rotatoria
quarta-feira;SC;Nao guardar distancia de seguranca;Colisao lateral;Sem Vitimas;Plena Noite;Chuva;Reta
quarta-feira;RS;Mal Subito;Tombamento;Com Vitimas Feridas;Anoitecer;Ceu Claro;Reta
quarta-feira;ES;Desobediencia nas normas de transito pelo condutor;Colisao traseira;Com Vitimas Feridas;Plena Noite;Ceu Claro;Reta
quarta-feira;MT;Falta de Atencao Conducao;Colisao transversal;Com Vitimas Feridas;Plena Noite;Garoa/Chuvisco;Reta
quarta-feira;MT;Falta de Atencao Conducao;Colisao lateral;Com Vitimas Feridas;Anoitecer;Nublado;Reta
quarta-feira;PR;Desobediencia nas normas de transito pelo condutor;Capotamento;Com Vitimas Feridas;Plena Noite;Nublado;Desvio Temporario
quarta-feira;MG;Velocidade Incompativel;Saida de leito carrocavel;Com Vitimas Feridas;Plena Noite;Chuva;Reta
quarta-feira;PR;Desobediencia nas normas de transito pelo condutor;Colisao traseira;Com Vitimas Feridas;Anoitecer;Ceu Claro;Retorno Regulamentado
quarta-feira;PR;Desobediencia nas normas de transito pelo condutor;Colisao com objeto estatico;Com Vitimas Feridas;Anoitecer;Chuva;Reta
quarta-feira;SC;Desobediencia nas normas de transito pelo condutor;Colisao transversal;Com Vitimas Feridas;Plena Noite;Chuva;Intersecao de vias
quarta-feira;MG;Falta de Atencao Conducao;Colisao transversal;Com Vitimas Feridas;Plena Noite;Ceu Claro;Reta
quarta-feira;ES;Falta de Atencao Conducao;Colisao transversal;Sem Vitimas;Plena Noite;Ceu Claro;Reta
quarta-feira;PE;Animais na Pista;Atropelamento de Animal;Com Vitimas Feridas;Anoitecer;Ceu Claro;Intersecao de vias
quarta-feira;SP;Falta de Atencao Conducao;Tombamento;Sem Vitimas;Plena Noite;Ceu Claro;Reta
quarta-feira;PR;Falta de Atencao Conducao;Colisao com objeto estatico;Com Vitimas Feridas;Anoitecer;Ceu Claro;Reta
quarta-feira;MG;Falta de Atencao Conducao;Atropelamento de Pedestre;Com Vitimas Feridas;Plena Noite;Nublado;Reta
quarta-feira;RS;Velocidade Incompativel;Atropelamento de Pedestre;Com Vitimas Feridas;Plena Noite;Ceu Claro;Reta
quarta-feira;RJ;Falta de Atencao Conducao;Colisao com objeto estatico;Com Vitimas Feridas;Plena Noite;Chuva;Nao Informado
quarta-feira;RJ;Falta de Atencao do Pedestre;Atropelamento de Pedestre;Com Vitimas Fatais;Pleno dia;Chuva;Curva
quarta-feira;GO;Avarias e/ou desgaste excessivo no pneu;Saida de leito carrocavel;Com Vitimas Feridas;Plena Noite;Nublado;Reta
quarta-feira;RJ;Falta de Atencao Conducao;Colisao lateral;Sem Vitimas;Pleno dia;Nublado;Reta
quarta-feira;RS;Falta de Atencao Conducao;Colisao traseira;Com Vitimas Feridas;Plena Noite;Ceu Claro;Intersecao de vias
quarta-feira;SP;Defeito Mecanico no Veiculo;Saida de leito carrocavel;Com Vitimas Feridas;Plena Noite;Nublado;Reta
quarta-feira;MG;Falta de Atencao Conducao;Colisao lateral;Sem Vitimas;Plena Noite;Ceu Claro;Curva
quarta-feira;CE;Falta de Atencao Conducao;Tombamento;Com Vitimas Feridas;Plena Noite;Ceu Claro;Reta
quarta-feira;SP;Velocidade Incompativel;Tombamento;Com Vitimas Feridas;Anoitecer;Chuva;Reta
quarta-feira;SC;Velocidade Incompativel;Saida de leito carrocavel;Sem Vitimas;Plena Noite;Ceu Claro;Curva
quarta-feira;SP;Falta de Atencao Conducao;Saida de leito carrocavel;Com Vitimas Feridas;Pleno dia;Chuva;Curva
quarta-feira;MT;Pista Escorregadia;Saida de leito carrocavel;Com Vitimas Feridas;Plena Noite;Chuva;Reta
quarta-feira;SP;Falta de Atencao Conducao;Colisao com objeto estatico;Sem Vitimas;Plena Noite;Garoa/Chuvisco;Curva
quarta-feira;SC;Falta de Atencao Conducao;Saida de leito carrocavel;Com Vitimas Feridas;Plena Noite;Garoa/Chuvisco;Curva
quarta-feira;CE;Pista Escorregadia;Saida de leito carrocavel;Com Vitimas Feridas;Pleno dia;Chuva;Curva
segunda-feira;SC;Falta de Atencao Conducao;Colisao transversal;Com Vitimas Feridas;Pleno dia;Ceu Claro;Reta
quinta-feira;PR;Ingestao de Alcool;Capotamento;Com Vitimas Feridas;Plena Noite;Ceu Claro;Reta
quinta-feira;RN;Falta de Atencao Conducao;Colisao frontal;Com Vitimas Feridas;Plena Noite;Ceu Claro;Reta
quarta-feira;MT;Pista Escorregadia;Capotamento;Sem Vitimas;Pleno dia;Chuva;Curva
quinta-feira;SP;Velocidade Incompativel;Tombamento;Sem Vitimas;Plena Noite;Chuva;Curva
quarta-feira;MS;Velocidade Incompativel;Colisao traseira;Com Vitimas Fatais;Plena Noite;Chuva;Reta
quinta-feira;PE;Condutor Dormindo;Colisao traseira;Com Vitimas Feridas;Plena Noite;Ceu Claro;Reta
quarta-feira;MT;Falta de Atencao Conducao;Saida de leito carrocavel;Com Vitimas Feridas;Plena Noite;Ignorado;Nao Informado
quinta-feira;RJ;Pista Escorregadia;Saida de leito carrocavel;Com Vitimas Feridas;Plena Noite;Chuva;Curva
quinta-feira;MG;Falta de Atencao Conducao;Saida de leito carrocavel;Sem Vitimas;Plena Noite;Ceu Claro;Reta
quinta-feira;MA;Falta de Atencao Conducao;Queda de ocupante de veiculo;Com Vitimas Feridas;Plena Noite;Nublado;Reta
quinta-feira;SP;Falta de Atencao Conducao;Colisao traseira;Com Vitimas Fatais;Plena Noite;Nublado;Nao Informado
quinta-feira;PB;Animais na Pista;Atropelamento de Animal;Com Vitimas Feridas;Plena Noite;Nublado;Reta
quinta-feira;ES;Velocidade Incompativel;Capotamento;Com Vitimas Feridas;Plena Noite;Ceu Claro;Curva
quinta-feira;MG;Velocidade Incompativel;Tombamento;Com Vitimas Feridas;Amanhecer;Chuva;Curva
quinta-feira;MG;Falta de Atencao Conducao;Tombamento;Com Vitimas Feridas;Pleno dia;Ceu Claro;Reta
quinta-feira;MG;Pista Escorregadia;Colisao frontal;Com Vitimas Fatais;Plena Noite;Chuva;Desvio Temporario
quinta-feira;PE;Falta de Atencao Conducao;Colisao lateral;Com Vitimas Feridas;Pleno dia;Ceu Claro;Reta
quinta-feira;MG;Velocidade Incompativel;Tombamento;Com Vitimas Feridas;Pleno dia;Garoa/Chuvisco;Reta
quinta-feira;SP;Falta de Atencao Conducao;Saida de leito carrocavel;Sem Vitimas;Amanhecer;Chuva;Reta
quinta-feira;GO;Mal Subito;Tombamento;Com Vitimas Feridas;Amanhecer;Nublado;Reta
quinta-feira;RS;Falta de Atencao Conducao;Colisao traseira;Com Vitimas Feridas;Pleno dia;Nevoeiro/Neblina;Nao Informado
quinta-feira;GO;Desobediencia nas normas de transito pelo condutor;Colisao transversal;Com Vitimas Feridas;Pleno dia;Ceu Claro;Reta
quinta-feira;MT;Nao guardar distancia de seguranca;Colisao traseira;Com Vitimas Feridas;Amanhecer;Ceu Claro;Nao Informado
quarta-feira;SC;Defeito Mecanico no Veiculo;Colisao traseira;Com Vitimas Feridas;Plena Noite;Ceu Claro;Nao Informado
quinta-feira;DF;Falta de Atencao Conducao;Colisao traseira;Com Vitimas Feridas;Amanhecer;Nublado;Reta
quinta-feira;MG;Pista Escorregadia;Saida de leito carrocavel;Com Vitimas Feridas;Pleno dia;Chuva;Curva
quinta-feira;DF;Condutor Dormindo;Colisao traseira;Com Vitimas Feridas;Pleno dia;Nublado;Nao Informado
quinta-feira;PB;Falta de Atencao Conducao;Tombamento;Com Vitimas Feridas;Pleno dia;Ceu Claro;Viaduto
quinta-feira;PR;Falta de Atencao Conducao;Queda de ocupante de veiculo;Com Vitimas Feridas;Pleno dia;Chuva;Reta
quinta-feira;GO;Falta de Atencao Conducao;Queda de ocupante de veiculo;Com Vitimas Feridas;Pleno dia;Ceu Claro;Reta
quarta-feira;SC;Condutor Dormindo;Colisao com objeto estatico;Com Vitimas Feridas;Plena Noite;Ceu Claro;Nao Informado
quinta-feira;GO;Falta de Atencao Conducao;Colisao lateral;Sem Vitimas;Amanhecer;Ceu Claro;Reta
quinta-feira;MG;Falta de Atencao do Pedestre;Atropelamento de Pedestre;Com Vitimas Feridas;Pleno dia;Ceu Claro;Reta
quinta-feira;SP;Nao guardar distancia de seguranca;Engavetamento;Com Vitimas Feridas;Pleno dia;Garoa/Chuvisco;Reta
quinta-feira;SC;Falta de Atencao Conducao;Queda de ocupante de veiculo;Com Vitimas Feridas;Pleno dia;Ceu Claro;Reta
quinta-feira;RS;Desobediencia nas normas de transito pelo condutor;Colisao traseira;Com Vitimas Feridas;Pleno dia;Ceu Claro;Reta
quinta-feira;PR;Falta de Atencao Conducao;Colisao frontal;Com Vitimas Feridas;Pleno dia;Ceu Claro;Reta
quinta-feira;BA;Falta de Atencao Conducao;Colisao transversal;Com Vitimas Fatais;Pleno dia;Ceu Claro;Reta
quinta-feira;MA;Falta de Atencao Conducao;Colisao transversal;Com Vitimas Feridas;Pleno dia;Nublado;Intersecao de vias
quinta-feira;RO;Falta de Atencao Conducao;Colisao traseira;Sem Vitimas;Pleno dia;Nublado;Nao Informado
quinta-feira;MG;Mal Subito;Colisao frontal;Com Vitimas Feridas;Pleno dia;Nublado;Reta
quinta-feira;DF;Falta de Atencao Conducao;Colisao traseira;Sem Vitimas;Pleno dia;Ceu Claro;Reta
quinta-feira;MG;Desobediencia nas normas de transito pelo condutor;Saida de leito carrocavel;Com Vitimas Feridas;Amanhecer;Chuva;Curva
quinta-feira;SP;Falta de Atencao Conducao;Tombamento;Com Vitimas Feridas;Pleno dia;Chuva;Reta
quinta-feira;MG;Nao guardar distancia de seguranca;Colisao lateral;Com Vitimas Feridas;Pleno dia;Nublado;Nao Informado
quinta-feira;BA;Falta de Atencao Conducao;Colisao lateral;Com Vitimas Feridas;Pleno dia;Ceu Claro;Reta
quinta-feira;PR;Falta de Atencao Conducao;Colisao com objeto estatico;Sem Vitimas;Pleno dia;Nublado;Desvio Temporario
quinta-feira;MG;Mal Subito;Saida de leito carrocavel;Com Vitimas Feridas;Pleno dia;Ceu Claro;Reta
quinta-feira;PR;Nao guardar distancia de seguranca;Colisao lateral;Com Vitimas Feridas;Pleno dia;Chuva;Reta
quinta-feira;RJ;Defeito Mecanico no Veiculo;Colisao lateral;Com Vitimas Feridas;Pleno dia;Nublado;Reta
quinta-feira;GO;Defeito Mecanico no Veiculo;Incendio;Sem Vitimas;Amanhecer;Ceu Claro;Reta
quinta-feira;RS;Condutor Dormindo;Saida de leito carrocavel;Com Vitimas Feridas;Pleno dia;Sol;Reta
quinta-feira;MG;Mal Subito;Saida de leito carrocavel;Com Vitimas Fatais;Pleno dia;Ceu Claro;Reta
quinta-feira;SP;Pista Escorregadia;Queda de ocupante de veiculo;Com Vitimas Feridas;Pleno dia;Chuva;Reta
quinta-feira;SP;Nao guardar distancia de seguranca;Colisao traseira;Com Vitimas Feridas;Pleno dia;Garoa/Chuvisco;Reta
quinta-feira;GO;Falta de Atencao Conducao;Colisao com objeto em movimento;Com Vitimas Feridas;Pleno dia;Chuva;Desvio Temporario
domingo;SP;Velocidade Incompativel;Tombamento;Com Vitimas Feridas;Pleno dia;Garoa/Chuvisco;Reta
quinta-feira;PR;Falta de Atencao Conducao;Colisao lateral;Com Vitimas Feridas;Pleno dia;Ceu Claro;Intersecao de vias
quinta-feira;MS;Falta de Atencao Conducao;Colisao lateral;Com Vitimas Feridas;Pleno dia;Nublado;Reta
quinta-feira;RS;Ultrapassagem Indevida;Colisao lateral;Com Vitimas Feridas;Pleno dia;Ceu Claro;Reta
quinta-feira;PE;Nao guardar distancia de seguranca;Colisao traseira;Com Vitimas Feridas;Pleno dia;Ceu Claro;Reta
quinta-feira;MS;Restricao de Visibilidade;Saida de leito carrocavel;Com Vitimas Feridas;Pleno dia;Chuva;Reta
quinta-feira;PR;Falta de Atencao Conducao;Tombamento;Com Vitimas Feridas;Pleno dia;Ceu Claro;Curva
quinta-feira;PR;Mal Subito;Colisao frontal;Sem Vitimas;Pleno dia;Ceu Claro;Reta
quinta-feira;PI;Falta de Atencao Conducao;Saida de leito carrocavel;Com Vitimas Feridas;Pleno dia;Sol;Curva
quinta-feira;RN;Nao guardar distancia de seguranca;Colisao lateral;Com Vitimas Fatais;Pleno dia;Ceu Claro;Retorno Regulamentado
quinta-feira;PE;Falta de Atencao Conducao;Colisao transversal;Sem Vitimas;Pleno dia;Ceu Claro;Reta
quinta-feira;SP;Defeito Mecanico no Veiculo;Tombamento;Com Vitimas Feridas;Pleno dia;Garoa/Chuvisco;Reta
quinta-feira;SC;Desobediencia nas normas de transito pelo condutor;Tombamento;Sem Vitimas;Pleno dia;Ceu Claro;Reta
quinta-feira;MG;Condutor Dormindo;Saida de leito carrocavel;Com Vitimas Feridas;Pleno dia;Nublado;Curva
quinta-feira;SC;Falta de Atencao Conducao;Colisao lateral;Com Vitimas Feridas;Pleno dia;Ceu Claro;Reta
quinta-feira;MG;Desobediencia nas normas de transito pelo condutor;Colisao transversal;Com Vitimas Feridas;Pleno dia;Sol;Reta
quinta-feira;RS;Desobediencia nas normas de transito pelo condutor;Colisao transversal;Com Vitimas Feridas;Pleno dia;Sol;Reta
quinta-feira;GO;Defeito na Via;Colisao com objeto estatico;Sem Vitimas;Pleno dia;Chuva;Desvio Temporario
quinta-feira;MG;Pista Escorregadia;Colisao frontal;Com Vitimas Feridas;Pleno dia;Nublado;Curva
quinta-feira;PE;Velocidade Incompativel;Capotamento;Com Vitimas Feridas;Amanhecer;Ceu Claro;Reta
quinta-feira;SC;Falta de Atencao Conducao;Atropelamento de Pedestre;Com Vitimas Feridas;Pleno dia;Ceu Claro;Reta
quinta-feira;RS;Nao guardar distancia de seguranca;Colisao traseira;Com Vitimas Feridas;Pleno dia;Ceu Claro;Reta
quinta-feira;MA;Nao guardar distancia de seguranca;Colisao lateral;Sem Vitimas;Pleno dia;Ceu Claro;Desvio Temporario
quinta-feira;GO;Velocidade Incompativel;Colisao traseira;Com Vitimas Feridas;Pleno dia;Chuva;Reta
quinta-feira;RN;Falta de Atencao Conducao;Colisao lateral;Com Vitimas Feridas;Pleno dia;Ceu Claro;Reta
quinta-feira;ES;Falta de Atencao do Pedestre;Colisao transversal;Com Vitimas Feridas;Pleno dia;Ceu Claro;Reta
quinta-feira;GO;Defeito Mecanico no Veiculo;Tombamento;Sem Vitimas;Pleno dia;Ceu Claro;Reta
quinta-feira;ES;Falta de Atencao Conducao;Colisao lateral;Com Vitimas Feridas;Pleno dia;Ceu Claro;Reta
quinta-feira;RN;Defeito Mecanico no Veiculo;Tombamento;Com Vitimas Feridas;Pleno dia;Nublado;Reta
quinta-feira;PR;Desobediencia nas normas de transito pelo condutor;Colisao transversal;Com Vitimas Feridas;Pleno dia;Nublado;Reta
quinta-feira;PR;Velocidade Incompativel;Colisao traseira;Sem Vitimas;Pleno dia;Nublado;Reta
quinta-feira;MT;Ultrapassagem Indevida;Colisao frontal;Com Vitimas Feridas;Pleno dia;Chuva;Reta
quinta-feira;SC;Falta de Atencao Conducao;Colisao traseira;Com Vitimas Feridas;Pleno dia;Ceu Claro;Reta
quinta-feira;RJ;Agressao Externa;Colisao lateral;Com Vitimas Feridas;Pleno dia;Ceu Claro;Reta
quinta-feira;GO;Velocidade Incompativel;Saida de leito carrocavel;Com Vitimas Feridas;Pleno dia;Chuva;Nao Informado
sabado;BA;Animais na Pista;Atropelamento de Animal;Com Vitimas Feridas;Plena Noite;Nublado;Reta
quinta-feira;SP;Falta de Atencao Conducao;Colisao com objeto estatico;Com Vitimas Feridas;Pleno dia;Garoa/Chuvisco;Curva
quinta-feira;MG;Velocidade Incompativel;Colisao com objeto estatico;Com Vitimas Feridas;Pleno dia;Garoa/Chuvisco;Curva
quinta-feira;MS;Avarias e/ou desgaste excessivo no pneu;Capotamento;Com Vitimas Feridas;Pleno dia;Nublado;Nao Informado
quinta-feira;PE;Desobediencia nas normas de transito pelo condutor;Colisao traseira;Com Vitimas Feridas;Amanhecer;Nublado;Reta
quinta-feira;ES;Velocidade Incompativel;Saida de leito carrocavel;Com Vitimas Feridas;Pleno dia;Chuva;Curva
quinta-feira;MA;Pista Escorregadia;Capotamento;Com Vitimas Feridas;Pleno dia;Chuva;Reta
quinta-feira;MT;Ingestao de Alcool;Colisao traseira;Com Vitimas Feridas;Pleno dia;Ceu Claro;Reta
quinta-feira;SP;Falta de Atencao Conducao;Colisao lateral;Sem Vitimas;Pleno dia;Nublado;Desvio Temporario
quinta-feira;PA;Falta de Atencao Conducao;Colisao lateral;Com Vitimas Feridas;Amanhecer;Ceu Claro;Reta
quinta-feira;SC;Velocidade Incompativel;Colisao traseira;Com Vitimas Feridas;Pleno dia;Ceu Claro;Reta
quinta-feira;RO;Falta de Atencao Conducao;Colisao lateral;Com Vitimas Feridas;Pleno dia;Chuva;Reta
quinta-feira;ES;Falta de Atencao Conducao;Colisao traseira;Com Vitimas Feridas;Pleno dia;Ceu Claro;Reta
quinta-feira;GO;Nao guardar distancia de seguranca;Queda de ocupante de veiculo;Com Vitimas Feridas;Pleno dia;Ceu Claro;Intersecao de vias
quinta-feira;PR;Desobediencia nas normas de transito pelo condutor;Colisao traseira;Com Vitimas Feridas;Pleno dia;Nublado;Reta
quinta-feira;MG;Velocidade Incompativel;Saida de leito carrocavel;Sem Vitimas;Pleno dia;Chuva;Nao Informado
quinta-feira;MS;Pista Escorregadia;Colisao com objeto estatico;Sem Vitimas;Pleno dia;Chuva;Curva
quinta-feira;PB;Nao guardar distancia de seguranca;Engavetamento;Sem Vitimas;Pleno dia;Ceu Claro;Reta
quinta-feira;ES;Falta de Atencao Conducao;Colisao traseira;Com Vitimas Feridas;Pleno dia;Sol;Reta
quinta-feira;MG;Velocidade Incompativel;Saida de leito carrocavel;Com Vitimas Feridas;Pleno dia;Chuva;Reta
quinta-feira;MG;Velocidade Incompativel;Colisao com objeto estatico;Com Vitimas Feridas;Pleno dia;Chuva;Curva
quinta-feira;RS;Desobediencia nas normas de transito pelo condutor;Colisao lateral;Com Vitimas Feridas;Pleno dia;Ceu Claro;Reta
quinta-feira;MG;Velocidade Incompativel;Colisao frontal;Com Vitimas Fatais;Anoitecer;Chuva;Curva
quinta-feira;SP;Falta de Atencao Conducao;Colisao traseira;Com Vitimas Feridas;Pleno dia;Garoa/Chuvisco;Reta
quinta-feira;MG;Pista Escorregadia;Saida de leito carrocavel;Com Vitimas Feridas;Pleno dia;Chuva;Curva
quinta-feira;PI;Falta de Atencao Conducao;Colisao transversal;Com Vitimas Feridas;Plena Noite;Ceu Claro;Reta
quinta-feira;PR;Nao guardar distancia de seguranca;Colisao traseira;Com Vitimas Feridas;Pleno dia;Ceu Claro;Reta
quinta-feira;PR;Velocidade Incompativel;Tombamento;Com Vitimas Feridas;Anoitecer;Nublado;Curva
quinta-feira;PR;Falta de Atencao Conducao;Colisao lateral;Com Vitimas Feridas;Pleno dia;Ceu Claro;Reta
quinta-feira;RJ;Falta de Atencao Conducao;Saida de leito carrocavel;Com Vitimas Feridas;Anoitecer;Nublado;Reta
quinta-feira;BA;Falta de Atencao Conducao;Saida de leito carrocavel;Com Vitimas Fatais;Plena Noite;Ceu Claro;Reta
quinta-feira;RS;Falta de Atencao Conducao;Colisao traseira;Sem Vitimas;Pleno dia;Ceu Claro;Reta
quinta-feira;AM;Falta de Atencao Conducao;Saida de leito carrocavel;Sem Vitimas;Pleno dia;Nublado;Reta
quinta-feira;MG;Falta de Atencao Conducao;Colisao com objeto estatico;Com Vitimas Feridas;Pleno dia;Nublado;Reta
quinta-feira;SC;Defeito Mecanico no Veiculo;Colisao traseira;Com Vitimas Feridas;Anoitecer;Nublado;Nao Informado
quinta-feira;PR;Falta de Atencao Conducao;Colisao lateral;Com Vitimas Feridas;Anoitecer;Nublado;Curva
quinta-feira;RJ;Velocidade Incompativel;Atropelamento de Pedestre;Com Vitimas Feridas;Anoitecer;Nublado;Reta
quinta-feira;MG;Nao guardar distancia de seguranca;Colisao traseira;Sem Vitimas;Plena Noite;Nublado;Nao Informado
quinta-feira;SP;Falta de Atencao Conducao;Engavetamento;Com Vitimas Feridas;Anoitecer;Chuva;Reta
quinta-feira;BA;Falta de Atencao Conducao;Colisao lateral;Com Vitimas Feridas;Plena Noite;Ceu Claro;Reta
quinta-feira;RJ;Defeito na Via;Colisao frontal;Com Vitimas Feridas;Plena Noite;Nublado;Nao Informado
quinta-feira;SE;Ultrapassagem Indevida;Colisao frontal;Com Vitimas Fatais;Plena Noite;Ceu Claro;Reta
quinta-feira;PR;Velocidade Incompativel;Saida de leito carrocavel;Com Vitimas Fatais;Anoitecer;Ceu Claro;Curva
quinta-feira;PR;Desobediencia nas normas de transito pelo condutor;Colisao frontal;Com Vitimas Feridas;Plena Noite;Ceu Claro;Intersecao de vias
quinta-feira;SC;Nao guardar distancia de seguranca;Engavetamento;Com Vitimas Feridas;Pleno dia;Sol;Reta
quinta-feira;PR;Desobediencia nas normas de transito pelo condutor;Colisao frontal;Com Vitimas Feridas;Plena Noite;Ceu Claro;Reta
quinta-feira;PI;Falta de Atencao Conducao;Tombamento;Com Vitimas Feridas;Pleno dia;Ceu Claro;Reta
quinta-feira;PR;Ingestao de Alcool;Colisao lateral;Sem Vitimas;Plena Noite;Ceu Claro;Nao Informado
quinta-feira;PA;Falta de Atencao Conducao;Atropelamento de Pedestre;Com Vitimas Feridas;Plena Noite;Nublado;Rotatoria
quinta-feira;PR;Velocidade Incompativel;Colisao com objeto estatico;Sem Vitimas;Pleno dia;Garoa/Chuvisco;Curva
quinta-feira;MG;Falta de Atencao do Pedestre;Atropelamento de Pedestre;Com Vitimas Feridas;Anoitecer;Ceu Claro;Desvio Temporario
quinta-feira;RO;Defeito Mecanico no Veiculo;Colisao com objeto em movimento;Com Vitimas Feridas;Pleno dia;Ceu Claro;Reta
quinta-feira;MS;Falta de Atencao do Pedestre;Atropelamento de Pedestre;Com Vitimas Feridas;Plena Noite;Ignorado;Reta
quinta-feira;RJ;Pista Escorregadia;Saida de leito carrocavel;Com Vitimas Feridas;Pleno dia;Nublado;Curva
quinta-feira;SC;Desobediencia nas normas de transito pelo condutor;Colisao traseira;Com Vitimas Feridas;Plena Noite;Ceu Claro;Nao Informado
quinta-feira;BA;Falta de Atencao Conducao;Colisao traseira;Com Vitimas Feridas;Plena Noite;Ceu Claro;Reta
quinta-feira;RS;Falta de Atencao Conducao;Colisao traseira;Com Vitimas Feridas;Plena Noite;Ceu Claro;Reta
quinta-feira;ES;Falta de Atencao do Pedestre;Atropelamento de Pedestre;Com Vitimas Feridas;Plena Noite;Nublado;Curva
quinta-feira;TO;Velocidade Incompativel;Tombamento;Com Vitimas Feridas;Plena Noite;Chuva;Rotatoria
quinta-feira;TO;Animais na Pista;Atropelamento de Animal;Com Vitimas Feridas;Plena Noite;Nublado;Reta
quinta-feira;RS;Condutor Dormindo;Saida de leito carrocavel;Com Vitimas Feridas;Plena Noite;Ceu Claro;Reta
quinta-feira;MG;Falta de Atencao do Pedestre;Atropelamento de Pedestre;Com Vitimas Feridas;Plena Noite;Chuva;Nao Informado
quinta-feira;AC;Falta de Atencao Conducao;Colisao lateral;Com Vitimas Feridas;Plena Noite;Garoa/Chuvisco;Nao Informado
quinta-feira;ES;Desobediencia nas normas de transito pelo condutor;Colisao lateral;Sem Vitimas;Plena Noite;Nublado;Reta
quinta-feira;ES;Nao guardar distancia de seguranca;Colisao traseira;Com Vitimas Feridas;Plena Noite;Ceu Claro;Reta
quinta-feira;ES;Deficincia ou nao Acionamento do Sistema de Iluminacao/Sinalizacao do Veiculo;Colisao lateral;Com Vitimas Feridas;Plena Noite;Ceu Claro;Reta
quinta-feira;CE;Animais na Pista;Atropelamento de Animal;Com Vitimas Feridas;Plena Noite;Ceu Claro;Reta
quinta-feira;RS;Falta de Atencao do Pedestre;Atropelamento de Pedestre;Com Vitimas Feridas;Plena Noite;Ceu Claro;Nao Informado
quinta-feira;SC;Ingestao de Alcool;Colisao lateral;Com Vitimas Feridas;Plena Noite;Ceu Claro;Reta
quinta-feira;SC;Falta de Atencao Conducao;Queda de ocupante de veiculo;Com Vitimas Feridas;Plena Noite;Nublado;Reta
quinta-feira;MT;Falta de Atencao Conducao;Colisao lateral;Sem Vitimas;Pleno dia;Ceu Claro;Reta
quinta-feira;MT;Ingestao de Alcool;Colisao traseira;Com Vitimas Feridas;Plena Noite;Ceu Claro;Intersecao de vias
quinta-feira;TO;Falta de Atencao Conducao;Colisao lateral;Com Vitimas Feridas;Plena Noite;Garoa/Chuvisco;Reta
sexta-feira;PR;Velocidade Incompativel;Engavetamento;Sem Vitimas;Plena Noite;Nublado;Curva
quinta-feira;ES;Ingestao de Alcool;Colisao transversal;Com Vitimas Feridas;Plena Noite;Ceu Claro;Intersecao de vias
quinta-feira;RJ;Falta de Atencao do Pedestre;Atropelamento de Pedestre;Com Vitimas Fatais;Plena Noite;Ceu Claro;Reta
quinta-feira;PB;Animais na Pista;Atropelamento de Animal;Com Vitimas Feridas;Plena Noite;Ceu Claro;Reta
quinta-feira;MA;Defeito Mecanico no Veiculo;Saida de leito carrocavel;Sem Vitimas;Plena Noite;Ceu Claro;Reta
sexta-feira;PR;Falta de Atencao Conducao;Capotamento;Sem Vitimas;Plena Noite;Ceu Claro;Reta
quinta-feira;RS;Desobediencia nas normas de transito pelo condutor;Saida de leito carrocavel;Com Vitimas Feridas;Plena Noite;Ceu Claro;Curva
sexta-feira;PR;Avarias e/ou desgaste excessivo no pneu;Saida de leito carrocavel;Sem Vitimas;Plena Noite;Nevoeiro/Neblina;Curva
sexta-feira;RS;Falta de Atencao Conducao;Tombamento;Com Vitimas Feridas;Plena Noite;Ceu Claro;Reta
sexta-feira;PR;Desobediencia nas normas de transito pelo condutor;Colisao traseira;Com Vitimas Feridas;Plena Noite;Ceu Claro;Reta
quinta-feira;RJ;Agressao Externa;Colisao lateral;Com Vitimas Feridas;Plena Noite;Nublado;Nao Informado
sexta-feira;SC;Condutor Dormindo;Colisao transversal;Sem Vitimas;Plena Noite;Ceu Claro;Rotatoria
sexta-feira;MG;Condutor Dormindo;Colisao com objeto estatico;Com Vitimas Feridas;Plena Noite;Chuva;Curva
sexta-feira;PA;Condutor Dormindo;Colisao frontal;Com Vitimas Feridas;Plena Noite;Garoa/Chuvisco;Desvio Temporario
sexta-feira;PR;Desobediencia nas normas de transito pelo condutor;Colisao frontal;Com Vitimas Fatais;Plena Noite;Ceu Claro;Nao Informado
sexta-feira;SP;Condutor Dormindo;Colisao lateral;Com Vitimas Feridas;Plena Noite;Chuva;Reta
sexta-feira;ES;Animais na Pista;Atropelamento de Animal;Sem Vitimas;Plena Noite;Ceu Claro;Reta
sexta-feira;RJ;Falta de Atencao do Pedestre;Atropelamento de Pedestre;Com Vitimas Feridas;Amanhecer;Nublado;Nao Informado
sexta-feira;RS;Desobediencia nas normas de transito pelo condutor;Colisao frontal;Com Vitimas Feridas;Plena Noite;Ceu Claro;Reta