dia_semana;uf;causa_acidente;tipo_acidente;classificacao_acidente;fase_dia;condicao_metereologica;tracado_via
sexta-feira;PR;Avarias e/ou desgaste excessivo no pneu;Queda de ocupante de veiculo;Com Vitimas Feridas;Amanhecer;Nublado;Reta
sexta-feira;MS;Condutor Dormindo;Saida de leito carrocavel;Sem Vitimas;Plena Noite;Nublado;Reta
sexta-feira;BA;Ingestao de Alcool;Colisao lateral;Sem Vitimas;Amanhecer;Ceu Claro;Reta
sexta-feira;SP;Velocidade Incompativel;Colisao com objeto estatico;Com Vitimas Feridas;Plena Noite;Ceu Claro;Reta
sexta-feira;MG;Restricao de Visibilidade;Saida de leito carrocavel;Com Vitimas Feridas;Plena Noite;Nevoeiro/Neblina;Curva
sexta-feira;MA;Desobediencia nas normas de transito pelo condutor;Colisao traseira;Com Vitimas Feridas;Amanhecer;Nublado;Desvio Temporario
sexta-feira;PB;Falta de Atencao Conducao;Tombamento;Com Vitimas Feridas;Pleno dia;Garoa/Chuvisco;Retorno Regulamentado
sexta-feira;SP;Falta de Atencao Conducao;Colisao com objeto estatico;Com Vitimas Feridas;Pleno dia;Chuva;Reta
sexta-feira;BA;Velocidade Incompativel;Tombamento;Com Vitimas Fatais;Pleno dia;Ceu Claro;Reta
sexta-feira;PR;Falta de Atencao Conducao;Colisao lateral;Sem Vitimas;Amanhecer;Nublado;Reta
sexta-feira;RS;Desobediencia nas normas de transito pelo condutor;Colisao transversal;Sem Vitimas;Amanhecer;Ceu Claro;Nao Informado
sexta-feira;GO;Falta de Atencao Conducao;Capotamento;Com Vitimas Feridas;Amanhecer;Nublado;Nao Informado
sexta-feira;RO;Deficincia ou nao Acionamento do Sistema de Iluminacao/Sinalizacao do Veiculo;Saida de leito carrocavel;Com Vitimas Feridas;Plena Noite;Chuva;Reta
sexta-feira;DF;Desobediencia nas normas de transito pelo condutor;Colisao traseira;Com Vitimas Feridas;Pleno dia;Nublado;Reta
sexta-feira;SC;Nao guardar distancia de seguranca;Colisao traseira;Com Vitimas Feridas;Pleno dia;Ceu Claro;Desvio Temporario
sexta-feira;GO;Defeito na Via;Saida de leito carrocavel;Com Vitimas Feridas;Pleno dia;Ceu Claro;Reta
quinta-feira;SC;Velocidade Incompativel;Saida de leito carrocavel;Com Vitimas Fatais;Plena Noite;Ceu Claro;Curva
sexta-feira;PE;Falta de Atencao Conducao;Colisao transversal;Com Vitimas Fatais;Pleno dia;Ceu Claro;Reta
sexta-feira;PI;Falta de Atencao Conducao;Colisao transversal;Com Vitimas Feridas;Pleno dia;Ceu Claro;Reta
sexta-feira;SP;Pista Escorregadia;Colisao traseira;Com Vitimas Feridas;Amanhecer;Chuva;Reta
sexta-feira;MG;Restricao de Visibilidade;Saida de leito carrocavel;Com Vitimas Feridas;Amanhecer;Nevoeiro/Neblina;Reta
quinta-feira;RO;Ingestao de Alcool;Tombamento;Com Vitimas Feridas;Plena Noite;Nublado;Rotatoria
sexta-feira;PR;Ultrapassagem Indevida;Saida de leito carrocavel;Sem Vitimas;Amanhecer;Ceu Claro;Reta
sexta-feira;RN;Falta de Atencao Conducao;Colisao transversal;Com Vitimas Feridas;Pleno dia;Sol;Rotatoria
sexta-feira;CE;Defeito na Via;Queda de ocupante de veiculo;Com Vitimas Feridas;Pleno dia;Ceu Claro;Reta
domingo;MT;Falta de Atencao Conducao;Colisao lateral;Com Vitimas Feridas;Amanhecer;Nublado;Reta
sexta-feira;GO;Nao guardar distancia de seguranca;Colisao traseira;Com Vitimas Feridas;Pleno dia;Ceu Claro;Reta
sexta-feira;MG;Falta de Atencao Conducao;Colisao transversal;Com Vitimas Feridas;Pleno dia;Nublado;Intersecao de vias
sexta-feira;MG;Falta de Atencao Conducao;Tombamento;Com Vitimas Feridas;Pleno dia;Nublado;Intersecao de vias
sexta-feira;RJ;Nao guardar distancia de seguranca;Colisao lateral;Com Vitimas Feridas;Pleno dia;Nublado;Reta
quarta-feira;SC;Falta de Atencao Conducao;Colisao transversal;Com Vitimas Feridas;Plena Noite;Chuva;Reta
sexta-feira;SC;Nao guardar distancia de seguranca;Colisao traseira;Com Vitimas Feridas;Pleno dia;Ceu Claro;Reta
sexta-feira;PE;Desobediencia nas normas de transito pelo condutor;Colisao transversal;Com Vitimas Feridas;Pleno dia;Sol;Intersecao de vias
sexta-feira;MG;Defeito Mecanico no Veiculo;Queda de ocupante de veiculo;Com Vitimas Feridas;Pleno dia;Nublado;Desvio Temporario
quinta-feira;MG;Velocidade Incompativel;Tombamento;Com Vitimas Feridas;Plena Noite;Ceu Claro;Nao Informado
sexta-feira;MG;Falta de Atencao Conducao;Colisao lateral;Com Vitimas Feridas;Pleno dia;Nublado;Curva
segunda-feira;PR;Velocidade Incompativel;Colisao traseira;Com Vitimas Feridas;Pleno dia;Sol;Reta
sexta-feira;RJ;Pista Escorregadia;Saida de leito carrocavel;Com Vitimas Feridas;Pleno dia;Nublado;Curva
sexta-feira;PR;Velocidade Incompativel;Derramamento de carga;Sem Vitimas;Pleno dia;Ceu Claro;Curva
sexta-feira;PR;Falta de Atencao Conducao;Engavetamento;Com Vitimas Feridas;Pleno dia;Ceu Claro;Reta
sexta-feira;RS;Ingestao de Alcool;Colisao traseira;Com Vitimas Feridas;Pleno dia;Ceu Claro;Curva
sexta-feira;PR;Nao guardar distancia de seguranca;Colisao traseira;Com Vitimas Feridas;Pleno dia;Ceu Claro;Reta
sexta-feira;PI;Sinalizacao da via insuficiente ou inadequada;Colisao transversal;Com Vitimas Feridas;Pleno dia;Ceu Claro;Rotatoria
sexta-feira;SC;Falta de Atencao Conducao;Colisao com objeto estatico;Com Vitimas Feridas;Pleno dia;Nublado;Curva
sexta-feira;MG;Falta de Atencao Conducao;Incendio;Sem Vitimas;Pleno dia;Nublado;Reta
sexta-feira;BA;Ultrapassagem Indevida;Colisao frontal;Com Vitimas Feridas;Pleno dia;Chuva;Curva
sexta-feira;MG;Falta de Atencao Conducao;Colisao traseira;Com Vitimas Feridas;Pleno dia;Ceu Claro;Rotatoria
sexta-feira;RS;Falta de Atencao Conducao;Colisao lateral;Com Vitimas Feridas;Pleno dia;Ceu Claro;Reta
sexta-feira;PR;Falta de Atencao Conducao;Colisao frontal;Com Vitimas Fatais;Pleno dia;Ceu Claro;Nao Informado
domingo;SC;Falta de Atencao Conducao;Colisao traseira;Com Vitimas Feridas;Plena Noite;Ceu Claro;Reta
sexta-feira;MG;Velocidade Incompativel;Colisao lateral;Sem Vitimas;Pleno dia;Garoa/Chuvisco;Reta
sexta-feira;ES;Defeito Mecanico no Veiculo;Queda de ocupante de veiculo;Com Vitimas Feridas;Pleno dia;Ceu Claro;Desvio Temporario
sexta-feira;PR;Desobediencia nas normas de transito pelo condutor;Colisao frontal;Com Vitimas Fatais;Pleno dia;Ceu Claro;Curva
sexta-feira;RS;Falta de Atencao Conducao;Colisao lateral;Com Vitimas Feridas;Pleno dia;Ceu Claro;Reta
sexta-feira;GO;Velocidade Incompativel;Capotamento;Com Vitimas Feridas;Pleno dia;Nublado;Reta
sexta-feira;RS;Nao guardar distancia de seguranca;Colisao lateral;Com Vitimas Feridas;Pleno dia;Sol;Reta
sexta-feira;MG;Velocidade Incompativel;Tombamento;Com Vitimas Feridas;Pleno dia;Ceu Claro;Reta
sexta-feira;RS;Defeito Mecanico no Veiculo;Colisao lateral;Sem Vitimas;Pleno dia;Ceu Claro;Reta
sexta-feira;AC;Desobediencia nas normas de transito pelo condutor;Colisao traseira;Com Vitimas Feridas;Pleno dia;Garoa/Chuvisco;Reta
sexta-feira;MG;Falta de Atencao Conducao;Colisao transversal;Com Vitimas Feridas;Pleno dia;Ceu Claro;Reta
sexta-feira;PE;Pista Escorregadia;Saida de leito carrocavel;Sem Vitimas;Pleno dia;Chuva;Curva
sexta-feira;SC;Falta de Atencao Conducao;Engavetamento;Com Vitimas Feridas;Pleno dia;Sol;Reta
sexta-feira;PR;Falta de Atencao Conducao;Colisao traseira;Sem Vitimas;Pleno dia;Nublado;Reta
sexta-feira;SC;Falta de Atencao Conducao;Colisao traseira;Com Vitimas Feridas;Pleno dia;Ceu Claro;Reta
sexta-feira;PR;Nao guardar distancia de seguranca;Saida de leito carrocavel;Com Vitimas Feridas;Pleno dia;Nublado;Reta
sexta-feira;SP;Velocidade Incompativel;Colisao com objeto estatico;Com Vitimas Feridas;Pleno dia;Chuva;Curva
sexta-feira;SC;Falta de Atencao Conducao;Colisao traseira;Com Vitimas Feridas;Pleno dia;Ceu Claro;Nao Informado
sexta-feira;SP;Falta de Atencao Conducao;Engavetamento;Com Vitimas Feridas;Pleno dia;Garoa/Chuvisco;Desvio Temporario
sexta-feira;PR;Velocidade Incompativel;Capotamento;Com Vitimas Fatais;Plena Noite;Ceu Claro;Curva
sexta-feira;ES;Falta de Atencao Conducao;Colisao lateral;Com Vitimas Feridas;Pleno dia;Ceu Claro;Reta
sexta-feira;PE;Falta de Atencao Conducao;Colisao traseira;Sem Vitimas;Pleno dia;Ceu Claro;Reta
sexta-feira;RJ;Nao guardar distancia de seguranca;Colisao traseira;Com Vitimas Feridas;Pleno dia;Nublado;Reta
sexta-feira;PE;Pista Escorregadia;Capotamento;Com Vitimas Feridas;Pleno dia;Chuva;Curva
sexta-feira;RJ;Defeito Mecanico no Veiculo;Danos eventuais;Sem Vitimas;Pleno dia;Nublado;Curva
sexta-feira;SP;Pista Escorregadia;Colisao traseira;Com Vitimas Feridas;Pleno dia;Chuva;Curva
sexta-feira;RR;Falta de Atencao Conducao;Colisao traseira;Com Vitimas Feridas;Pleno dia;Ceu Claro;Reta
sexta-feira;GO;Velocidade Incompativel;Saida de leito carrocavel;Com Vitimas Feridas;Pleno dia;Ceu Claro;Reta
sexta-feira;CE;Defeito Mecanico no Veiculo;Incendio;Sem Vitimas;Pleno dia;Nublado;Nao Informado
sexta-feira;CE;Falta de Atencao do Pedestre;Atropelamento de Pedestre;Com Vitimas Feridas;Pleno dia;Ceu Claro;Reta
sexta-feira;BA;Falta de Atencao do Pedestre;Atropelamento de Pedestre;Com Vitimas Feridas;Pleno dia;Ceu Claro;Reta
sexta-feira;RS;Falta de Atencao Conducao;Colisao transversal;Com Vitimas Feridas;Pleno dia;Ceu Claro;Reta
sexta-feira;MG;Condutor Dormindo;Saida de leito carrocavel;Sem Vitimas;Pleno dia;Nublado;Reta
sexta-feira;CE;Falta de Atencao Conducao;Colisao transversal;Com Vitimas Feridas;Pleno dia;Ceu Claro;Reta
sexta-feira;PR;Desobediencia nas normas de transito pelo condutor;Colisao traseira;Sem Vitimas;Pleno dia;Ceu Claro;Reta
sexta-feira;AL;Falta de Atencao Conducao;Colisao transversal;Com Vitimas Feridas;Pleno dia;Ceu Claro;Reta
sexta-feira;MT;Falta de Atencao do Pedestre;Atropelamento de Pedestre;Com Vitimas Feridas;Pleno dia;Ceu Claro;Reta
sexta-feira;RS;Falta de Atencao Conducao;Colisao transversal;Com Vitimas Feridas;Pleno dia;Ceu Claro;Curva
sexta-feira;MT;Falta de Atencao do Pedestre;Atropelamento de Pedestre;Com Vitimas Feridas;Pleno dia;Ceu Claro;Reta
sexta-feira;PB;Desobediencia nas normas de transito pelo condutor;Colisao transversal;Com Vitimas Feridas;Pleno dia;Ceu Claro;Reta
sexta-feira;PR;Animais na Pista;Queda de ocupante de veiculo;Com Vitimas Feridas;Pleno dia;Ceu Claro;Reta
sexta-feira;PR;Velocidade Incompativel;Saida de leito carrocavel;Com Vitimas Feridas;Pleno dia;Sol;Reta
sexta-feira;PB;Nao guardar distancia de seguranca;Colisao traseira;Com Vitimas Feridas;Pleno dia;Nublado;Reta
sexta-feira;SC;Falta de Atencao Conducao;Colisao traseira;Com Vitimas Feridas;Pleno dia;Ceu Claro;Reta
sexta-feira;SP;Falta de Atencao Conducao;Colisao traseira;Sem Vitimas;Pleno dia;Nublado;Nao Informado
sexta-feira;SC;Nao guardar distancia de seguranca;Colisao traseira;Sem Vitimas;Pleno dia;Ceu Claro;Reta
sexta-feira;MG;Falta de Atencao Conducao;Queda de ocupante de veiculo;Com Vitimas Feridas;Pleno dia;Ceu Claro;Reta
sexta-feira;GO;Falta de Atencao Conducao;Saida de leito carrocavel;Sem Vitimas;Pleno dia;Chuva;Nao Informado
sexta-feira;ES;Desobediencia nas normas de transito pelo condutor;Colisao transversal;Com Vitimas Feridas;Pleno dia;Ceu Claro;Rotatoria
sexta-feira;PI;Fenomenos da Natureza;Colisao traseira;Com Vitimas Feridas;Pleno dia;Chuva;Reta
quarta-feira;MG;Desobediencia nas normas de transito pelo condutor;Colisao frontal;Com Vitimas Fatais;Pleno dia;Ceu Claro;Reta
sexta-feira;BA;Falta de Atencao Conducao;Queda de ocupante de veiculo;Com Vitimas Feridas;Pleno dia;Nublado;Reta
sexta-feira;SC;Falta de Atencao Conducao;Colisao transversal;Com Vitimas Feridas;Pleno dia;Sol;Rotatoria
sexta-feira;RJ;Falta de Atencao Conducao;Colisao traseira;Com Vitimas Feridas;Pleno dia;Chuva;Reta
sexta-feira;MG;Ingestao de Alcool;Queda de ocupante de veiculo;Com Vitimas Feridas;Pleno dia;Chuva;Nao Informado
sexta-feira;RS;Nao guardar distancia de seguranca;Colisao lateral;Com Vitimas Feridas;Pleno dia;Sol;Reta
sexta-feira;PR;Avarias e/ou desgaste excessivo no pneu;Queda de ocupante de veiculo;Com Vitimas Feridas;Pleno dia;Sol;Reta
sexta-feira;MG;Defeito Mecanico no Veiculo;Tombamento;Com Vitimas Feridas;Pleno dia;Nublado;Desvio Temporario
quinta-feira;RS;Condutor Dormindo;Saida de leito carrocavel;Com Vitimas Feridas;Plena Noite;Ceu Claro;Reta
sexta-feira;BA;Ultrapassagem Indevida;Saida de leito carrocavel;Com Vitimas Feridas;Pleno dia;Sol;Reta
sexta-feira;MG;Avarias e/ou desgaste excessivo no pneu;Saida de leito carrocavel;Com Vitimas Feridas;Pleno dia;Chuva;Reta
sexta-feira;BA;Defeito Mecanico no Veiculo;Saida de leito carrocavel;Com Vitimas Feridas;Pleno dia;Sol;Reta
sexta-feira;ES;Desobediencia nas normas de transito pelo condutor;Colisao transversal;Com Vitimas Feridas;Pleno dia;Ceu Claro;Reta
sexta-feira;SP;Falta de Atencao Conducao;Queda de ocupante de veiculo;Com Vitimas Feridas;Pleno dia;Ceu Claro;Reta
sexta-feira;SC;Nao guardar distancia de seguranca;Colisao traseira;Sem Vitimas;Pleno dia;Ceu Claro;Reta
sexta-feira;MG;Velocidade Incompativel;Colisao com objeto estatico;Sem Vitimas;Pleno dia;Chuva;Reta
sexta-feira;RS;Falta de Atencao Conducao;Colisao lateral;Com Vitimas Feridas;Pleno dia;Ceu Claro;Reta
sexta-feira;SC;Falta de Atencao Conducao;Colisao transversal;Com Vitimas Fatais;Pleno dia;Ceu Claro;Intersecao de vias
sexta-feira;RS;Falta de Atencao Conducao;Colisao traseira;Com Vitimas Feridas;Pleno dia;Ceu Claro;Rotatoria
sexta-feira;GO;Pista Escorregadia;Saida de leito carrocavel;Com Vitimas Feridas;Pleno dia;Nublado;Reta
sexta-feira;RJ;Ultrapassagem Indevida;Colisao frontal;Com Vitimas Feridas;Pleno dia;Chuva;Reta
sexta-feira;SP;Falta de Atencao Conducao;Colisao com objeto estatico;Com Vitimas Feridas;Pleno dia;Chuva;Reta
sexta-feira;RJ;Condutor Dormindo;Colisao com objeto estatico;Com Vitimas Feridas;Pleno dia;Chuva;Reta
sexta-feira;DF;Nao guardar distancia de seguranca;Colisao traseira;Com Vitimas Feridas;Pleno dia;Ceu Claro;Reta
sexta-feira;MG;Desobediencia nas normas de transito pelo condutor;Colisao frontal;Com Vitimas Fatais;Pleno dia;Ceu Claro;Reta
sexta-feira;RS;Ingestao de Alcool e/ou substancias psicoativas pelo pedestre;Colisao transversal;Sem Vitimas;Pleno dia;Ceu Claro;Rotatoria
sexta-feira;SP;Falta de Atencao Conducao;Colisao frontal;Com Vitimas Feridas;Pleno dia;Garoa/Chuvisco;Reta
sexta-feira;BA;Velocidade Incompativel;Colisao traseira;Com Vitimas Feridas;Pleno dia;Ceu Claro;Reta
sexta-feira;MG;Agressao Externa;Capotamento;Sem Vitimas;Pleno dia;Ceu Claro;Reta
sexta-feira;SC;Defeito Mecanico no Veiculo;Incendio;Sem Vitimas;Pleno dia;Sol;Curva
sexta-feira;PR;Falta de Atencao Conducao;Colisao traseira;Sem Vitimas;Pleno dia;Ceu Claro;Reta
sexta-feira;RO;Desobediencia nas normas de transito pelo condutor;Colisao transversal;Com Vitimas Feridas;Pleno dia;Nublado;Reta
terca-feira;BA;Falta de Atencao Conducao;Colisao traseira;Com Vitimas Feridas;Pleno dia;Ceu Claro;Reta
sexta-feira;SC;Nao guardar distancia de seguranca;Colisao traseira;Com Vitimas Feridas;Pleno dia;Sol;Reta
sexta-feira;PE;Falta de Atencao Conducao;Colisao transversal;Com Vitimas Feridas;Pleno dia;Ceu Claro;Curva
sexta-feira;PI;Falta de Atencao Conducao;Tombamento;Com Vitimas Feridas;Pleno dia;Nublado;Reta
sexta-feira;GO;Defeito Mecanico no Veiculo;Colisao traseira;Com Vitimas Feridas;Pleno dia;Garoa/Chuvisco;Nao Informado
sexta-feira;PR;Falta de Atencao Conducao;Colisao lateral;Com Vitimas Feridas;Pleno dia;Ceu Claro;Reta
sexta-feira;SP;Pista Escorregadia;Colisao com objeto estatico;Com Vitimas Feridas;Pleno dia;Chuva;Curva
sexta-feira;PR;Avarias e/ou desgaste excessivo no pneu;Saida de leito carrocavel;Com Vitimas Feridas;Pleno dia;Garoa/Chuvisco;Curva
sexta-feira;PR;Velocidade Incompativel;Colisao com objeto estatico;Com Vitimas Feridas;Pleno dia;Ceu Claro;Curva
sexta-feira;MG;Desobediencia nas normas de transito pelo condutor;Colisao transversal;Com Vitimas Feridas;Pleno dia;Sol;Reta
sexta-feira;PE;Falta de Atencao Conducao;Colisao traseira;Sem Vitimas;Pleno dia;Nublado;Reta
sexta-feira;SP;Falta de Atencao Conducao;Colisao traseira;Com Vitimas Feridas;Pleno dia;Chuva;Reta
sexta-feira;RS;Falta de Atencao Conducao;Colisao transversal;Com Vitimas Feridas;Pleno dia;Ceu Claro;Intersecao de vias
sexta-feira;SE;Falta de Atencao Conducao;Colisao com objeto estatico;Com Vitimas Feridas;Pleno dia;Ceu Claro;Curva
sexta-feira;SP;Falta de Atencao Conducao;Colisao lateral;Com Vitimas Feridas;Pleno dia;Chuva;Nao Informado
sexta-feira;CE;Nao guardar distancia de seguranca;Colisao traseira;Com Vitimas Feridas;Pleno dia;Nublado;Reta
sexta-feira;ES;Falta de Atencao Conducao;Atropelamento de Pedestre;Com Vitimas Feridas;Anoitecer;Sol;Reta
sexta-feira;RN;Ultrapassagem Indevida;Colisao lateral;Com Vitimas Feridas;Anoitecer;Nublado;Reta
sexta-feira;SC;Velocidade Incompativel;Saida de leito carrocavel;Com Vitimas Feridas;Pleno dia;Ceu Claro;Reta
sexta-feira;RJ;Falta de Atencao Conducao;Colisao traseira;Com Vitimas Feridas;Pleno dia;Nublado;Reta
sexta-feira;ES;Falta de Atencao Conducao;Colisao lateral;Com Vitimas Feridas;Anoitecer;Ceu Claro;Reta
sexta-feira;BA;Condutor Dormindo;Saida de leito carrocavel;Com Vitimas Feridas;Amanhecer;Ceu Claro;Reta
sexta-feira;SC;Falta de Atencao Conducao;Capotamento;Com Vitimas Feridas;Plena Noite;Ceu Claro;Nao Informado
sexta-feira;SC;Falta de Atencao Conducao;Colisao lateral;Com Vitimas Feridas;Pleno dia;Nublado;Nao Informado
sexta-feira;CE;Defeito Mecanico no Veiculo;Atropelamento de Pedestre;Com Vitimas Feridas;Pleno dia;Ceu Claro;Reta
sexta-feira;SP;Nao guardar distancia de seguranca;Colisao lateral;Com Vitimas Feridas;Pleno dia;Nublado;Reta
sexta-feira;RN;Desobediencia nas normas de transito pelo condutor;Colisao lateral;Com Vitimas Feridas;Plena Noite;Chuva;Reta
sexta-feira;SC;Falta de Atencao Conducao;Saida de leito carrocavel;Com Vitimas Feridas;Pleno dia;Ceu Claro;Reta
sexta-feira;SP;Nao guardar distancia de seguranca;Tombamento;Com Vitimas Feridas;Anoitecer;Nublado;Reta
sexta-feira;BA;Falta de Atencao Conducao;Colisao frontal;Com Vitimas Feridas;Anoitecer;Ceu Claro;Reta
sexta-feira;PI;Animais na Pista;Atropelamento de Animal;Com Vitimas Feridas;Plena Noite;Nublado;Reta
sexta-feira;RJ;Falta de Atencao do Pedestre;Atropelamento de Pedestre;Com Vitimas Feridas;Plena Noite;Nublado;Reta
sexta-feira;MG;Velocidade Incompativel;Colisao com objeto estatico;Com Vitimas Feridas;Anoitecer;Chuva;Nao Informado
sexta-feira;RS;Falta de Atencao Conducao;Colisao lateral;Com Vitimas Feridas;Anoitecer;Ceu Claro;Reta
sexta-feira;MG;Defeito Mecanico no Veiculo;Saida de leito carrocavel;Com Vitimas Feridas;Pleno dia;Chuva;Reta
sexta-feira;PR;Velocidade Incompativel;Colisao traseira;Sem Vitimas;Anoitecer;Nublado;Reta
sexta-feira;SC;Falta de Atencao Conducao;Colisao traseira;Com Vitimas Feridas;Plena Noite;Ceu Claro;Reta
sexta-feira;RJ;Defeito Mecanico no Veiculo;Colisao lateral;Sem Vitimas;Pleno dia;Ceu Claro;Reta
sexta-feira;MG;Desobediencia nas normas de transito pelo condutor;Colisao transversal;Com Vitimas Feridas;Plena Noite;Chuva;Reta
sexta-feira;RJ;Falta de Atencao Conducao;Colisao com objeto estatico;Com Vitimas Feridas;Pleno dia;Ceu Claro;Reta
sexta-feira;PB;Falta de Atencao do Pedestre;Atropelamento de Pedestre;Com Vitimas Feridas;Plena Noite;Nublado;Reta
sexta-feira;SC;Falta de Atencao Conducao;Engavetamento;Com Vitimas Feridas;Plena Noite;Nublado;Reta
sexta-feira;CE;Velocidade Incompativel;Capotamento;Sem Vitimas;Plena Noite;Garoa/Chuvisco;Curva
sexta-feira;RS;Falta de Atencao Conducao;Colisao transversal;Com Vitimas Feridas;Pleno dia;Sol;Intersecao de vias
sexta-feira;ES;Desobediencia nas normas de transito pelo condutor;Colisao lateral;Com Vitimas Feridas;Plena Noite;Nublado;Reta
sexta-feira;MG;Pista Escorregadia;Saida de leito carrocavel;Com Vitimas Feridas;Anoitecer;Chuva;Nao Informado
sexta-feira;SP;Falta de Atencao Conducao;Colisao traseira;Com Vitimas Feridas;Plena Noite;Chuva;Desvio Temporario
sexta-feira;RJ;Sinalizacao da via insuficiente ou inadequada;Atropelamento de Pedestre;Com Vitimas Fatais;Plena Noite;Chuva;Reta
sexta-feira;PR;Ingestao de Alcool;Colisao frontal;Com Vitimas Fatais;Anoitecer;Ceu Claro;Reta
sexta-feira;DF;Falta de Atencao Conducao;Colisao traseira;Com Vitimas Feridas;Plena Noite;Ceu Claro;Nao Informado
sexta-feira;SP;Ingestao de Alcool;Colisao frontal;Sem Vitimas;Anoitecer;Nublado;Reta
sexta-feira;MA;Nao guardar distancia de seguranca;Colisao traseira;Sem Vitimas;Anoitecer;Chuva;Reta
sexta-feira;SP;Falta de Atencao Conducao;Colisao lateral;Com Vitimas Feridas;Plena Noite;Ceu Claro;Reta
sexta-feira;SC;Falta de Atencao Conducao;Colisao com objeto estatico;Com Vitimas Feridas;Plena Noite;Nublado;Intersecao de vias
sexta-feira;SP;Falta de Atencao Conducao;Colisao traseira;Sem Vitimas;Plena Noite;Nublado;Reta
sexta-feira;SC;Desobediencia nas normas de transito pelo condutor;Colisao lateral;Com Vitimas Feridas;Pleno dia;Sol;Reta
sexta-feira;SP;Falta de Atencao Conducao;Colisao lateral;Com Vitimas Feridas;Plena Noite;Chuva;Reta
sexta-feira;RS;Ingestao de Alcool e/ou substancias psicoativas pelo pedestre;Atropelamento de Pedestre;Com Vitimas Fatais;Plena Noite;Ceu Claro;Reta
sexta-feira;RJ;Ultrapassagem Indevida;Colisao transversal;Com Vitimas Feridas;Pleno dia;Sol;Reta
sexta-feira;SP;Falta de Atencao Conducao;Colisao transversal;Com Vitimas Feridas;Plena Noite;Nublado;Reta
sexta-feira;PE;Ingestao de Alcool;Atropelamento de Pedestre;Com Vitimas Feridas;Plena Noite;Ceu Claro;Reta
sexta-feira;ES;Velocidade Incompativel;Saida de leito carrocavel;Com Vitimas Fatais;Plena Noite;Ceu Claro;Curva
sexta-feira;PR;Falta de Atencao do Pedestre;Atropelamento de Pedestre;Com Vitimas Fatais;Anoitecer;Ceu Claro;Reta
sexta-feira;MG;Velocidade Incompativel;Saida de leito carrocavel;Com Vitimas Feridas;Plena Noite;Chuva;Curva
sexta-feira;SC;Falta de Atencao Conducao;Queda de ocupante de veiculo;Com Vitimas Feridas;Pleno dia;Sol;Reta
sexta-feira;PR;Falta de Atencao Conducao;Colisao transversal;Com Vitimas Feridas;Anoitecer;Ceu Claro;Reta
sexta-feira;ES;Falta de Atencao Conducao;Queda de ocupante de veiculo;Com Vitimas Feridas;Plena Noite;Ceu Claro;Reta
sexta-feira;RS;Nao guardar distancia de seguranca;Colisao lateral;Sem Vitimas;Pleno dia;Ceu Claro;Curva
sexta-feira;PR;Ultrapassagem Indevida;Colisao lateral;Com Vitimas Feridas;Pleno dia;Ceu Claro;Reta
sexta-feira;SC;Falta de Atencao Conducao;Colisao traseira;Com Vitimas Feridas;Plena Noite;Ceu Claro;Reta
sexta-feira;RS;Ultrapassagem Indevida;Colisao frontal;Com Vitimas Feridas;Plena Noite;Ceu Claro;Reta
sexta-feira;ES;Falta de Atencao Conducao;Colisao lateral;Com Vitimas Feridas;Plena Noite;Ceu Claro;Curva
sexta-feira;MG;Ingestao de Alcool;Colisao lateral;Sem Vitimas;Plena Noite;Chuva;Reta
sexta-feira;MG;Pista Escorregadia;Colisao com objeto estatico;Com Vitimas Feridas;Plena Noite;Garoa/Chuvisco;Nao Informado
sexta-feira;PB;Falta de Atencao Conducao;Colisao transversal;Com Vitimas Feridas;Plena Noite;Ceu Claro;Reta
sexta-feira;MG;Defeito Mecanico no Veiculo;Incendio;Sem Vitimas;Plena Noite;Garoa/Chuvisco;Reta
sexta-feira;AL;Desobediencia nas normas de transito pelo condutor;Colisao transversal;Com Vitimas Feridas;Plena Noite;Ceu Claro;Reta
sexta-feira;SC;Defeito Mecanico no Veiculo;Incendio;Sem Vitimas;Plena Noite;Nublado;Reta
sexta-feira;SP;Falta de Atencao Conducao;Tombamento;Com Vitimas Feridas;Plena Noite;Chuva;Reta
sexta-feira;MA;Desobediencia nas normas de transito pelo condutor;Colisao traseira;Sem Vitimas;Plena Noite;Ceu Claro;Reta
sexta-feira;MG;Pista Escorregadia;Queda de ocupante de veiculo;Com Vitimas Feridas;Plena Noite;Chuva;Retorno Regulamentado
sexta-feira;PR;Falta de Atencao Conducao;Colisao lateral;Com Vitimas Feridas;Plena Noite;Ceu Claro;Reta
sexta-feira;SC;Falta de Atencao Conducao;Colisao com objeto estatico;Com Vitimas Feridas;Plena Noite;Ceu Claro;Tunel
sexta-feira;GO;Falta de Atencao Conducao;Saida de leito carrocavel;Com Vitimas Feridas;Plena Noite;Nublado;Reta
sexta-feira;RJ;Nao guardar distancia de seguranca;Colisao traseira;Com Vitimas Feridas;Plena Noite;Ceu Claro;Reta
sexta-feira;SC;Falta de Atencao Conducao;Colisao frontal;Com Vitimas Feridas;Plena Noite;Nublado;Curva
sexta-feira;BA;Condutor Dormindo;Queda de ocupante de veiculo;Com Vitimas Feridas;Plena Noite;Ceu Claro;Reta
sexta-feira;SC;Falta de Atencao Conducao;Colisao transversal;Com Vitimas Feridas;Anoitecer;Ceu Claro;Reta
sexta-feira;RJ;Defeito na Via;Atropelamento de Pedestre;Com Vitimas Feridas;Plena Noite;Chuva;Reta