dia_semana;uf;causa_acidente;tipo_acidente;classificacao_acidente;fase_dia;condicao_metereologica;tracado_via
sexta-feira;SC;Falta de Atencao Conducao;Colisao transversal;Com Vitimas Feridas;Plena Noite;Ceu Claro;Reta
sexta-feira;PA;Condutor Dormindo;Tombamento;Com Vitimas Feridas;Plena Noite;Nublado;Reta
sexta-feira;PI;Velocidade Incompativel;Capotamento;Sem Vitimas;Plena Noite;Nublado;Reta
sexta-feira;MG;Falta de Atencao Conducao;Queda de ocupante de veiculo;Com Vitimas Feridas;Plena Noite;Nublado;Curva
sexta-feira;RJ;Velocidade Incompativel;Saida de leito carrocavel;Com Vitimas Feridas;Plena Noite;Ceu Claro;Intersecao de vias
sexta-feira;TO;Ultrapassagem Indevida;Colisao frontal;Com Vitimas Fatais;Plena Noite;Garoa/Chuvisco;Reta
sexta-feira;PR;Ingestao de Alcool;Saida de leito carrocavel;Com Vitimas Feridas;Plena Noite;Ceu Claro;Intersecao de vias
sexta-feira;RJ;Falta de Atencao Conducao;Colisao frontal;Sem Vitimas;Plena Noite;Chuva;Reta
sexta-feira;MG;Falta de Atencao Conducao;Tombamento;Com Vitimas Feridas;Plena Noite;Ignorado;Reta
sabado;MG;Velocidade Incompativel;Capotamento;Com Vitimas Feridas;Plena Noite;Nublado;Curva
sabado;GO;Ingestao de Alcool;Colisao com objeto estatico;Sem Vitimas;Plena Noite;Nublado;Retorno Regulamentado
sabado;PR;Ingestao de Alcool;Colisao traseira;Com Vitimas Feridas;Plena Noite;Ceu Claro;Reta
sabado;SP;Falta de Atencao do Pedestre;Atropelamento de Pedestre;Com Vitimas Fatais;Plena Noite;Nublado;Reta
sexta-feira;SP;Agressao Externa;Colisao lateral;Sem Vitimas;Plena Noite;Ceu Claro;Reta
sexta-feira;MG;Pista Escorregadia;Queda de ocupante de veiculo;Com Vitimas Feridas;Plena Noite;Chuva;Curva
sabado;SP;Falta de Atencao Conducao;Capotamento;Com Vitimas Feridas;Plena Noite;Chuva;Curva
sabado;PR;Ingestao de Alcool;Colisao com objeto estatico;Com Vitimas Feridas;Plena Noite;Ceu Claro;Reta
sabado;RS;Falta de Atencao Conducao;Colisao lateral;Sem Vitimas;Plena Noite;Ceu Claro;Reta
sabado;PR;Desobedincia nas normas de transito pelo pedestre;Atropelamento de Pedestre;Com Vitimas Feridas;Plena Noite;Ceu Claro;Reta
sabado;SP;Nao guardar distancia de seguranca;Colisao traseira;Sem Vitimas;Plena Noite;Garoa/Chuvisco;Reta
sabado;RJ;Pista Escorregadia;Saida de leito carrocavel;Com Vitimas Feridas;Plena Noite;Chuva;Reta
sabado;PR;Ingestao de Alcool;Saida de leito carrocavel;Sem Vitimas;Plena Noite;Nublado;Viaduto
sabado;SP;Defeito Mecanico no Veiculo;Colisao com objeto estatico;Sem Vitimas;Plena Noite;Chuva;Reta
sabado;PR;Falta de Atencao Conducao;Queda de ocupante de veiculo;Com Vitimas Feridas;Plena Noite;Nublado;Curva
sabado;AP;Ingestao de Alcool;Colisao frontal;Com Vitimas Feridas;Plena Noite;Ceu Claro;Reta
sabado;SC;Velocidade Incompativel;Colisao com objeto estatico;Sem Vitimas;Plena Noite;Ceu Claro;Reta
sabado;RJ;Velocidade Incompativel;Colisao traseira;Com Vitimas Feridas;Plena Noite;Chuva;Reta
sabado;DF;Falta de Atencao Conducao;Colisao traseira;Sem Vitimas;Plena Noite;Ceu Claro;Reta
sabado;SP;Ingestao de Alcool;Colisao traseira;Com Vitimas Feridas;Plena Noite;Nublado;Reta
sabado;SP;Velocidade Incompativel;Colisao com objeto estatico;Sem Vitimas;Plena Noite;Garoa/Chuvisco;Curva
sabado;RS;Falta de Atencao Conducao;Saida de leito carrocavel;Com Vitimas Feridas;Plena Noite;Ceu Claro;Reta
sabado;RS;Ingestao de Alcool;Saida de leito carrocavel;Com Vitimas Feridas;Plena Noite;Ceu Claro;Nao Informado
sabado;ES;Falta de Atencao Conducao;Colisao com objeto estatico;Sem Vitimas;Amanhecer;Ceu Claro;Reta
sabado;MA;Desobediencia nas normas de transito pelo condutor;Colisao transversal;Com Vitimas Fatais;Plena Noite;Nublado;Reta
sabado;SC;Falta de Atencao Conducao;Colisao com objeto estatico;Sem Vitimas;Plena Noite;Ceu Claro;Desvio Temporario
sabado;SP;Falta de Atencao Conducao;Colisao traseira;Com Vitimas Feridas;Amanhecer;Ceu Claro;Reta
sabado;SC;Ingestao de Alcool;Colisao traseira;Com Vitimas Feridas;Plena Noite;Nublado;Reta
sabado;SC;Falta de Atencao Conducao;Saida de leito carrocavel;Com Vitimas Feridas;Plena Noite;Ceu Claro;Reta
sabado;DF;Falta de Atencao Conducao;Saida de leito carrocavel;Com Vitimas Feridas;Amanhecer;Nublado;Reta
sabado;MG;Condutor Dormindo;Colisao frontal;Com Vitimas Fatais;Amanhecer;Nublado;Nao Informado
sabado;SE;Falta de Atencao Conducao;Colisao traseira;Com Vitimas Fatais;Amanhecer;Nublado;Curva
sabado;MT;Desobediencia nas normas de transito pelo condutor;Colisao traseira;Com Vitimas Fatais;Amanhecer;Chuva;Retorno Regulamentado
sabado;SC;Nao guardar distancia de seguranca;Colisao traseira;Com Vitimas Feridas;Amanhecer;Sol;Nao Informado
sabado;MA;Falta de Atencao Conducao;Saida de leito carrocavel;Com Vitimas Feridas;Plena Noite;Ceu Claro;Reta
sabado;MS;Animais na Pista;Saida de leito carrocavel;Com Vitimas Feridas;Amanhecer;Ceu Claro;Reta
sabado;PR;Falta de Atencao Conducao;Saida de leito carrocavel;Com Vitimas Feridas;Plena Noite;Ceu Claro;Nao Informado
sabado;CE;Condutor Dormindo;Saida de leito carrocavel;Com Vitimas Feridas;Plena Noite;Ceu Claro;Reta
sabado;BA;Condutor Dormindo;Colisao traseira;Sem Vitimas;Pleno dia;Ceu Claro;Reta
sabado;RO;Desobediencia nas normas de transito pelo condutor;Colisao frontal;Com Vitimas Fatais;Amanhecer;Ceu Claro;Reta
sexta-feira;PA;Animais na Pista;Atropelamento de Animal;Com Vitimas Feridas;Plena Noite;Nublado;Reta
sabado;SC;Ingestao de Alcool;Colisao com objeto estatico;Com Vitimas Feridas;Plena Noite;Ceu Claro;Rotatoria
sabado;MG;Animais na Pista;Atropelamento de Animal;Com Vitimas Fatais;Plena Noite;Chuva;Nao Informado
sabado;RS;Desobediencia nas normas de transito pelo condutor;Colisao frontal;Com Vitimas Feridas;Amanhecer;Ceu Claro;Curva
sabado;SC;Falta de Atencao Conducao;Colisao traseira;Com Vitimas Feridas;Pleno dia;Ceu Claro;Reta
sexta-feira;ES;Falta de Atencao Conducao;Tombamento;Com Vitimas Feridas;Plena Noite;Ceu Claro;Reta
sabado;CE;Velocidade Incompativel;Tombamento;Sem Vitimas;Pleno dia;Ceu Claro;Curva
domingo;TO;Ingestao de Alcool;Colisao transversal;Com Vitimas Feridas;Pleno dia;Ceu Claro;Intersecao de vias
sabado;SP;Falta de Atencao Conducao;Colisao traseira;Com Vitimas Feridas;Amanhecer;Ceu Claro;Reta
quinta-feira;SC;Falta de Atencao Conducao;Colisao traseira;Com Vitimas Feridas;Plena Noite;Ceu Claro;Reta
sabado;SC;Nao guardar distancia de seguranca;Colisao traseira;Com Vitimas Feridas;Pleno dia;Ceu Claro;Reta
sabado;BA;Desobediencia nas normas de transito pelo condutor;Colisao transversal;Com Vitimas Feridas;Pleno dia;Ceu Claro;Reta
sabado;PE;Falta de Atencao Conducao;Colisao lateral;Sem Vitimas;Pleno dia;Ceu Claro;Nao Informado
sabado;BA;Falta de Atencao Conducao;Colisao traseira;Com Vitimas Feridas;Pleno dia;Ceu Claro;Nao Informado
sabado;ES;Condutor Dormindo;Saida de leito carrocavel;Com Vitimas Feridas;Pleno dia;Ceu Claro;Curva
sabado;BA;Ingestao de Alcool;Colisao lateral;Sem Vitimas;Pleno dia;Ceu Claro;Curva
sabado;PR;Desobediencia nas normas de transito pelo condutor;Colisao lateral;Com Vitimas Feridas;Pleno dia;Ceu Claro;Reta
sabado;MG;Velocidade Incompativel;Colisao frontal;Com Vitimas Feridas;Pleno dia;Chuva;Curva
sabado;SC;Falta de Atencao Conducao;Colisao traseira;Sem Vitimas;Pleno dia;Sol;Reta
sabado;BA;Nao guardar distancia de seguranca;Colisao traseira;Sem Vitimas;Pleno dia;Ceu Claro;Reta
sabado;GO;Ultrapassagem Indevida;Colisao lateral;Com Vitimas Feridas;Pleno dia;Nublado;Reta
sabado;SC;Falta de Atencao Conducao;Colisao transversal;Com Vitimas Feridas;Pleno dia;Ceu Claro;Reta
sabado;PA;Nao guardar distancia de seguranca;Colisao lateral;Com Vitimas Feridas;Pleno dia;Ceu Claro;Reta
sabado;MS;Defeito na Via;Colisao frontal;Com Vitimas Feridas;Pleno dia;Nublado;Reta
sabado;SC;Falta de Atencao Conducao;Colisao lateral;Com Vitimas Feridas;Pleno dia;Ceu Claro;Reta
sabado;PR;Velocidade Incompativel;Saida de leito carrocavel;Com Vitimas Feridas;Pleno dia;Ceu Claro;Desvio Temporario
sabado;PI;Nao guardar distancia de seguranca;Colisao lateral;Sem Vitimas;Pleno dia;Sol;Reta
sabado;PE;Falta de Atencao Conducao;Colisao lateral;Com Vitimas Feridas;Pleno dia;Garoa/Chuvisco;Curva
sabado;ES;Falta de Atencao Conducao;Colisao transversal;Com Vitimas Feridas;Pleno dia;Nublado;Reta
sabado;MT;Desobediencia nas normas de transito pelo condutor;Colisao lateral;Com Vitimas Feridas;Pleno dia;Sol;Reta
sabado;MG;Velocidade Incompativel;Saida de leito carrocavel;Com Vitimas Feridas;Pleno dia;Chuva;Reta
sabado;PR;Nao guardar distancia de seguranca;Colisao traseira;Com Vitimas Feridas;Pleno dia;Ceu Claro;Reta
sabado;MA;Falta de Atencao Conducao;Tombamento;Sem Vitimas;Pleno dia;Ceu Claro;Reta
sabado;RN;Desobediencia nas normas de transito pelo condutor;Colisao transversal;Com Vitimas Feridas;Pleno dia;Ceu Claro;Retorno Regulamentado
sexta-feira;PI;Nao guardar distancia de seguranca;Colisao traseira;Com Vitimas Feridas;Plena Noite;Nublado;Reta
sabado;SC;Falta de Atencao Conducao;Colisao lateral;Com Vitimas Feridas;Pleno dia;Ceu Claro;Reta
sabado;SP;Falta de Atencao Conducao;Colisao com objeto estatico;Com Vitimas Feridas;Pleno dia;Ceu Claro;Reta
sabado;PI;Falta de Atencao Conducao;Colisao transversal;Com Vitimas Feridas;Pleno dia;Ceu Claro;Intersecao de vias
sabado;SC;Falta de Atencao Conducao;Engavetamento;Com Vitimas Feridas;Pleno dia;Ceu Claro;Reta
sabado;PR;Falta de Atencao Conducao;Capotamento;Sem Vitimas;Pleno dia;Sol;Nao Informado
sabado;PE;Falta de Atencao do Pedestre;Atropelamento de Pedestre;Com Vitimas Feridas;Pleno dia;Ceu Claro;Reta
sabado;SC;Desobediencia nas normas de transito pelo condutor;Colisao transversal;Com Vitimas Feridas;Pleno dia;Sol;Retorno Regulamentado
sabado;MG;Condutor Dormindo;Saida de leito carrocavel;Com Vitimas Feridas;Pleno dia;Nublado;Reta
sabado;SC;Defeito na Via;Queda de ocupante de veiculo;Com Vitimas Feridas;Pleno dia;Ceu Claro;Retorno Regulamentado
sabado;SP;Nao guardar distancia de seguranca;Engavetamento;Com Vitimas Feridas;Pleno dia;Nublado;Reta
sabado;PE;Falta de Atencao Conducao;Saida de leito carrocavel;Com Vitimas Fatais;Pleno dia;Ceu Claro;Reta
sabado;SC;Desobediencia nas normas de transito pelo condutor;Colisao frontal;Com Vitimas Feridas;Pleno dia;Ceu Claro;Reta
sabado;PA;Nao guardar distancia de seguranca;Colisao traseira;Com Vitimas Feridas;Pleno dia;Ceu Claro;Reta
terca-feira;MS;Pista Escorregadia;Capotamento;Com Vitimas Feridas;Pleno dia;Chuva;Curva
sabado;SC;Pista Escorregadia;Tombamento;Com Vitimas Feridas;Pleno dia;Sol;Curva
sabado;ES;Nao guardar distancia de seguranca;Capotamento;Com Vitimas Feridas;Pleno dia;Ceu Claro;Reta
sabado;PA;Defeito Mecanico no Veiculo;Engavetamento;Sem Vitimas;Pleno dia;Ceu Claro;Reta
sabado;MT;Falta de Atencao Conducao;Colisao transversal;Com Vitimas Feridas;Pleno dia;Ceu Claro;Rotatoria
sabado;SC;Nao guardar distancia de seguranca;Colisao traseira;Com Vitimas Feridas;Pleno dia;Ceu Claro;Reta
sabado;SC;Nao guardar distancia de seguranca;Colisao traseira;Sem Vitimas;Pleno dia;Ceu Claro;Reta
sabado;MG;Falta de Atencao Conducao;Saida de leito carrocavel;Com Vitimas Feridas;Pleno dia;Ceu Claro;Reta
sabado;RS;Mal Subito;Saida de leito carrocavel;Com Vitimas Feridas;Pleno dia;Sol;Curva
sabado;BA;Falta de Atencao Conducao;Colisao transversal;Com Vitimas Feridas;Pleno dia;Ceu Claro;Intersecao de vias
sabado;PR;Desobediencia nas normas de transito pelo condutor;Colisao lateral;Sem Vitimas;Pleno dia;Sol;Intersecao de vias
sabado;MS;Nao guardar distancia de seguranca;Colisao traseira;Com Vitimas Feridas;Pleno dia;Sol;Reta
sabado;MG;Pista Escorregadia;Capotamento;Com Vitimas Feridas;Pleno dia;Chuva;Curva
sabado;GO;Ingestao de Alcool e/ou substancias psicoativas pelo pedestre;Colisao traseira;Com Vitimas Feridas;Pleno dia;Chuva;Curva
sabado;ES;Falta de Atencao Conducao;Colisao traseira;Com Vitimas Fatais;Pleno dia;Sol;Reta
sabado;MG;Pista Escorregadia;Saida de leito carrocavel;Sem Vitimas;Pleno dia;Chuva;Curva
sabado;RS;Defeito na Via;Saida de leito carrocavel;Com Vitimas Feridas;Pleno dia;Ceu Claro;Reta
sabado;SC;Falta de Atencao Conducao;Colisao transversal;Com Vitimas Feridas;Pleno dia;Ceu Claro;Curva
sabado;PR;Falta de Atencao Conducao;Colisao traseira;Com Vitimas Feridas;Pleno dia;Ceu Claro;Reta
sabado;BA;Nao guardar distancia de seguranca;Colisao traseira;Com Vitimas Feridas;Pleno dia;Ceu Claro;Reta
sabado;CE;Falta de Atencao Conducao;Colisao traseira;Sem Vitimas;Pleno dia;Garoa/Chuvisco;Viaduto
sabado;SC;Defeito Mecanico no Veiculo;Tombamento;Com Vitimas Feridas;Pleno dia;Ceu Claro;Reta
sabado;BA;Falta de Atencao Conducao;Saida de leito carrocavel;Com Vitimas Feridas;Pleno dia;Ceu Claro;Intersecao de vias
sabado;MG;Pista Escorregadia;Capotamento;Com Vitimas Feridas;Pleno dia;Chuva;Nao Informado
sabado;ES;Falta de Atencao Conducao;Saida de leito carrocavel;Com Vitimas Feridas;Pleno dia;Ceu Claro;Curva
sabado;RJ;Falta de Atencao Conducao;Colisao transversal;Com Vitimas Feridas;Pleno dia;Nublado;Reta
sabado;MG;Falta de Atencao Conducao;Colisao traseira;Com Vitimas Feridas;Pleno dia;Ceu Claro;Reta
sabado;PB;Desobediencia nas normas de transito pelo condutor;Colisao lateral;Com Vitimas Feridas;Pleno dia;Ceu Claro;Reta
sabado;PR;Ingestao de Alcool;Colisao traseira;Com Vitimas Feridas;Pleno dia;Nublado;Reta
domingo;SC;Ingestao de Alcool;Danos eventuais;Sem Vitimas;Plena Noite;Ceu Claro;Reta
sabado;RJ;Falta de Atencao Conducao;Colisao frontal;Com Vitimas Fatais;Pleno dia;Ceu Claro;Reta
sabado;PR;Defeito Mecanico no Veiculo;Colisao transversal;Com Vitimas Feridas;Pleno dia;Ceu Claro;Nao Informado
sabado;CE;Pista Escorregadia;Colisao traseira;Com Vitimas Feridas;Pleno dia;Chuva;Desvio Temporario
sabado;ES;Nao guardar distancia de seguranca;Colisao traseira;Com Vitimas Feridas;Pleno dia;Chuva;Reta
sabado;MG;Velocidade Incompativel;Saida de leito carrocavel;Com Vitimas Feridas;Pleno dia;Chuva;Curva
sabado;RS;Velocidade Incompativel;Saida de leito carrocavel;Com Vitimas Fatais;Pleno dia;Sol;Reta
sabado;CE;Desobediencia nas normas de transito pelo condutor;Colisao traseira;Com Vitimas Feridas;Pleno dia;Ceu Claro;Reta
sabado;PR;Falta de Atencao Conducao;Capotamento;Com Vitimas Feridas;Pleno dia;Ceu Claro;Reta
sabado;SC;Falta de Atencao Conducao;Saida de leito carrocavel;Com Vitimas Feridas;Pleno dia;Ceu Claro;Curva
sabado;SC;Falta de Atencao Conducao;Colisao lateral;Com Vitimas Feridas;Pleno dia;Ceu Claro;Nao Informado
sabado;RJ;Pista Escorregadia;Saida de leito carrocavel;Com Vitimas Feridas;Amanhecer;Garoa/Chuvisco;Reta
sabado;MS;Desobediencia nas normas de transito pelo condutor;Colisao transversal;Com Vitimas Feridas;Pleno dia;Ceu Claro;Nao Informado
sabado;PR;Defeito Mecanico no Veiculo;Saida de leito carrocavel;Com Vitimas Feridas;Pleno dia;Sol;Reta
sabado;SP;Nao guardar distancia de seguranca;Colisao traseira;Com Vitimas Feridas;Pleno dia;Nublado;Reta
sabado;CE;Ultrapassagem Indevida;Colisao frontal;Com Vitimas Feridas;Pleno dia;Chuva;Reta
sabado;MG;Velocidade Incompativel;Colisao com objeto estatico;Sem Vitimas;Pleno dia;Chuva;Curva
sabado;RJ;Falta de Atencao Conducao;Colisao traseira;Com Vitimas Feridas;Pleno dia;Ceu Claro;Reta
sabado;CE;Ingestao de Alcool;Tombamento;Com Vitimas Feridas;Pleno dia;Sol;Reta
sabado;RJ;Falta de Atencao Conducao;Colisao frontal;Com Vitimas Fatais;Amanhecer;Nublado;Curva
sabado;MG;Falta de Atencao Conducao;Colisao traseira;Com Vitimas Feridas;Pleno dia;Ceu Claro;Curva
sabado;MG;Desobediencia nas normas de transito pelo condutor;Colisao frontal;Com Vitimas Feridas;Pleno dia;Ceu Claro;Curva
sabado;PR;Ingestao de Alcool;Colisao lateral;Sem Vitimas;Pleno dia;Sol;Curva
sabado;BA;Desobedincia nas normas de transito pelo pedestre;Atropelamento de Pedestre;Com Vitimas Fatais;Pleno dia;Ceu Claro;Reta
sabado;DF;Pista Escorregadia;Engavetamento;Sem Vitimas;Anoitecer;Chuva;Reta
sabado;PR;Falta de Atencao Conducao;Colisao traseira;Com Vitimas Feridas;Pleno dia;Ceu Claro;Reta
sabado;PR;Desobediencia nas normas de transito pelo condutor;Colisao lateral;Com Vitimas Feridas;Pleno dia;Ceu Claro;Nao Informado
sabado;MG;Mal Subito;Colisao com objeto estatico;Com Vitimas Fatais;Anoitecer;Ceu Claro;Curva
sabado;GO;Ingestao de Alcool;Colisao lateral;Com Vitimas Feridas;Pleno dia;Ceu Claro;Rotatoria
sabado;MG;Falta de Atencao Conducao;Saida de leito carrocavel;Com Vitimas Fatais;Pleno dia;Nublado;Reta
sabado;DF;Pista Escorregadia;Saida de leito carrocavel;Sem Vitimas;Pleno dia;Chuva;Reta
sabado;RO;Falta de Atencao Conducao;Colisao traseira;Com Vitimas Feridas;Pleno dia;Nublado;Reta
sabado;BA;Ingestao de Alcool;Colisao transversal;Com Vitimas Feridas;Pleno dia;Ceu Claro;Intersecao de vias
sabado;GO;Ingestao de Alcool;Queda de ocupante de veiculo;Com Vitimas Feridas;Anoitecer;Nublado;Desvio Temporario
sabado;CE;Desobediencia nas normas de transito pelo condutor;Colisao transversal;Com Vitimas Feridas;Anoitecer;Chuva;Reta
sabado;SC;Falta de Atencao Conducao;Colisao transversal;Com Vitimas Feridas;Pleno dia;Ceu Claro;Reta
sabado;GO;Nao guardar distancia de seguranca;Colisao traseira;Com Vitimas Feridas;Anoitecer;Chuva;Reta
sabado;CE;Ingestao de Alcool;Colisao transversal;Com Vitimas Feridas;Anoitecer;Garoa/Chuvisco;Reta
sabado;RJ;Falta de Atencao Conducao;Colisao lateral;Com Vitimas Feridas;Pleno dia;Ceu Claro;Reta
sabado;RJ;Desobediencia nas normas de transito pelo condutor;Colisao transversal;Com Vitimas Feridas;Pleno dia;Nublado;Reta
sabado;SP;Defeito Mecanico no Veiculo;Queda de ocupante de veiculo;Com Vitimas Feridas;Pleno dia;Ceu Claro;Reta
sabado;BA;Ingestao de Alcool;Colisao traseira;Com Vitimas Feridas;Anoitecer;Ceu Claro;Reta
sabado;SC;Falta de Atencao Conducao;Colisao lateral;Com Vitimas Feridas;Anoitecer;Ceu Claro;Reta
sabado;MG;Falta de Atencao Conducao;Colisao traseira;Com Vitimas Feridas;Pleno dia;Ceu Claro;Reta
sexta-feira;MG;Nao guardar distancia de seguranca;Colisao traseira;Com Vitimas Feridas;Pleno dia;Ceu Claro;Reta
sabado;SC;Nao guardar distancia de seguranca;Colisao traseira;Sem Vitimas;Pleno dia;Sol;Reta
sabado;SP;Falta de Atencao Conducao;Colisao transversal;Com Vitimas Feridas;Pleno dia;Garoa/Chuvisco;Reta
sabado;RS;Nao guardar distancia de seguranca;Colisao traseira;Com Vitimas Feridas;Pleno dia;Ceu Claro;Reta
sabado;RS;Velocidade Incompativel;Tombamento;Com Vitimas Feridas;Pleno dia;Ceu Claro;Reta
sabado;PA;Ingestao de Alcool;Colisao transversal;Com Vitimas Feridas;Pleno dia;Nublado;Intersecao de vias
sabado;PR;Ingestao de Alcool;Colisao lateral;Sem Vitimas;Pleno dia;Ceu Claro;Reta
sabado;RJ;Falta de Atencao Conducao;Queda de ocupante de veiculo;Com Vitimas Feridas;Anoitecer;Nublado;Reta
sabado;SP;Defeito Mecanico no Veiculo;Queda de ocupante de veiculo;Com Vitimas Feridas;Pleno dia;Garoa/Chuvisco;Reta
sabado;MG;Desobediencia nas normas de transito pelo condutor;Colisao frontal;Sem Vitimas;Pleno dia;Ceu Claro;Nao Informado
sabado;ES;Desobediencia nas normas de transito pelo condutor;Colisao transversal;Com Vitimas Feridas;Anoitecer;Ceu Claro;Reta
sabado;SC;Nao guardar distancia de seguranca;Colisao traseira;Com Vitimas Feridas;Anoitecer;Nublado;Reta
sabado;MG;Ultrapassagem Indevida;Tombamento;Com Vitimas Feridas;Anoitecer;Ceu Claro;Curva
sabado;PR;Ingestao de Alcool;Colisao transversal;Com Vitimas Feridas;Anoitecer;Ceu Claro;Nao Informado
sabado;GO;Defeito Mecanico no Veiculo;Capotamento;Com Vitimas Feridas;Anoitecer;Ceu Claro;Reta
sabado;GO;Falta de Atencao Conducao;Colisao transversal;Com Vitimas Feridas;Plena Noite;Nublado;Intersecao de vias
sabado;RJ;Velocidade Incompativel;Colisao lateral;Com Vitimas Feridas;Anoitecer;Chuva;Curva
sabado;RJ;Falta de Atencao Conducao;Capotamento;Com Vitimas Feridas;Anoitecer;Chuva;Reta
sabado;BA;Falta de Atencao Conducao;Colisao transversal;Com Vitimas Feridas;Plena Noite;Ceu Claro;Reta
sabado;ES;Falta de Atencao Conducao;Atropelamento de Pedestre;Com Vitimas Feridas;Anoitecer;Nublado;Reta
sabado;MG;Falta de Atencao Conducao;Colisao transversal;Com Vitimas Feridas;Plena Noite;Ceu Claro;Intersecao de vias
sabado;CE;Desobediencia nas normas de transito pelo condutor;Atropelamento de Pedestre;Com Vitimas Feridas;Plena Noite;Garoa/Chuvisco;Nao Informado
sabado;MG;Falta de Atencao Conducao;Saida de leito carrocavel;Com Vitimas Feridas;Pleno dia;Chuva;Reta
sabado;MG;Falta de Atencao Conducao;Colisao traseira;Com Vitimas Feridas;Plena Noite;Nublado;Reta
quarta-feira;MG;Nao guardar distancia de seguranca;Tombamento;Com Vitimas Feridas;Amanhecer;Ceu Claro;Reta
sabado;MG;Nao guardar distancia de seguranca;Engavetamento;Com Vitimas Feridas;Plena Noite;Nublado;Reta
sabado;PR;Ingestao de Alcool;Colisao transversal;Com Vitimas Feridas;Plena Noite;Ceu Claro;Reta
sabado;PR;Desobediencia nas normas de transito pelo condutor;Colisao frontal;Com Vitimas Feridas;Plena Noite;Ceu Claro;Reta
sabado;RS;Desobediencia nas normas de transito pelo condutor;Colisao transversal;Com Vitimas Feridas;Anoitecer;Ceu Claro;Curva
sabado;SC;Ingestao de Alcool;Saida de leito carrocavel;Sem Vitimas;Pleno dia;Ceu Claro;Nao Informado
sabado;MT;Avarias e/ou desgaste excessivo no pneu;Saida de leito carrocavel;Com Vitimas Feridas;Pleno dia;Chuva;Reta
sabado;MG;Velocidade Incompativel;Saida de leito carrocavel;Sem Vitimas;Anoitecer;Chuva;Curva
sabado;RN;Desobediencia nas normas de transito pelo condutor;Colisao transversal;Com Vitimas Feridas;Plena Noite;Nublado;Reta
sabado;AL;Ingestao de Alcool;Atropelamento de Pedestre;Com Vitimas Fatais;Plena Noite;Ceu Claro;Reta
sabado;ES;Ingestao de Alcool e/ou substancias psicoativas pelo pedestre;Colisao lateral;Com Vitimas Feridas;Plena Noite;Ceu Claro;Curva
sabado;PR;Velocidade Incompativel;Tombamento;Sem Vitimas;Plena Noite;Ceu Claro;Reta
sabado;PE;Ingestao de Alcool;Colisao traseira;Com Vitimas Feridas;Plena Noite;Nublado;Reta
sabado;GO;Falta de Atencao Conducao;Atropelamento de Pedestre;Com Vitimas Feridas;Plena Noite;Chuva;Reta
sabado;RR;Restricao de Visibilidade;Colisao traseira;Com Vitimas Fatais;Plena Noite;Ceu Claro;Reta
sabado;AM;Defeito na Via;Colisao frontal;Com Vitimas Feridas;Pleno dia;Ceu Claro;Curva
sabado;RS;Falta de Atencao Conducao;Colisao lateral;Com Vitimas Feridas;Plena Noite;Ceu Claro;Reta
sabado;RS;Defeito Mecanico no Veiculo;Incendio;Sem Vitimas;Plena Noite;Ceu Claro;Nao Informado
sabado;BA;Ingestao de Alcool;Colisao traseira;Com Vitimas Feridas;Anoitecer;Ceu Claro;Reta
sabado;RJ;Velocidade Incompativel;Colisao com objeto estatico;Sem Vitimas;Plena Noite;Nublado;Nao Informado
sabado;PR;Condutor Dormindo;Capotamento;Com Vitimas Feridas;Plena Noite;Nublado;Reta
sabado;PA;Velocidade Incompativel;Tombamento;Com Vitimas Feridas;Anoitecer;Nublado;Curva
sabado;MA;Falta de Atencao Conducao;Queda de ocupante de veiculo;Com Vitimas Feridas;Plena Noite;Garoa/Chuvisco;Reta
sabado;RS;Ingestao de Alcool;Colisao lateral;Sem Vitimas;Plena Noite;Ceu Claro;Reta
sabado;SC;Falta de Atencao Conducao;Colisao lateral;Com Vitimas Feridas;Plena Noite;Nublado;Reta
sabado;PI;Ingestao de Alcool;Tombamento;Sem Vitimas;Plena Noite;Nublado;Reta
sabado;BA;Desobediencia nas normas de transito pelo condutor;Colisao frontal;Com Vitimas Feridas;Plena Noite;Ceu Claro;Reta
sabado;PR;Falta de Atencao Conducao;Colisao transversal;Com Vitimas Feridas;Plena Noite;Ceu Claro;Nao Informado
sabado;PB;Velocidade Incompativel;Tombamento;Com Vitimas Fatais;Plena Noite;Nublado;Curva
sabado;MG;Velocidade Incompativel;Colisao frontal;Com Vitimas Feridas;Plena Noite;Chuva;Curva
sabado;SC;Restricao de Visibilidade;Atropelamento de Pedestre;Com Vitimas Feridas;Plena Noite;Ceu Claro;Reta
sabado;RS;Desobediencia nas normas de transito pelo condutor;Colisao transversal;Com Vitimas Feridas;Plena Noite;Ceu Claro;Reta
sabado;MS;Defeito Mecanico no Veiculo;Saida de leito carrocavel;Sem Vitimas;Pleno dia;Ceu Claro;Reta
sabado;SC;Velocidade Incompativel;Colisao lateral;Com Vitimas Feridas;Plena Noite;Ceu Claro;Reta
sabado;PR;Ingestao de Alcool;Colisao lateral;Sem Vitimas;Plena Noite;Nublado;Reta
sabado;GO;Falta de Atencao Conducao;Colisao transversal;Sem Vitimas;Plena Noite;Garoa/Chuvisco;Reta
sabado;PR;Falta de Atencao Conducao;Colisao traseira;Com Vitimas Feridas;Plena Noite;Ceu Claro;Reta
sabado;PR;Ingestao de Alcool;Atropelamento de Pedestre;Com Vitimas Feridas;Plena Noite;Nublado;Reta