dia_semana;uf;causa_acidente;tipo_acidente;classificacao_acidente;fase_dia;condicao_metereologica;tracado_via
quarta-feira;PA;Deficincia ou nao Acionamento do Sistema de Iluminacao/Sinalizacao do Veiculo;Colisao traseira;Com Vitimas Feridas;Plena Noite;Nublado;Reta
quarta-feira;RJ;Defeito Mecanico no Veiculo;Incendio;Sem Vitimas;Plena Noite;Ceu Claro;Reta
quarta-feira;SC;Falta de Atencao Conducao;Colisao traseira;Com Vitimas Feridas;Plena Noite;Nublado;Reta
quarta-feira;RO;Desobediencia nas normas de transito pelo condutor;Colisao traseira;Com Vitimas Feridas;Pleno dia;Nublado;Reta
quarta-feira;SC;Falta de Atencao do Pedestre;Atropelamento de Pedestre;Com Vitimas Fatais;Plena Noite;Ceu Claro;Reta
sexta-feira;PR;Velocidade Incompativel;Tombamento;Com Vitimas Feridas;Plena Noite;Nublado;Curva
quarta-feira;MT;Falta de Atencao Conducao;Saida de leito carrocavel;Com Vitimas Feridas;Pleno dia;Ceu Claro;Curva
quarta-feira;CE;Pista Escorregadia;Saida de leito carrocavel;Com Vitimas Feridas;Plena Noite;Chuva;Reta
quarta-feira;MS;Animais na Pista;Atropelamento de Animal;Com Vitimas Feridas;Plena Noite;Ceu Claro;Reta
quarta-feira;RR;Falta de Atencao Conducao;Saida de leito carrocavel;Sem Vitimas;Pleno dia;Ceu Claro;Curva
quarta-feira;MG;Desobediencia nas normas de transito pelo condutor;Colisao transversal;Com Vitimas Feridas;Plena Noite;Ceu Claro;Reta
quarta-feira;PE;Falta de Atencao Conducao;Colisao traseira;Com Vitimas Feridas;Plena Noite;Ceu Claro;Reta
quarta-feira;GO;Falta de Atencao Conducao;Colisao transversal;Com Vitimas Feridas;Pleno dia;Nublado;Reta
quarta-feira;PR;Falta de Atencao Conducao;Capotamento;Sem Vitimas;Plena Noite;Nublado;Reta
quarta-feira;MG;Defeito na Via;Saida de leito carrocavel;Com Vitimas Feridas;Plena Noite;Nublado;Curva
quarta-feira;GO;Falta de Atencao Conducao;Colisao traseira;Com Vitimas Feridas;Plena Noite;Nublado;Nao Informado
quarta-feira;SP;Falta de Atencao Conducao;Colisao traseira;Com Vitimas Feridas;Plena Noite;Garoa/Chuvisco;Reta
quarta-feira;PR;Falta de Atencao do Pedestre;Atropelamento de Pedestre;Com Vitimas Feridas;Plena Noite;Garoa/Chuvisco;Nao Informado
quarta-feira;PR;Falta de Atencao Conducao;Colisao traseira;Com Vitimas Feridas;Plena Noite;Chuva;Reta
quarta-feira;AP;Condutor Dormindo;Tombamento;Com Vitimas Feridas;Anoitecer;Ignorado;Reta
quarta-feira;RS;Restricao de Visibilidade;Colisao transversal;Com Vitimas Feridas;Plena Noite;Ignorado;Reta
quarta-feira;SC;Falta de Atencao Conducao;Colisao transversal;Sem Vitimas;Plena Noite;Chuva;Reta
quarta-feira;MG;Falta de Atencao Conducao;Colisao lateral;Com Vitimas Feridas;Plena Noite;Ceu Claro;Reta
quarta-feira;MT;Falta de Atencao Conducao;Colisao transversal;Com Vitimas Feridas;Plena Noite;Ceu Claro;Reta
quinta-feira;MG;Defeito Mecanico no Veiculo;Saida de leito carrocavel;Com Vitimas Feridas;Plena Noite;Ceu Claro;Curva
quarta-feira;SC;Velocidade Incompativel;Saida de leito carrocavel;Com Vitimas Feridas;Plena Noite;Chuva;Curva
quinta-feira;PR;Desobedincia nas normas de transito pelo pedestre;Atropelamento de Pedestre;Com Vitimas Feridas;Plena Noite;Nublado;Reta
quarta-feira;MT;Defeito Mecanico no Veiculo;Colisao traseira;Com Vitimas Feridas;Pleno dia;Sol;Reta
quarta-feira;MT;Falta de Atencao Conducao;Colisao traseira;Com Vitimas Fatais;Plena Noite;Ignorado;Reta
quinta-feira;ES;Falta de Atencao Conducao;Colisao com objeto estatico;Com Vitimas Feridas;Amanhecer;Ceu Claro;Reta
quinta-feira;GO;Falta de Atencao Conducao;Colisao lateral;Com Vitimas Feridas;Pleno dia;Ceu Claro;Curva
quinta-feira;RJ;Velocidade Incompativel;Tombamento;Com Vitimas Feridas;Amanhecer;Nublado;Curva
quinta-feira;RJ;Falta de Atencao Conducao;Capotamento;Com Vitimas Feridas;Pleno dia;Ceu Claro;Reta
quinta-feira;MG;Animais na Pista;Atropelamento de Animal;Com Vitimas Feridas;Plena Noite;Nublado;Reta
quinta-feira;SC;Desobediencia nas normas de transito pelo condutor;Colisao transversal;Com Vitimas Feridas;Pleno dia;Nublado;Intersecao de vias
quinta-feira;RR;Falta de Atencao Conducao;Colisao lateral;Com Vitimas Feridas;Amanhecer;Ceu Claro;Ponte
quinta-feira;RJ;Nao guardar distancia de seguranca;Atropelamento de Pedestre;Com Vitimas Fatais;Amanhecer;Ceu Claro;Reta
quinta-feira;MG;Velocidade Incompativel;Tombamento;Com Vitimas Feridas;Pleno dia;Ceu Claro;Nao Informado
quinta-feira;CE;Animais na Pista;Queda de ocupante de veiculo;Com Vitimas Feridas;Pleno dia;Chuva;Reta
terca-feira;ES;Desobediencia nas normas de transito pelo condutor;Colisao transversal;Sem Vitimas;Pleno dia;Sol;Reta
quinta-feira;GO;Desobediencia nas normas de transito pelo condutor;Colisao transversal;Sem Vitimas;Pleno dia;Ceu Claro;Reta
quinta-feira;PR;Nao guardar distancia de seguranca;Colisao traseira;Com Vitimas Feridas;Pleno dia;Chuva;Reta
quinta-feira;MG;Velocidade Incompativel;Saida de leito carrocavel;Sem Vitimas;Plena Noite;Nublado;Curva
quinta-feira;PR;Falta de Atencao Conducao;Colisao traseira;Sem Vitimas;Pleno dia;Chuva;Reta
quinta-feira;MG;Restricao de Visibilidade;Saida de leito carrocavel;Com Vitimas Feridas;Plena Noite;Ceu Claro;Reta
quinta-feira;AL;Falta de Atencao Conducao;Colisao lateral;Com Vitimas Feridas;Pleno dia;Ceu Claro;Reta
quinta-feira;PR;Ultrapassagem Indevida;Saida de leito carrocavel;Com Vitimas Feridas;Amanhecer;Nublado;Reta
quinta-feira;RJ;Falta de Atencao Conducao;Saida de leito carrocavel;Com Vitimas Feridas;Plena Noite;Ceu Claro;Reta
quinta-feira;RS;Falta de Atencao Conducao;Tombamento;Com Vitimas Feridas;Pleno dia;Sol;Reta
quinta-feira;MG;Velocidade Incompativel;Saida de leito carrocavel;Com Vitimas Feridas;Pleno dia;Ceu Claro;Reta
quinta-feira;RS;Falta de Atencao Conducao;Colisao lateral;Com Vitimas Feridas;Pleno dia;Nublado;Rotatoria
quinta-feira;PR;Velocidade Incompativel;Capotamento;Com Vitimas Feridas;Pleno dia;Chuva;Reta
quinta-feira;GO;Falta de Atencao do Pedestre;Atropelamento de Pedestre;Com Vitimas Feridas;Pleno dia;Ceu Claro;Reta
quinta-feira;MS;Defeito Mecanico no Veiculo;Incendio;Com Vitimas Feridas;Pleno dia;Sol;Reta
quinta-feira;SC;Desobediencia nas normas de transito pelo condutor;Colisao lateral;Com Vitimas Feridas;Pleno dia;Ceu Claro;Reta
quarta-feira;PR;Velocidade Incompativel;Tombamento;Sem Vitimas;Pleno dia;Nublado;Curva
quinta-feira;RS;Falta de Atencao Conducao;Tombamento;Com Vitimas Feridas;Pleno dia;Sol;Reta
quarta-feira;PR;Desobediencia nas normas de transito pelo condutor;Colisao frontal;Com Vitimas Feridas;Plena Noite;Chuva;Reta
quinta-feira;RJ;Desobediencia nas normas de transito pelo condutor;Colisao lateral;Com Vitimas Feridas;Pleno dia;Ceu Claro;Reta
quinta-feira;AP;Falta de Atencao Conducao;Colisao transversal;Com Vitimas Feridas;Pleno dia;Nublado;Intersecao de vias
quinta-feira;PE;Falta de Atencao Conducao;Colisao traseira;Sem Vitimas;Pleno dia;Sol;Curva
quinta-feira;DF;Condutor Dormindo;Colisao com objeto estatico;Com Vitimas Feridas;Pleno dia;Ceu Claro;Reta
domingo;BA;Velocidade Incompativel;Tombamento;Com Vitimas Feridas;Pleno dia;Ceu Claro;Curva
quinta-feira;MG;Falta de Atencao Conducao;Saida de leito carrocavel;Com Vitimas Feridas;Pleno dia;Ceu Claro;Reta
sexta-feira;CE;Nao guardar distancia de seguranca;Colisao traseira;Com Vitimas Feridas;Plena Noite;Ceu Claro;Reta
terca-feira;RJ;Animais na Pista;Atropelamento de Animal;Sem Vitimas;Plena Noite;Nevoeiro/Neblina;Reta
quinta-feira;CE;Falta de Atencao Conducao;Colisao traseira;Com Vitimas Feridas;Pleno dia;Nublado;Reta
quinta-feira;RR;Fenomenos da Natureza;Queda de ocupante de veiculo;Com Vitimas Feridas;Pleno dia;Ceu Claro;Reta
quinta-feira;SC;Falta de Atencao Conducao;Colisao com objeto estatico;Sem Vitimas;Pleno dia;Nublado;Viaduto
quinta-feira;SC;Velocidade Incompativel;Colisao frontal;Com Vitimas Feridas;Pleno dia;Chuva;Curva
quinta-feira;SC;Velocidade Incompativel;Saida de leito carrocavel;Com Vitimas Feridas;Pleno dia;Nublado;Curva
quinta-feira;PR;Desobediencia nas normas de transito pelo condutor;Queda de ocupante de veiculo;Com Vitimas Feridas;Pleno dia;Nublado;Intersecao de vias
quinta-feira;RS;Falta de Atencao Conducao;Colisao traseira;Com Vitimas Feridas;Pleno dia;Ceu Claro;Reta
quinta-feira;SC;Falta de Atencao Conducao;Colisao transversal;Com Vitimas Feridas;Pleno dia;Garoa/Chuvisco;Intersecao de vias
quinta-feira;BA;Falta de Atencao Conducao;Colisao lateral;Com Vitimas Feridas;Pleno dia;Ceu Claro;Reta
quinta-feira;RJ;Falta de Atencao Conducao;Colisao transversal;Com Vitimas Feridas;Pleno dia;Ceu Claro;Reta
quinta-feira;MA;Defeito Mecanico no Veiculo;Saida de leito carrocavel;Com Vitimas Feridas;Pleno dia;Ceu Claro;Desvio Temporario
quinta-feira;GO;Pista Escorregadia;Capotamento;Com Vitimas Feridas;Pleno dia;Chuva;Nao Informado
quinta-feira;AP;Falta de Atencao Conducao;Atropelamento de Pedestre;Com Vitimas Feridas;Pleno dia;Chuva;Reta
quinta-feira;PR;Velocidade Incompativel;Colisao com objeto estatico;Com Vitimas Feridas;Pleno dia;Chuva;Curva
quinta-feira;GO;Desobediencia nas normas de transito pelo condutor;Colisao transversal;Com Vitimas Feridas;Pleno dia;Nublado;Rotatoria
quinta-feira;BA;Falta de Atencao Conducao;Colisao traseira;Com Vitimas Feridas;Pleno dia;Sol;Reta
quinta-feira;RS;Falta de Atencao Conducao;Colisao frontal;Com Vitimas Fatais;Pleno dia;Ceu Claro;Reta
quinta-feira;MG;Condutor Dormindo;Colisao com objeto estatico;Com Vitimas Feridas;Pleno dia;Ceu Claro;Reta
quinta-feira;RJ;Condutor Dormindo;Colisao frontal;Com Vitimas Feridas;Pleno dia;Ceu Claro;Reta
quinta-feira;RJ;Falta de Atencao Conducao;Colisao traseira;Com Vitimas Feridas;Pleno dia;Ceu Claro;Reta
quinta-feira;RJ;Falta de Atencao Conducao;Colisao com objeto estatico;Com Vitimas Feridas;Pleno dia;Ceu Claro;Curva
quinta-feira;RN;Nao guardar distancia de seguranca;Colisao traseira;Com Vitimas Feridas;Pleno dia;Nublado;Reta
quinta-feira;PR;Falta de Atencao Conducao;Queda de ocupante de veiculo;Com Vitimas Feridas;Pleno dia;Ceu Claro;Reta
quinta-feira;MG;Falta de Atencao Conducao;Colisao transversal;Com Vitimas Feridas;Pleno dia;Ceu Claro;Reta
quinta-feira;RS;Falta de Atencao Conducao;Colisao lateral;Com Vitimas Feridas;Pleno dia;Chuva;Reta
quinta-feira;SC;Falta de Atencao Conducao;Colisao transversal;Com Vitimas Feridas;Pleno dia;Ceu Claro;Reta
quinta-feira;AC;Desobediencia nas normas de transito pelo condutor;Colisao lateral;Com Vitimas Feridas;Pleno dia;Nublado;Reta
quinta-feira;SE;Desobediencia nas normas de transito pelo condutor;Colisao lateral;Com Vitimas Feridas;Pleno dia;Ceu Claro;Reta
quinta-feira;BA;Nao guardar distancia de seguranca;Colisao transversal;Com Vitimas Feridas;Pleno dia;Ceu Claro;Reta
quinta-feira;MG;Velocidade Incompativel;Capotamento;Com Vitimas Feridas;Pleno dia;Chuva;Curva
quinta-feira;RJ;Desobediencia nas normas de transito pelo condutor;Atropelamento de Pedestre;Com Vitimas Fatais;Pleno dia;Ceu Claro;Reta
quinta-feira;MA;Pista Escorregadia;Capotamento;Com Vitimas Feridas;Pleno dia;Nublado;Curva
quinta-feira;RJ;Falta de Atencao Conducao;Colisao traseira;Com Vitimas Feridas;Pleno dia;Ceu Claro;Reta
quinta-feira;SC;Nao guardar distancia de seguranca;Colisao traseira;Sem Vitimas;Pleno dia;Ceu Claro;Reta
quinta-feira;SP;Velocidade Incompativel;Colisao traseira;Com Vitimas Fatais;Pleno dia;Chuva;Reta
quinta-feira;SP;Falta de Atencao Conducao;Engavetamento;Com Vitimas Feridas;Pleno dia;Chuva;Reta
quinta-feira;RS;Velocidade Incompativel;Colisao transversal;Com Vitimas Feridas;Pleno dia;Nublado;Intersecao de vias
quinta-feira;SP;Falta de Atencao Conducao;Capotamento;Com Vitimas Feridas;Pleno dia;Nublado;Curva
quinta-feira;SC;Desobediencia nas normas de transito pelo condutor;Colisao transversal;Com Vitimas Feridas;Pleno dia;Ceu Claro;Intersecao de vias
quinta-feira;MA;Falta de Atencao Conducao;Saida de leito carrocavel;Com Vitimas Feridas;Pleno dia;Ceu Claro;Reta
quinta-feira;RJ;Condutor Dormindo;Capotamento;Com Vitimas Feridas;Pleno dia;Ceu Claro;Reta
quinta-feira;GO;Nao guardar distancia de seguranca;Engavetamento;Sem Vitimas;Pleno dia;Nublado;Reta
quinta-feira;RN;Falta de Atencao Conducao;Colisao lateral;Com Vitimas Feridas;Plena Noite;Ceu Claro;Reta
quinta-feira;SC;Falta de Atencao Conducao;Colisao lateral;Com Vitimas Feridas;Pleno dia;Nublado;Curva
quinta-feira;GO;Falta de Atencao Conducao;Colisao traseira;Sem Vitimas;Pleno dia;Chuva;Reta
quinta-feira;SP;Falta de Atencao Conducao;Colisao com objeto estatico;Com Vitimas Feridas;Anoitecer;Nublado;Desvio Temporario
quinta-feira;PR;Falta de Atencao Conducao;Colisao transversal;Com Vitimas Feridas;Pleno dia;Ceu Claro;Nao Informado
quinta-feira;RJ;Ingestao de Alcool;Colisao traseira;Sem Vitimas;Anoitecer;Ceu Claro;Reta
quinta-feira;SC;Nao guardar distancia de seguranca;Engavetamento;Com Vitimas Feridas;Pleno dia;Ceu Claro;Reta
quinta-feira;RS;Falta de Atencao do Pedestre;Atropelamento de Pedestre;Com Vitimas Feridas;Pleno dia;Nublado;Reta
quinta-feira;RN;Desobediencia nas normas de transito pelo condutor;Colisao frontal;Com Vitimas Feridas;Plena Noite;Ignorado;Reta
quinta-feira;RS;Falta de Atencao Conducao;Tombamento;Com Vitimas Feridas;Pleno dia;Ceu Claro;Nao Informado
quinta-feira;SC;Desobediencia nas normas de transito pelo condutor;Colisao lateral;Com Vitimas Feridas;Pleno dia;Ceu Claro;Intersecao de vias
quinta-feira;RJ;Nao guardar distancia de seguranca;Capotamento;Com Vitimas Feridas;Pleno dia;Ceu Claro;Curva
quinta-feira;PE;Nao guardar distancia de seguranca;Colisao traseira;Com Vitimas Feridas;Anoitecer;Ceu Claro;Reta
quinta-feira;SC;Falta de Atencao Conducao;Colisao lateral;Com Vitimas Feridas;Anoitecer;Ceu Claro;Reta
quinta-feira;MG;Desobediencia nas normas de transito pelo condutor;Colisao transversal;Com Vitimas Feridas;Plena Noite;Ceu Claro;Intersecao de vias
quinta-feira;PR;Falta de Atencao Conducao;Colisao traseira;Com Vitimas Feridas;Anoitecer;Chuva;Reta
quinta-feira;ES;Nao guardar distancia de seguranca;Colisao traseira;Com Vitimas Feridas;Plena Noite;Nublado;Reta
quinta-feira;AL;Falta de Atencao Conducao;Colisao lateral;Com Vitimas Feridas;Plena Noite;Ceu Claro;Reta
sexta-feira;PB;Avarias e/ou desgaste excessivo no pneu;Colisao traseira;Com Vitimas Feridas;Pleno dia;Sol;Reta
quinta-feira;RJ;Desobediencia nas normas de transito pelo condutor;Colisao lateral;Com Vitimas Feridas;Anoitecer;Ceu Claro;Reta
quinta-feira;RS;Desobediencia nas normas de transito pelo condutor;Colisao transversal;Com Vitimas Feridas;Plena Noite;Ceu Claro;Intersecao de vias
quinta-feira;CE;Falta de Atencao Conducao;Colisao traseira;Com Vitimas Feridas;Plena Noite;Ceu Claro;Reta
quinta-feira;RN;Falta de Atencao Conducao;Colisao traseira;Com Vitimas Feridas;Plena Noite;Ceu Claro;Rotatoria
quinta-feira;PR;Falta de Atencao Conducao;Colisao lateral;Com Vitimas Feridas;Anoitecer;Nublado;Reta
quinta-feira;RS;Falta de Atencao Conducao;Colisao transversal;Com Vitimas Feridas;Anoitecer;Chuva;Intersecao de vias
quinta-feira;RJ;Nao guardar distancia de seguranca;Colisao traseira;Com Vitimas Feridas;Plena Noite;Ceu Claro;Reta
quinta-feira;MG;Condutor Dormindo;Saida de leito carrocavel;Com Vitimas Feridas;Plena Noite;Ceu Claro;Reta
quinta-feira;MA;Falta de Atencao Conducao;Colisao traseira;Com Vitimas Feridas;Plena Noite;Ceu Claro;Reta
quinta-feira;RO;Desobediencia nas normas de transito pelo condutor;Colisao transversal;Com Vitimas Feridas;Plena Noite;Ceu Claro;Reta
quinta-feira;PB;Falta de Atencao do Pedestre;Atropelamento de Pedestre;Com Vitimas Feridas;Plena Noite;Ceu Claro;Reta
quinta-feira;PA;Falta de Atencao Conducao;Saida de leito carrocavel;Com Vitimas Feridas;Plena Noite;Ceu Claro;Ponte
quinta-feira;CE;Falta de Atencao Conducao;Colisao traseira;Com Vitimas Fatais;Plena Noite;Chuva;Reta
quinta-feira;PE;Falta de Atencao Conducao;Colisao traseira;Com Vitimas Feridas;Plena Noite;Nublado;Reta
quinta-feira;RS;Pista Escorregadia;Tombamento;Sem Vitimas;Plena Noite;Garoa/Chuvisco;Reta
quinta-feira;GO;Ingestao de Alcool;Queda de ocupante de veiculo;Com Vitimas Feridas;Plena Noite;Ceu Claro;Nao Informado
quinta-feira;MG;Falta de Atencao Conducao;Tombamento;Com Vitimas Feridas;Plena Noite;Ceu Claro;Reta
quinta-feira;RO;Falta de Atencao do Pedestre;Colisao transversal;Com Vitimas Feridas;Plena Noite;Nublado;Reta
quinta-feira;RR;Animais na Pista;Colisao com objeto estatico;Sem Vitimas;Plena Noite;Ceu Claro;Reta
quinta-feira;MA;Ultrapassagem Indevida;Colisao traseira;Com Vitimas Feridas;Plena Noite;Nublado;Nao Informado
quinta-feira;TO;Falta de Atencao Conducao;Colisao frontal;Sem Vitimas;Plena Noite;Nublado;Nao Informado
quinta-feira;GO;Avarias e/ou desgaste excessivo no pneu;Incendio;Com Vitimas Feridas;Plena Noite;Ceu Claro;Nao Informado
quinta-feira;SC;Avarias e/ou desgaste excessivo no pneu;Saida de leito carrocavel;Sem Vitimas;Plena Noite;Nublado;Curva
sexta-feira;PE;Falta de Atencao Conducao;Colisao com objeto estatico;Com Vitimas Feridas;Plena Noite;Ceu Claro;Intersecao de vias
quinta-feira;PB;Falta de Atencao Conducao;Colisao frontal;Com Vitimas Feridas;Plena Noite;Ceu Claro;Reta
sexta-feira;PR;Falta de Atencao Conducao;Saida de leito carrocavel;Sem Vitimas;Plena Noite;Ceu Claro;Reta
sexta-feira;SC;Ingestao de Alcool;Colisao frontal;Com Vitimas Feridas;Plena Noite;Nublado;Curva
sexta-feira;RJ;Ingestao de Alcool;Colisao traseira;Sem Vitimas;Plena Noite;Ceu Claro;Viaduto
sexta-feira;MT;Condutor Dormindo;Saida de leito carrocavel;Com Vitimas Feridas;Plena Noite;Ceu Claro;Reta
sexta-feira;SP;Condutor Dormindo;Saida de leito carrocavel;Sem Vitimas;Plena Noite;Nublado;Reta
sexta-feira;MG;Ingestao de Alcool;Saida de leito carrocavel;Com Vitimas Feridas;Amanhecer;Ceu Claro;Retorno Regulamentado
sexta-feira;RJ;Falta de Atencao Conducao;Colisao traseira;Com Vitimas Feridas;Amanhecer;Ceu Claro;Reta
sexta-feira;MG;Defeito Mecanico no Veiculo;Tombamento;Sem Vitimas;Plena Noite;Nublado;Curva
sexta-feira;PR;Ingestao de Alcool;Colisao com objeto estatico;Com Vitimas Feridas;Plena Noite;Garoa/Chuvisco;Reta
sexta-feira;GO;Falta de Atencao Conducao;Colisao frontal;Com Vitimas Feridas;Pleno dia;Ceu Claro;Reta
sexta-feira;ES;Falta de Atencao Conducao;Colisao lateral;Com Vitimas Feridas;Pleno dia;Ceu Claro;Intersecao de vias
sexta-feira;SC;Condutor Dormindo;Saida de leito carrocavel;Com Vitimas Feridas;Plena Noite;Ceu Claro;Curva
sexta-feira;PR;Falta de Atencao Conducao;Colisao lateral;Com Vitimas Feridas;Pleno dia;Nublado;Intersecao de vias
sexta-feira;RS;Condutor Dormindo;Saida de leito carrocavel;Com Vitimas Feridas;Pleno dia;Ceu Claro;Curva
sexta-feira;MT;Condutor Dormindo;Colisao transversal;Com Vitimas Feridas;Amanhecer;Nublado;Reta
sexta-feira;BA;Falta de Atencao Conducao;Colisao traseira;Sem Vitimas;Pleno dia;Ceu Claro;Rotatoria
sexta-feira;DF;Falta de Atencao Conducao;Colisao lateral;Com Vitimas Feridas;Pleno dia;Ceu Claro;Reta
sexta-feira;CE;Nao guardar distancia de seguranca;Colisao traseira;Sem Vitimas;Pleno dia;Ceu Claro;Reta
sexta-feira;MG;Desobediencia nas normas de transito pelo condutor;Tombamento;Com Vitimas Feridas;Pleno dia;Ceu Claro;Retorno Regulamentado
sexta-feira;MG;Velocidade Incompativel;Saida de leito carrocavel;Com Vitimas Feridas;Plena Noite;Ceu Claro;Reta
sexta-feira;MA;Defeito na Via;Atropelamento de Pedestre;Com Vitimas Feridas;Pleno dia;Nublado;Reta
sexta-feira;PR;Nao guardar distancia de seguranca;Engavetamento;Com Vitimas Feridas;Pleno dia;Ceu Claro;Nao Informado
sexta-feira;CE;Falta de Atencao Conducao;Colisao traseira;Com Vitimas Feridas;Pleno dia;Ceu Claro;Reta
sexta-feira;RN;Desobediencia nas normas de transito pelo condutor;Colisao transversal;Sem Vitimas;Pleno dia;Ceu Claro;Intersecao de vias
sexta-feira;PR;Desobediencia nas normas de transito pelo condutor;Colisao traseira;Com Vitimas Feridas;Pleno dia;Chuva;Nao Informado
sexta-feira;DF;Velocidade Incompativel;Colisao frontal;Com Vitimas Feridas;Pleno dia;Ceu Claro;Nao Informado
sexta-feira;CE;Nao guardar distancia de seguranca;Colisao traseira;Com Vitimas Feridas;Pleno dia;Ceu Claro;Reta
sexta-feira;PE;Ultrapassagem Indevida;Colisao frontal;Com Vitimas Fatais;Pleno dia;Ceu Claro;Curva
sexta-feira;SC;Falta de Atencao Conducao;Tombamento;Com Vitimas Feridas;Amanhecer;Nublado;Reta
sexta-feira;MG;Velocidade Incompativel;Saida de leito carrocavel;Sem Vitimas;Amanhecer;Nublado;Intersecao de vias
sexta-feira;PR;Defeito Mecanico no Veiculo;Danos eventuais;Com Vitimas Feridas;Pleno dia;Garoa/Chuvisco;Reta
sexta-feira;SC;Desobediencia nas normas de transito pelo condutor;Colisao frontal;Com Vitimas Feridas;Pleno dia;Ceu Claro;Reta
sexta-feira;SP;Falta de Atencao Conducao;Colisao traseira;Com Vitimas Feridas;Pleno dia;Ceu Claro;Reta
quinta-feira;RS;Falta de Atencao Conducao;Colisao lateral;Sem Vitimas;Plena Noite;Ceu Claro;Reta
sexta-feira;RS;Avarias e/ou desgaste excessivo no pneu;Colisao frontal;Com Vitimas Feridas;Pleno dia;Chuva;Curva
sexta-feira;PR;Velocidade Incompativel;Tombamento;Com Vitimas Feridas;Pleno dia;Ceu Claro;Nao Informado
sexta-feira;PB;Desobediencia nas normas de transito pelo condutor;Colisao transversal;Com Vitimas Feridas;Pleno dia;Sol;Nao Informado
sexta-feira;BA;Animais na Pista;Colisao traseira;Com Vitimas Feridas;Plena Noite;Ceu Claro;Nao Informado
sexta-feira;SC;Nao guardar distancia de seguranca;Colisao traseira;Sem Vitimas;Pleno dia;Ceu Claro;Reta
sexta-feira;PR;Falta de Atencao Conducao;Colisao traseira;Com Vitimas Fatais;Pleno dia;Ceu Claro;Reta
sexta-feira;MG;Falta de Atencao Conducao;Colisao traseira;Com Vitimas Feridas;Amanhecer;Ceu Claro;Curva
quinta-feira;GO;Falta de Atencao Conducao;Colisao lateral;Com Vitimas Feridas;Plena Noite;Nublado;Reta
terca-feira;PB;Pista Escorregadia;Saida de leito carrocavel;Com Vitimas Feridas;Pleno dia;Chuva;Nao Informado
sexta-feira;PB;Defeito Mecanico no Veiculo;Saida de leito carrocavel;Sem Vitimas;Pleno dia;Ceu Claro;Reta
sexta-feira;RS;Desobediencia nas normas de transito pelo condutor;Colisao lateral;Sem Vitimas;Pleno dia;Ceu Claro;Reta
sexta-feira;PA;Nao guardar distancia de seguranca;Tombamento;Com Vitimas Feridas;Pleno dia;Ceu Claro;Reta
sexta-feira;SC;Falta de Atencao Conducao;Tombamento;Com Vitimas Feridas;Pleno dia;Nublado;Curva
sexta-feira;RJ;Velocidade Incompativel;Colisao com objeto estatico;Com Vitimas Fatais;Pleno dia;Ceu Claro;Reta
sexta-feira;SP;Avarias e/ou desgaste excessivo no pneu;Saida de leito carrocavel;Com Vitimas Feridas;Pleno dia;Sol;Reta
sexta-feira;SC;Defeito na Via;Saida de leito carrocavel;Com Vitimas Feridas;Pleno dia;Nublado;Reta
sexta-feira;CE;Desobediencia nas normas de transito pelo condutor;Colisao transversal;Com Vitimas Feridas;Pleno dia;Ceu Claro;Reta
sexta-feira;PR;Falta de Atencao Conducao;Colisao transversal;Com Vitimas Feridas;Pleno dia;Sol;Reta
sexta-feira;RS;Velocidade Incompativel;Saida de leito carrocavel;Com Vitimas Feridas;Pleno dia;Ceu Claro;Nao Informado
sexta-feira;SP;Desobediencia nas normas de transito pelo condutor;Tombamento;Com Vitimas Feridas;Pleno dia;Ceu Claro;Desvio Temporario
sexta-feira;RS;Desobediencia nas normas de transito pelo condutor;Queda de ocupante de veiculo;Com Vitimas Feridas;Pleno dia;Chuva;Nao Informado
sexta-feira;GO;Fenomenos da Natureza;Colisao com objeto estatico;Com Vitimas Feridas;Pleno dia;Chuva;Reta
sexta-feira;PR;Desobediencia nas normas de transito pelo condutor;Colisao transversal;Com Vitimas Feridas;Pleno dia;Ceu Claro;Intersecao de vias
sexta-feira;RJ;Falta de Atencao Conducao;Colisao lateral;Com Vitimas Feridas;Pleno dia;Ceu Claro;Reta
sexta-feira;RS;Desobediencia nas normas de transito pelo condutor;Colisao transversal;Com Vitimas Feridas;Pleno dia;Ceu Claro;Reta
sexta-feira;RJ;Falta de Atencao Conducao;Derramamento de carga;Sem Vitimas;Pleno dia;Ceu Claro;Curva
sexta-feira;PB;Condutor Dormindo;Saida de leito carrocavel;Com Vitimas Feridas;Pleno dia;Sol;Nao Informado
sexta-feira;RO;Falta de Atencao Conducao;Saida de leito carrocavel;Com Vitimas Feridas;Pleno dia;Garoa/Chuvisco;Desvio Temporario
sexta-feira;MG;Falta de Atencao do Pedestre;Atropelamento de Pedestre;Com Vitimas Feridas;Pleno dia;Ceu Claro;Reta
sexta-feira;PR;Nao guardar distancia de seguranca;Colisao traseira;Com Vitimas Feridas;Pleno dia;Nublado;Reta
sexta-feira;MG;Condutor Dormindo;Colisao com objeto estatico;Com Vitimas Feridas;Pleno dia;Nublado;Reta