dia_semana;uf;causa_acidente;tipo_acidente;classificacao_acidente;fase_dia;condicao_metereologica;tracado_via
sabado;RJ;Falta de Atencao Conducao;Colisao lateral;Com Vitimas Feridas;Pleno dia;Sol;Desvio Temporario
sabado;MG;Velocidade Incompativel;Saida de leito carrocavel;Sem Vitimas;Anoitecer;Chuva;Curva
sabado;SC;Desobediencia nas normas de transito pelo condutor;Colisao transversal;Com Vitimas Feridas;Pleno dia;Ceu Claro;Desvio Temporario
sabado;SC;Falta de Atencao Conducao;Colisao lateral;Com Vitimas Feridas;Pleno dia;Nublado;Reta
sabado;RO;Pista Escorregadia;Colisao frontal;Sem Vitimas;Pleno dia;Chuva;Reta
sabado;SP;Defeito Mecanico no Veiculo;Incendio;Sem Vitimas;Anoitecer;Nublado;Reta
sabado;PR;Desobediencia nas normas de transito pelo condutor;Colisao transversal;Com Vitimas Feridas;Pleno dia;Ceu Claro;Curva
sabado;PE;Desobediencia nas normas de transito pelo condutor;Colisao frontal;Com Vitimas Fatais;Plena Noite;Ceu Claro;Reta
sabado;PE;Falta de Atencao Conducao;Colisao traseira;Com Vitimas Feridas;Plena Noite;Ceu Claro;Curva
sabado;SC;Velocidade Incompativel;Colisao lateral;Com Vitimas Feridas;Pleno dia;Chuva;Curva
sabado;PI;Falta de Atencao Conducao;Colisao lateral;Sem Vitimas;Anoitecer;Ceu Claro;Rotatoria
sabado;MG;Mal Subito;Atropelamento de Pedestre;Com Vitimas Feridas;Anoitecer;Nublado;Reta
sabado;PR;Falta de Atencao Conducao;Colisao com objeto estatico;Sem Vitimas;Pleno dia;Chuva;Curva
sabado;PE;Falta de Atencao Conducao;Colisao transversal;Com Vitimas Feridas;Plena Noite;Ceu Claro;Reta
sabado;PR;Animais na Pista;Atropelamento de Animal;Com Vitimas Feridas;Plena Noite;Chuva;Reta
sabado;PR;Falta de Atencao Conducao;Colisao lateral;Com Vitimas Feridas;Anoitecer;Nublado;Reta
sabado;PR;Falta de Atencao do Pedestre;Atropelamento de Pedestre;Com Vitimas Fatais;Plena Noite;Ceu Claro;Reta
sabado;MG;Falta de Atencao Conducao;Colisao transversal;Com Vitimas Feridas;Anoitecer;Ceu Claro;Curva
sabado;BA;Pista Escorregadia;Queda de ocupante de veiculo;Com Vitimas Feridas;Plena Noite;Ceu Claro;Curva
sabado;BA;Falta de Atencao Conducao;Colisao transversal;Com Vitimas Feridas;Plena Noite;Ceu Claro;Reta
sabado;BA;Falta de Atencao do Pedestre;Atropelamento de Pedestre;Com Vitimas Feridas;Plena Noite;Ceu Claro;Reta
sabado;MG;Falta de Atencao Conducao;Saida de leito carrocavel;Com Vitimas Feridas;Pleno dia;Ceu Claro;Nao Informado
quinta-feira;MT;Falta de Atencao Conducao;Colisao traseira;Com Vitimas Feridas;Pleno dia;Ceu Claro;Reta
sabado;PA;Falta de Atencao Conducao;Colisao transversal;Sem Vitimas;Pleno dia;Ceu Claro;Reta
sabado;PR;Falta de Atencao do Pedestre;Atropelamento de Pedestre;Com Vitimas Feridas;Plena Noite;Nublado;Viaduto
sabado;PE;Falta de Atencao Conducao;Colisao traseira;Com Vitimas Feridas;Plena Noite;Ceu Claro;Reta
sabado;GO;Desobediencia nas normas de transito pelo condutor;Colisao frontal;Com Vitimas Feridas;Plena Noite;Chuva;Curva
sabado;SC;Falta de Atencao Conducao;Colisao traseira;Com Vitimas Feridas;Plena Noite;Nublado;Reta
sabado;ES;Falta de Atencao Conducao;Colisao lateral;Com Vitimas Feridas;Plena Noite;Ceu Claro;Retorno Regulamentado
sabado;SC;Ingestao de Alcool;Colisao transversal;Com Vitimas Feridas;Plena Noite;Chuva;Intersecao de vias
sabado;SP;Pista Escorregadia;Saida de leito carrocavel;Com Vitimas Feridas;Plena Noite;Chuva;Reta
sabado;MG;Ingestao de Alcool;Colisao transversal;Com Vitimas Feridas;Plena Noite;Ceu Claro;Reta
sabado;SC;Velocidade Incompativel;Colisao traseira;Com Vitimas Feridas;Pleno dia;Chuva;Nao Informado
sabado;CE;Defeito na Via;Tombamento;Com Vitimas Feridas;Plena Noite;Nublado;Reta
sabado;RJ;Falta de Atencao do Pedestre;Atropelamento de Pedestre;Com Vitimas Fatais;Plena Noite;Ceu Claro;Reta
sabado;MG;Velocidade Incompativel;Colisao com objeto estatico;Com Vitimas Feridas;Plena Noite;Ceu Claro;Curva
sabado;MA;Defeito na Via;Queda de ocupante de veiculo;Com Vitimas Feridas;Plena Noite;Nublado;Reta
sabado;BA;Falta de Atencao Conducao;Colisao frontal;Com Vitimas Feridas;Plena Noite;Ceu Claro;Nao Informado
sabado;PR;Ingestao de Alcool;Colisao lateral;Com Vitimas Feridas;Plena Noite;Nublado;Reta
sabado;PR;Falta de Atencao Conducao;Colisao traseira;Sem Vitimas;Plena Noite;Ceu Claro;Reta
sabado;MG;Desobediencia nas normas de transito pelo condutor;Colisao transversal;Com Vitimas Feridas;Plena Noite;Ceu Claro;Intersecao de vias
sabado;PR;Ingestao de Alcool;Saida de leito carrocavel;Com Vitimas Feridas;Pleno dia;Nublado;Curva
sabado;RJ;Pista Escorregadia;Queda de ocupante de veiculo;Com Vitimas Feridas;Plena Noite;Ceu Claro;Curva
sabado;RJ;Pista Escorregadia;Queda de ocupante de veiculo;Com Vitimas Feridas;Plena Noite;Ceu Claro;Curva
sabado;RJ;Pista Escorregadia;Capotamento;Com Vitimas Feridas;Plena Noite;Ceu Claro;Curva
sabado;SP;Falta de Atencao do Pedestre;Atropelamento de Pedestre;Com Vitimas Fatais;Plena Noite;Nublado;Reta
sabado;RO;Falta de Atencao Conducao;Colisao lateral;Com Vitimas Feridas;Plena Noite;Ignorado;Intersecao de vias
sabado;MT;Ultrapassagem Indevida;Saida de leito carrocavel;Com Vitimas Feridas;Plena Noite;Ceu Claro;Reta
sabado;MG;Sinalizacao da via insuficiente ou inadequada;Colisao frontal;Sem Vitimas;Plena Noite;Ceu Claro;Nao Informado
sabado;DF;Ingestao de Alcool;Colisao traseira;Sem Vitimas;Plena Noite;Ceu Claro;Nao Informado
sabado;ES;Falta de Atencao Conducao;Colisao transversal;Com Vitimas Feridas;Plena Noite;Ceu Claro;Intersecao de vias
sabado;RS;Velocidade Incompativel;Saida de leito carrocavel;Com Vitimas Feridas;Plena Noite;Nublado;Rotatoria
sabado;SP;Falta de Atencao Conducao;Colisao traseira;Com Vitimas Feridas;Plena Noite;Ceu Claro;Reta
sabado;ES;Ingestao de Alcool;Saida de leito carrocavel;Com Vitimas Feridas;Plena Noite;Ceu Claro;Curva
sabado;PR;Ingestao de Alcool;Colisao frontal;Com Vitimas Fatais;Plena Noite;Nublado;Curva
sabado;PR;Ingestao de Alcool;Colisao traseira;Sem Vitimas;Plena Noite;Nublado;Reta
sabado;SP;Desobediencia nas normas de transito pelo condutor;Colisao lateral;Com Vitimas Fatais;Plena Noite;Chuva;Reta
sabado;PR;Ingestao de Alcool;Saida de leito carrocavel;Sem Vitimas;Plena Noite;Garoa/Chuvisco;Reta
sabado;RJ;Ingestao de Alcool;Queda de ocupante de veiculo;Com Vitimas Feridas;Plena Noite;Ceu Claro;Reta
sabado;MS;Condutor Dormindo;Colisao com objeto estatico;Com Vitimas Feridas;Plena Noite;Ceu Claro;Nao Informado
sabado;PE;Falta de Atencao Conducao;Colisao lateral;Com Vitimas Feridas;Plena Noite;Ceu Claro;Reta
sabado;MG;Falta de Atencao Conducao;Colisao traseira;Com Vitimas Feridas;Plena Noite;Ceu Claro;Curva
sabado;MG;Falta de Atencao Conducao;Tombamento;Com Vitimas Feridas;Plena Noite;Ceu Claro;Curva
sabado;PE;Animais na Pista;Atropelamento de Animal;Com Vitimas Feridas;Plena Noite;Ceu Claro;Reta
sabado;PR;Ingestao de Alcool;Colisao com objeto em movimento;Com Vitimas Feridas;Plena Noite;Ceu Claro;Desvio Temporario
sabado;MT;Pista Escorregadia;Saida de leito carrocavel;Com Vitimas Feridas;Pleno dia;Chuva;Curva
sabado;MT;Ingestao de Alcool;Colisao traseira;Sem Vitimas;Plena Noite;Nublado;Reta
sabado;MS;Defeito Mecanico no Veiculo;Incendio;Sem Vitimas;Plena Noite;Ceu Claro;Reta
domingo;BA;Falta de Atencao Conducao;Colisao transversal;Com Vitimas Fatais;Plena Noite;Ceu Claro;Reta
sabado;ES;Animais na Pista;Atropelamento de Animal;Com Vitimas Feridas;Plena Noite;Ceu Claro;Curva
domingo;MG;Condutor Dormindo;Saida de leito carrocavel;Sem Vitimas;Plena Noite;Ceu Claro;Nao Informado
domingo;MA;Ingestao de Alcool;Colisao traseira;Com Vitimas Feridas;Plena Noite;Ceu Claro;Desvio Temporario
domingo;SE;Desobedincia nas normas de transito pelo pedestre;Atropelamento de Pedestre;Com Vitimas Fatais;Plena Noite;Ceu Claro;Reta
domingo;SC;Falta de Atencao Conducao;Colisao traseira;Com Vitimas Feridas;Plena Noite;Nublado;Curva
domingo;SP;Velocidade Incompativel;Capotamento;Com Vitimas Feridas;Plena Noite;Ceu Claro;Curva
domingo;MG;Ingestao de Alcool;Colisao com objeto estatico;Sem Vitimas;Plena Noite;Nublado;Reta
domingo;RS;Ingestao de Alcool;Tombamento;Com Vitimas Feridas;Plena Noite;Nublado;Reta
domingo;PR;Falta de Atencao Conducao;Tombamento;Com Vitimas Feridas;Plena Noite;Nublado;Desvio Temporario
domingo;SP;Falta de Atencao Conducao;Saida de leito carrocavel;Sem Vitimas;Plena Noite;Nublado;Reta
sabado;PR;Desobediencia nas normas de transito pelo condutor;Colisao transversal;Com Vitimas Feridas;Plena Noite;Ceu Claro;Retorno Regulamentado
domingo;PR;Condutor Dormindo;Colisao com objeto estatico;Com Vitimas Feridas;Plena Noite;Chuva;Reta
domingo;MG;Ingestao de Alcool;Colisao frontal;Com Vitimas Feridas;Amanhecer;Ceu Claro;Reta
domingo;MG;Falta de Atencao Conducao;Saida de leito carrocavel;Com Vitimas Feridas;Plena Noite;Ceu Claro;Reta
domingo;PR;Deficincia ou nao Acionamento do Sistema de Iluminacao/Sinalizacao do Veiculo;Colisao traseira;Com Vitimas Feridas;Plena Noite;Ceu Claro;Reta
domingo;PR;Ingestao de Alcool;Colisao transversal;Com Vitimas Feridas;Plena Noite;Ceu Claro;Retorno Regulamentado
domingo;DF;Falta de Atencao Conducao;Colisao lateral;Com Vitimas Feridas;Pleno dia;Ceu Claro;Reta
domingo;SE;Falta de Atencao Conducao;Colisao frontal;Com Vitimas Feridas;Pleno dia;Ceu Claro;Curva
domingo;PR;Falta de Atencao Conducao;Colisao traseira;Com Vitimas Feridas;Amanhecer;Nublado;Reta
sabado;BA;Ultrapassagem Indevida;Colisao frontal;Com Vitimas Fatais;Plena Noite;Ceu Claro;Reta
domingo;MT;Falta de Atencao Conducao;Tombamento;Com Vitimas Feridas;Plena Noite;Nublado;Nao Informado
domingo;MG;Ingestao de Alcool;Colisao traseira;Sem Vitimas;Pleno dia;Ceu Claro;Reta
domingo;SC;Ingestao de Alcool;Colisao com objeto estatico;Sem Vitimas;Plena Noite;Garoa/Chuvisco;Rotatoria
domingo;RJ;Ingestao de Alcool;Saida de leito carrocavel;Sem Vitimas;Amanhecer;Ceu Claro;Reta
domingo;RJ;Falta de Atencao Conducao;Colisao com objeto estatico;Com Vitimas Feridas;Amanhecer;Ceu Claro;Reta
domingo;RS;Ingestao de Alcool;Saida de leito carrocavel;Sem Vitimas;Plena Noite;Ceu Claro;Reta
domingo;PR;Ingestao de Alcool;Colisao traseira;Com Vitimas Feridas;Plena Noite;Ceu Claro;Reta
domingo;RJ;Falta de Atencao Conducao;Colisao lateral;Com Vitimas Feridas;Amanhecer;Ceu Claro;Reta
domingo;RJ;Falta de Atencao Conducao;Queda de ocupante de veiculo;Com Vitimas Feridas;Pleno dia;Sol;Reta
domingo;PR;Pista Escorregadia;Colisao frontal;Com Vitimas Fatais;Pleno dia;Chuva;Reta
quinta-feira;PR;Restricao de Visibilidade;Colisao traseira;Com Vitimas Feridas;Pleno dia;Nublado;Reta
domingo;MS;Defeito na Via;Queda de ocupante de veiculo;Com Vitimas Feridas;Pleno dia;Ceu Claro;Reta
domingo;BA;Nao guardar distancia de seguranca;Colisao traseira;Com Vitimas Feridas;Pleno dia;Ceu Claro;Reta
domingo;SC;Falta de Atencao Conducao;Queda de ocupante de veiculo;Com Vitimas Feridas;Pleno dia;Ceu Claro;Rotatoria
terca-feira;PE;Condutor Dormindo;Colisao traseira;Com Vitimas Feridas;Pleno dia;Ceu Claro;Reta
domingo;BA;Nao guardar distancia de seguranca;Colisao lateral;Com Vitimas Feridas;Pleno dia;Ceu Claro;Nao Informado
domingo;SC;Condutor Dormindo;Saida de leito carrocavel;Com Vitimas Feridas;Pleno dia;Chuva;Curva
domingo;RJ;Condutor Dormindo;Colisao lateral;Com Vitimas Feridas;Pleno dia;Ceu Claro;Reta
domingo;SP;Falta de Atencao Conducao;Colisao lateral;Com Vitimas Feridas;Pleno dia;Nublado;Reta
domingo;CE;Desobediencia nas normas de transito pelo condutor;Colisao transversal;Com Vitimas Feridas;Pleno dia;Ceu Claro;Reta
domingo;MG;Velocidade Incompativel;Tombamento;Sem Vitimas;Plena Noite;Ceu Claro;Curva
domingo;PI;Falta de Atencao Conducao;Colisao traseira;Sem Vitimas;Pleno dia;Ceu Claro;Reta
domingo;PB;Velocidade Incompativel;Colisao com objeto estatico;Com Vitimas Fatais;Pleno dia;Sol;Curva
domingo;GO;Velocidade Incompativel;Colisao com objeto estatico;Com Vitimas Feridas;Pleno dia;Ceu Claro;Curva
domingo;SE;Falta de Atencao Conducao;Colisao transversal;Com Vitimas Feridas;Pleno dia;Ceu Claro;Reta
domingo;GO;Ingestao de Alcool;Colisao traseira;Sem Vitimas;Pleno dia;Ceu Claro;Reta
domingo;SP;Falta de Atencao Conducao;Colisao com objeto estatico;Com Vitimas Feridas;Pleno dia;Sol;Reta
domingo;RS;Ingestao de Alcool;Colisao com objeto estatico;Com Vitimas Feridas;Pleno dia;Ceu Claro;Reta
domingo;PB;Animais na Pista;Colisao traseira;Com Vitimas Feridas;Pleno dia;Ceu Claro;Reta
sabado;PR;Velocidade Incompativel;Saida de leito carrocavel;Sem Vitimas;Plena Noite;Nublado;Curva
domingo;MS;Velocidade Incompativel;Capotamento;Com Vitimas Feridas;Pleno dia;Ceu Claro;Nao Informado
domingo;PE;Ultrapassagem Indevida;Colisao frontal;Com Vitimas Fatais;Pleno dia;Ceu Claro;Nao Informado
domingo;SP;Falta de Atencao Conducao;Colisao lateral;Com Vitimas Feridas;Pleno dia;Ceu Claro;Reta
domingo;SE;Falta de Atencao Conducao;Colisao com objeto estatico;Com Vitimas Fatais;Pleno dia;Ceu Claro;Curva
domingo;RJ;Falta de Atencao Conducao;Colisao lateral;Com Vitimas Feridas;Pleno dia;Sol;Curva
domingo;MG;Falta de Atencao Conducao;Queda de ocupante de veiculo;Com Vitimas Feridas;Pleno dia;Ceu Claro;Intersecao de vias
domingo;PR;Condutor Dormindo;Colisao lateral;Com Vitimas Feridas;Pleno dia;Ceu Claro;Nao Informado
domingo;BA;Defeito Mecanico no Veiculo;Tombamento;Sem Vitimas;Pleno dia;Ceu Claro;Reta
domingo;MT;Desobediencia nas normas de transito pelo condutor;Colisao frontal;Com Vitimas Feridas;Pleno dia;Ceu Claro;Reta
sabado;MA;Animais na Pista;Colisao traseira;Com Vitimas Feridas;Anoitecer;Ceu Claro;Reta
domingo;SC;Defeito Mecanico no Veiculo;Colisao com objeto estatico;Sem Vitimas;Pleno dia;Garoa/Chuvisco;Reta
domingo;RS;Falta de Atencao Conducao;Saida de leito carrocavel;Com Vitimas Feridas;Amanhecer;Ceu Claro;Reta
domingo;SP;Defeito Mecanico no Veiculo;Capotamento;Com Vitimas Feridas;Pleno dia;Ceu Claro;Reta
domingo;DF;Ingestao de Alcool;Colisao com objeto estatico;Sem Vitimas;Pleno dia;Ceu Claro;Reta
domingo;CE;Avarias e/ou desgaste excessivo no pneu;Colisao com objeto estatico;Com Vitimas Feridas;Pleno dia;Garoa/Chuvisco;Curva
domingo;MG;Falta de Atencao Conducao;Colisao transversal;Com Vitimas Feridas;Pleno dia;Sol;Reta
domingo;PR;Desobediencia nas normas de transito pelo condutor;Colisao transversal;Com Vitimas Feridas;Pleno dia;Nublado;Reta
domingo;RJ;Velocidade Incompativel;Tombamento;Sem Vitimas;Pleno dia;Ceu Claro;Curva
domingo;ES;Velocidade Incompativel;Colisao transversal;Com Vitimas Fatais;Pleno dia;Ceu Claro;Reta
domingo;DF;Velocidade Incompativel;Colisao lateral;Com Vitimas Fatais;Pleno dia;Nublado;Curva
domingo;SC;Desobediencia nas normas de transito pelo condutor;Colisao transversal;Com Vitimas Feridas;Pleno dia;Chuva;Reta
domingo;PB;Falta de Atencao Conducao;Colisao transversal;Com Vitimas Fatais;Pleno dia;Ceu Claro;Reta
domingo;MS;Falta de Atencao Conducao;Saida de leito carrocavel;Com Vitimas Feridas;Pleno dia;Ceu Claro;Reta
domingo;PR;Desobediencia nas normas de transito pelo condutor;Colisao traseira;Com Vitimas Feridas;Pleno dia;Sol;Reta
domingo;RS;Velocidade Incompativel;Saida de leito carrocavel;Com Vitimas Feridas;Pleno dia;Nublado;Curva
domingo;MG;Desobediencia nas normas de transito pelo condutor;Colisao transversal;Com Vitimas Feridas;Pleno dia;Sol;Reta
domingo;MG;Velocidade Incompativel;Colisao frontal;Com Vitimas Feridas;Pleno dia;Nublado;Tunel
domingo;MT;Falta de Atencao Conducao;Saida de leito carrocavel;Sem Vitimas;Pleno dia;Ceu Claro;Reta
domingo;MS;Desobediencia nas normas de transito pelo condutor;Colisao frontal;Com Vitimas Fatais;Pleno dia;Ceu Claro;Reta
domingo;RO;Falta de Atencao Conducao;Colisao lateral;Com Vitimas Feridas;Pleno dia;Ceu Claro;Reta
domingo;PE;Ingestao de Alcool;Colisao lateral;Com Vitimas Feridas;Pleno dia;Ceu Claro;Reta
domingo;RS;Mal Subito;Saida de leito carrocavel;Com Vitimas Feridas;Pleno dia;Nublado;Reta
domingo;SC;Falta de Atencao Conducao;Colisao transversal;Com Vitimas Feridas;Pleno dia;Nublado;Reta
domingo;PR;Desobediencia nas normas de transito pelo condutor;Colisao traseira;Com Vitimas Feridas;Pleno dia;Ceu Claro;Reta
domingo;RO;Ingestao de Alcool;Queda de ocupante de veiculo;Com Vitimas Feridas;Pleno dia;Sol;Reta
domingo;CE;Falta de Atencao Conducao;Colisao lateral;Com Vitimas Feridas;Pleno dia;Nublado;Reta
domingo;SC;Falta de Atencao Conducao;Engavetamento;Sem Vitimas;Pleno dia;Sol;Reta
domingo;PI;Ingestao de Alcool;Tombamento;Com Vitimas Feridas;Pleno dia;Ceu Claro;Reta
domingo;SC;Velocidade Incompativel;Saida de leito carrocavel;Com Vitimas Feridas;Pleno dia;Garoa/Chuvisco;Curva
domingo;RS;Falta de Atencao Conducao;Colisao traseira;Sem Vitimas;Pleno dia;Nublado;Reta
domingo;GO;Pista Escorregadia;Tombamento;Com Vitimas Fatais;Pleno dia;Chuva;Reta
domingo;SC;Desobediencia nas normas de transito pelo condutor;Colisao transversal;Com Vitimas Fatais;Pleno dia;Nublado;Curva
domingo;GO;Velocidade Incompativel;Saida de leito carrocavel;Com Vitimas Feridas;Pleno dia;Ceu Claro;Nao Informado
domingo;PE;Falta de Atencao Conducao;Colisao traseira;Com Vitimas Feridas;Anoitecer;Ceu Claro;Reta
domingo;RS;Ingestao de Alcool;Saida de leito carrocavel;Com Vitimas Feridas;Pleno dia;Ceu Claro;Reta
domingo;AC;Defeito na Via;Colisao traseira;Com Vitimas Feridas;Pleno dia;Ceu Claro;Reta
domingo;ES;Falta de Atencao Conducao;Saida de leito carrocavel;Com Vitimas Feridas;Anoitecer;Ceu Claro;Reta
domingo;RN;Falta de Atencao Conducao;Colisao traseira;Com Vitimas Feridas;Anoitecer;Ceu Claro;Reta
domingo;PE;Ultrapassagem Indevida;Colisao traseira;Com Vitimas Fatais;Anoitecer;Sol;Nao Informado
domingo;CE;Nao guardar distancia de seguranca;Colisao traseira;Com Vitimas Feridas;Plena Noite;Ceu Claro;Reta
domingo;PR;Ingestao de Alcool;Colisao traseira;Com Vitimas Feridas;Plena Noite;Chuva;Intersecao de vias
domingo;GO;Nao guardar distancia de seguranca;Colisao traseira;Com Vitimas Feridas;Anoitecer;Ceu Claro;Reta
domingo;SE;Falta de Atencao Conducao;Tombamento;Com Vitimas Feridas;Plena Noite;Ceu Claro;Desvio Temporario
domingo;PE;Velocidade Incompativel;Colisao traseira;Sem Vitimas;Plena Noite;Ceu Claro;Reta
domingo;MT;Falta de Atencao Conducao;Saida de leito carrocavel;Com Vitimas Feridas;Pleno dia;Ceu Claro;Desvio Temporario
domingo;RJ;Defeito na Via;Tombamento;Com Vitimas Feridas;Plena Noite;Nublado;Reta
domingo;ES;Defeito Mecanico no Veiculo;Colisao transversal;Com Vitimas Feridas;Plena Noite;Ceu Claro;Reta
domingo;MA;Desobediencia nas normas de transito pelo condutor;Colisao lateral;Com Vitimas Feridas;Pleno dia;Ceu Claro;Nao Informado
domingo;MT;Ingestao de Alcool;Colisao traseira;Com Vitimas Feridas;Anoitecer;Ceu Claro;Intersecao de vias
domingo;RJ;Defeito na Via;Tombamento;Com Vitimas Feridas;Anoitecer;Nublado;Reta
domingo;PB;Ingestao de Alcool;Saida de leito carrocavel;Com Vitimas Feridas;Pleno dia;Ceu Claro;Nao Informado
domingo;MS;Defeito Mecanico no Veiculo;Tombamento;Com Vitimas Feridas;Plena Noite;Nublado;Nao Informado
domingo;MG;Animais na Pista;Atropelamento de Animal;Com Vitimas Feridas;Plena Noite;Ceu Claro;Nao Informado
domingo;BA;Falta de Atencao Conducao;Colisao traseira;Com Vitimas Feridas;Plena Noite;Ceu Claro;Reta
domingo;MA;Falta de Atencao Conducao;Tombamento;Com Vitimas Feridas;Anoitecer;Ceu Claro;Reta
quarta-feira;RO;Falta de Atencao Conducao;Colisao traseira;Com Vitimas Feridas;Pleno dia;Ceu Claro;Reta
domingo;BA;Defeito Mecanico no Veiculo;Tombamento;Sem Vitimas;Plena Noite;Ceu Claro;Reta
domingo;RJ;Falta de Atencao Conducao;Colisao traseira;Com Vitimas Feridas;Plena Noite;Chuva;Reta
domingo;SC;Velocidade Incompativel;Saida de leito carrocavel;Com Vitimas Feridas;Pleno dia;Nublado;Curva
domingo;MG;Falta de Atencao Conducao;Colisao traseira;Com Vitimas Feridas;Plena Noite;Ceu Claro;Reta
domingo;PA;Pista Escorregadia;Saida de leito carrocavel;Com Vitimas Feridas;Anoitecer;Chuva;Curva
domingo;PR;Falta de Atencao Conducao;Colisao transversal;Com Vitimas Feridas;Plena Noite;Nublado;Reta
domingo;AL;Falta de Atencao Conducao;Capotamento;Sem Vitimas;Plena Noite;Ceu Claro;Curva
domingo;PR;Nao guardar distancia de seguranca;Colisao traseira;Com Vitimas Feridas;Plena Noite;Nublado;Curva
domingo;RS;Desobediencia nas normas de transito pelo condutor;Colisao transversal;Com Vitimas Feridas;Pleno dia;Ceu Claro;Intersecao de vias
domingo;SC;Velocidade Incompativel;Saida de leito carrocavel;Sem Vitimas;Pleno dia;Nublado;Curva
domingo;MS;Falta de Atencao Conducao;Colisao traseira;Com Vitimas Feridas;Plena Noite;Ignorado;Reta
domingo;SC;Desobediencia nas normas de transito pelo condutor;Colisao traseira;Com Vitimas Feridas;Plena Noite;Nublado;Reta
domingo;MT;Falta de Atencao Conducao;Colisao lateral;Sem Vitimas;Plena Noite;Chuva;Reta
domingo;MT;Defeito na Via;Tombamento;Com Vitimas Feridas;Plena Noite;Chuva;Reta
domingo;SC;Falta de Atencao Conducao;Colisao frontal;Com Vitimas Feridas;Anoitecer;Garoa/Chuvisco;Reta
domingo;RS;Falta de Atencao do Pedestre;Atropelamento de Pedestre;Com Vitimas Feridas;Plena Noite;Nublado;Reta
domingo;RJ;Falta de Atencao Conducao;Tombamento;Com Vitimas Feridas;Plena Noite;Nublado;Reta
domingo;PA;Falta de Atencao Conducao;Colisao traseira;Com Vitimas Feridas;Plena Noite;Nublado;Reta
domingo;GO;Ingestao de Alcool;Colisao traseira;Sem Vitimas;Plena Noite;Nublado;Reta
domingo;MG;Velocidade Incompativel;Saida de leito carrocavel;Com Vitimas Feridas;Pleno dia;Chuva;Nao Informado
domingo;GO;Falta de Atencao Conducao;Colisao traseira;Com Vitimas Feridas;Plena Noite;Ceu Claro;Curva
domingo;PR;Defeito Mecanico no Veiculo;Incendio;Sem Vitimas;Plena Noite;Ceu Claro;Reta
domingo;RS;Agressao Externa;Colisao com objeto estatico;Sem Vitimas;Plena Noite;Ceu Claro;Curva
domingo;PR;Falta de Atencao Conducao;Atropelamento de Pedestre;Com Vitimas Feridas;Plena Noite;Ceu Claro;Reta
sabado;MG;Nao guardar distancia de seguranca;Colisao lateral;Com Vitimas Feridas;Amanhecer;Ceu Claro;Reta
domingo;PR;Animais na Pista;Atropelamento de Animal;Com Vitimas Feridas;Plena Noite;Nublado;Desvio Temporario
domingo;MG;Velocidade Incompativel;Colisao lateral;Sem Vitimas;Plena Noite;Chuva;Desvio Temporario
domingo;SC;Desobediencia nas normas de transito pelo condutor;Colisao lateral;Com Vitimas Feridas;Plena Noite;Garoa/Chuvisco;Nao Informado
domingo;MT;Falta de Atencao Conducao;Colisao com objeto estatico;Sem Vitimas;Anoitecer;Nublado;Ponte
domingo;MG;Velocidade Incompativel;Queda de ocupante de veiculo;Com Vitimas Feridas;Plena Noite;Chuva;Reta
domingo;RO;Desobediencia nas normas de transito pelo condutor;Colisao transversal;Com Vitimas Feridas;Plena Noite;Ceu Claro;Rotatoria
domingo;MG;Desobediencia nas normas de transito pelo condutor;Saida de leito carrocavel;Sem Vitimas;Plena Noite;Chuva;Curva
domingo;MG;Falta de Atencao Conducao;Saida de leito carrocavel;Com Vitimas Feridas;Plena Noite;Ceu Claro;Reta
domingo;PE;Ingestao de Alcool;Colisao frontal;Com Vitimas Feridas;Plena Noite;Ceu Claro;Curva
domingo;GO;Falta de Atencao Conducao;Colisao traseira;Sem Vitimas;Plena Noite;Nublado;Reta
domingo;PB;Ingestao de Alcool;Colisao com objeto estatico;Sem Vitimas;Plena Noite;Ceu Claro;Reta
domingo;SC;Falta de Atencao Conducao;Colisao lateral;Sem Vitimas;Plena Noite;Garoa/Chuvisco;Reta
domingo;SC;Ingestao de Alcool;Colisao frontal;Sem Vitimas;Plena Noite;Garoa/Chuvisco;Curva
domingo;MT;Animais na Pista;Atropelamento de Animal;Com Vitimas Feridas;Plena Noite;Ceu Claro;Reta
domingo;ES;Nao guardar distancia de seguranca;Colisao traseira;Com Vitimas Feridas;Plena Noite;Ceu Claro;Reta
domingo;PB;Animais na Pista;Atropelamento de Animal;Com Vitimas Feridas;Plena Noite;Ceu Claro;Reta
segunda-feira;PR;Condutor Dormindo;Tombamento;Sem Vitimas;Plena Noite;Garoa/Chuvisco;Nao Informado
domingo;PR;Velocidade Incompativel;Colisao com objeto estatico;Com Vitimas Feridas;Plena Noite;Garoa/Chuvisco;Curva
domingo;MT;Falta de Atencao Conducao;Colisao transversal;Com Vitimas Feridas;Plena Noite;Ignorado;Reta
domingo;PR;Falta de Atencao Conducao;Colisao traseira;Com Vitimas Feridas;Plena Noite;Nublado;Reta
segunda-feira;MT;Velocidade Incompativel;Colisao frontal;Com Vitimas Fatais;Plena Noite;Nublado;Reta
domingo;MG;Defeito Mecanico no Veiculo;Incendio;Sem Vitimas;Plena Noite;Ceu Claro;Reta