dia_semana;uf;causa_acidente;tipo_acidente;classificacao_acidente;fase_dia;condicao_metereologica;tracado_via
terca-feira;SC;Falta de Atencao Conducao;Colisao lateral;Com Vitimas Feridas;Pleno dia;Chuva;Reta
terca-feira;CE;Falta de Atencao Conducao;Colisao lateral;Com Vitimas Feridas;Pleno dia;Ceu Claro;Nao Informado
terca-feira;MG;Defeito Mecanico no Veiculo;Capotamento;Sem Vitimas;Pleno dia;Sol;Curva
terca-feira;SC;Falta de Atencao Conducao;Tombamento;Com Vitimas Feridas;Pleno dia;Chuva;Reta
terca-feira;ES;Falta de Atencao Conducao;Colisao com objeto estatico;Com Vitimas Feridas;Pleno dia;Sol;Nao Informado
terca-feira;MG;Nao guardar distancia de seguranca;Colisao traseira;Com Vitimas Feridas;Pleno dia;Ceu Claro;Reta
terca-feira;SC;Falta de Atencao Conducao;Colisao traseira;Com Vitimas Feridas;Pleno dia;Chuva;Reta
sabado;SC;Ultrapassagem Indevida;Colisao com objeto estatico;Com Vitimas Feridas;Plena Noite;Nublado;Reta
terca-feira;SC;Falta de Atencao Conducao;Colisao frontal;Com Vitimas Feridas;Pleno dia;Ceu Claro;Reta
terca-feira;CE;Defeito Mecanico no Veiculo;Incendio;Sem Vitimas;Pleno dia;Ceu Claro;Reta
terca-feira;SC;Velocidade Incompativel;Tombamento;Com Vitimas Feridas;Pleno dia;Chuva;Nao Informado
terca-feira;SC;Nao guardar distancia de seguranca;Colisao traseira;Sem Vitimas;Pleno dia;Chuva;Reta
terca-feira;MA;Desobediencia nas normas de transito pelo condutor;Colisao lateral;Com Vitimas Feridas;Pleno dia;Ceu Claro;Reta
terca-feira;BA;Defeito Mecanico no Veiculo;Capotamento;Com Vitimas Feridas;Pleno dia;Ceu Claro;Curva
terca-feira;RJ;Falta de Atencao Conducao;Colisao traseira;Com Vitimas Feridas;Pleno dia;Ceu Claro;Curva
terca-feira;SP;Nao guardar distancia de seguranca;Colisao lateral;Com Vitimas Feridas;Pleno dia;Ceu Claro;Reta
terca-feira;PB;Falta de Atencao Conducao;Colisao lateral;Sem Vitimas;Pleno dia;Nublado;Reta
terca-feira;MS;Falta de Atencao Conducao;Saida de leito carrocavel;Com Vitimas Feridas;Pleno dia;Chuva;Reta
terca-feira;RJ;Defeito na Via;Queda de ocupante de veiculo;Com Vitimas Feridas;Pleno dia;Nublado;Intersecao de vias
terca-feira;SC;Velocidade Incompativel;Saida de leito carrocavel;Com Vitimas Feridas;Pleno dia;Chuva;Curva
terca-feira;MT;Falta de Atencao Conducao;Capotamento;Com Vitimas Feridas;Pleno dia;Ceu Claro;Reta
terca-feira;PR;Nao guardar distancia de seguranca;Colisao traseira;Sem Vitimas;Pleno dia;Ceu Claro;Reta
terca-feira;SC;Falta de Atencao Conducao;Colisao lateral;Com Vitimas Feridas;Pleno dia;Chuva;Intersecao de vias
terca-feira;RJ;Pista Escorregadia;Tombamento;Com Vitimas Feridas;Pleno dia;Nublado;Reta
quarta-feira;PR;Restricao de Visibilidade;Colisao frontal;Com Vitimas Feridas;Amanhecer;Ceu Claro;Reta
terca-feira;PA;Pista Escorregadia;Colisao transversal;Sem Vitimas;Pleno dia;Chuva;Reta
terca-feira;SC;Desobediencia nas normas de transito pelo condutor;Colisao lateral;Com Vitimas Feridas;Pleno dia;Chuva;Reta
terca-feira;RO;Desobediencia nas normas de transito pelo condutor;Colisao transversal;Com Vitimas Feridas;Pleno dia;Ceu Claro;Reta
terca-feira;PR;Nao guardar distancia de seguranca;Queda de ocupante de veiculo;Com Vitimas Feridas;Pleno dia;Garoa/Chuvisco;Nao Informado
terca-feira;SC;Falta de Atencao Conducao;Colisao transversal;Com Vitimas Feridas;Pleno dia;Chuva;Reta
terca-feira;GO;Pista Escorregadia;Saida de leito carrocavel;Com Vitimas Feridas;Pleno dia;Chuva;Nao Informado
terca-feira;DF;Desobediencia nas normas de transito pelo condutor;Queda de ocupante de veiculo;Com Vitimas Feridas;Pleno dia;Nublado;Nao Informado
terca-feira;SC;Nao guardar distancia de seguranca;Colisao traseira;Com Vitimas Feridas;Pleno dia;Chuva;Reta
terca-feira;GO;Velocidade Incompativel;Saida de leito carrocavel;Com Vitimas Feridas;Pleno dia;Ceu Claro;Reta
terca-feira;DF;Falta de Atencao Conducao;Queda de ocupante de veiculo;Com Vitimas Feridas;Pleno dia;Chuva;Curva
terca-feira;PR;Falta de Atencao Conducao;Queda de ocupante de veiculo;Com Vitimas Feridas;Pleno dia;Ceu Claro;Nao Informado
terca-feira;GO;Velocidade Incompativel;Saida de leito carrocavel;Com Vitimas Feridas;Pleno dia;Chuva;Reta
terca-feira;RR;Falta de Atencao Conducao;Colisao transversal;Com Vitimas Feridas;Pleno dia;Ceu Claro;Reta
terca-feira;MG;Defeito Mecanico no Veiculo;Engavetamento;Sem Vitimas;Pleno dia;Ceu Claro;Reta
terca-feira;RJ;Falta de Atencao Conducao;Atropelamento de Pedestre;Com Vitimas Fatais;Pleno dia;Nublado;Nao Informado
terca-feira;MT;Pista Escorregadia;Saida de leito carrocavel;Sem Vitimas;Pleno dia;Nublado;Reta
terca-feira;SP;Mal Subito;Saida de leito carrocavel;Com Vitimas Fatais;Pleno dia;Ceu Claro;Desvio Temporario
terca-feira;SC;Fenomenos da Natureza;Saida de leito carrocavel;Com Vitimas Feridas;Pleno dia;Chuva;Reta
terca-feira;RJ;Falta de Atencao Conducao;Tombamento;Com Vitimas Feridas;Pleno dia;Ceu Claro;Reta
sabado;PE;Falta de Atencao Conducao;Colisao traseira;Sem Vitimas;Pleno dia;Ceu Claro;Reta
terca-feira;RS;Falta de Atencao Conducao;Colisao transversal;Sem Vitimas;Pleno dia;Chuva;Reta
terca-feira;MS;Falta de Atencao Conducao;Colisao transversal;Com Vitimas Feridas;Pleno dia;Ceu Claro;Reta
terca-feira;PE;Ingestao de Alcool;Colisao transversal;Com Vitimas Feridas;Pleno dia;Chuva;Reta
terca-feira;MG;Falta de Atencao Conducao;Saida de leito carrocavel;Com Vitimas Feridas;Pleno dia;Nublado;Curva
terca-feira;PB;Desobediencia nas normas de transito pelo condutor;Colisao traseira;Com Vitimas Feridas;Pleno dia;Nublado;Nao Informado
terca-feira;RJ;Falta de Atencao Conducao;Colisao lateral;Com Vitimas Feridas;Pleno dia;Nublado;Reta
terca-feira;RJ;Falta de Atencao Conducao;Tombamento;Com Vitimas Feridas;Pleno dia;Sol;Curva
terca-feira;CE;Nao guardar distancia de seguranca;Engavetamento;Com Vitimas Feridas;Pleno dia;Ceu Claro;Reta
terca-feira;SC;Defeito Mecanico no Veiculo;Tombamento;Com Vitimas Feridas;Pleno dia;Garoa/Chuvisco;Curva
terca-feira;BA;Mal Subito;Saida de leito carrocavel;Com Vitimas Feridas;Pleno dia;Ceu Claro;Curva
terca-feira;RJ;Pista Escorregadia;Tombamento;Com Vitimas Feridas;Pleno dia;Ceu Claro;Nao Informado
terca-feira;PR;Pista Escorregadia;Queda de ocupante de veiculo;Com Vitimas Feridas;Pleno dia;Ceu Claro;Intersecao de vias
terca-feira;DF;Desobediencia nas normas de transito pelo condutor;Atropelamento de Pedestre;Com Vitimas Feridas;Pleno dia;Ceu Claro;Reta
terca-feira;SC;Falta de Atencao Conducao;Colisao frontal;Com Vitimas Feridas;Pleno dia;Chuva;Curva
terca-feira;RO;Desobediencia nas normas de transito pelo condutor;Colisao transversal;Sem Vitimas;Pleno dia;Nublado;Reta
terca-feira;RJ;Pista Escorregadia;Colisao com objeto estatico;Sem Vitimas;Anoitecer;Chuva;Nao Informado
terca-feira;PR;Desobediencia nas normas de transito pelo condutor;Colisao traseira;Com Vitimas Feridas;Pleno dia;Ceu Claro;Retorno Regulamentado
terca-feira;RN;Falta de Atencao do Pedestre;Atropelamento de Pedestre;Com Vitimas Feridas;Plena Noite;Nublado;Reta
terca-feira;SC;Falta de Atencao Conducao;Saida de leito carrocavel;Com Vitimas Feridas;Pleno dia;Chuva;Reta
quinta-feira;BA;Falta de Atencao do Pedestre;Atropelamento de Pedestre;Com Vitimas Feridas;Amanhecer;Nublado;Reta
terca-feira;MG;Falta de Atencao Conducao;Queda de ocupante de veiculo;Com Vitimas Feridas;Pleno dia;Ceu Claro;Curva
terca-feira;RN;Animais na Pista;Atropelamento de Animal;Com Vitimas Feridas;Plena Noite;Nublado;Curva
terca-feira;BA;Falta de Atencao do Pedestre;Atropelamento de Pedestre;Com Vitimas Feridas;Anoitecer;Ceu Claro;Curva
terca-feira;SE;Falta de Atencao Conducao;Colisao traseira;Com Vitimas Feridas;Plena Noite;Ceu Claro;Reta
terca-feira;GO;Defeito Mecanico no Veiculo;Tombamento;Com Vitimas Feridas;Anoitecer;Chuva;Curva
terca-feira;PR;Falta de Atencao Conducao;Queda de ocupante de veiculo;Com Vitimas Feridas;Anoitecer;Garoa/Chuvisco;Reta
terca-feira;PI;Falta de Atencao Conducao;Colisao com objeto estatico;Com Vitimas Feridas;Plena Noite;Ceu Claro;Reta
terca-feira;GO;Desobediencia nas normas de transito pelo condutor;Colisao traseira;Com Vitimas Feridas;Plena Noite;Garoa/Chuvisco;Reta
terca-feira;PR;Animais na Pista;Colisao frontal;Com Vitimas Feridas;Anoitecer;Nublado;Reta
terca-feira;CE;Agressao Externa;Colisao com objeto estatico;Com Vitimas Feridas;Plena Noite;Ceu Claro;Reta
terca-feira;RO;Desobediencia nas normas de transito pelo condutor;Colisao frontal;Sem Vitimas;Pleno dia;Ceu Claro;Rotatoria
terca-feira;BA;Nao guardar distancia de seguranca;Colisao traseira;Com Vitimas Feridas;Pleno dia;Ceu Claro;Reta
terca-feira;BA;Condutor Dormindo;Colisao frontal;Sem Vitimas;Pleno dia;Ceu Claro;Reta
terca-feira;MG;Nao guardar distancia de seguranca;Colisao traseira;Com Vitimas Feridas;Plena Noite;Ceu Claro;Nao Informado
terca-feira;RS;Condutor Dormindo;Saida de leito carrocavel;Sem Vitimas;Pleno dia;Ceu Claro;Curva
terca-feira;MA;Falta de Atencao Conducao;Colisao frontal;Com Vitimas Fatais;Anoitecer;Ignorado;Reta
terca-feira;MG;Falta de Atencao Conducao;Saida de leito carrocavel;Com Vitimas Feridas;Plena Noite;Ceu Claro;Curva
terca-feira;MS;Defeito Mecanico no Veiculo;Tombamento;Com Vitimas Feridas;Pleno dia;Ceu Claro;Reta
terca-feira;RS;Falta de Atencao do Pedestre;Atropelamento de Pedestre;Com Vitimas Feridas;Plena Noite;Ceu Claro;Reta
terca-feira;CE;Ingestao de Alcool;Colisao lateral;Sem Vitimas;Plena Noite;Ceu Claro;Reta
terca-feira;ES;Defeito Mecanico no Veiculo;Incendio;Sem Vitimas;Plena Noite;Ceu Claro;Reta
terca-feira;SC;Fenomenos da Natureza;Colisao com objeto estatico;Sem Vitimas;Anoitecer;Chuva;Reta
terca-feira;MG;Nao guardar distancia de seguranca;Colisao traseira;Com Vitimas Feridas;Plena Noite;Ceu Claro;Intersecao de vias
terca-feira;BA;Falta de Atencao Conducao;Colisao lateral;Com Vitimas Feridas;Pleno dia;Ceu Claro;Curva
terca-feira;MG;Falta de Atencao Conducao;Colisao transversal;Com Vitimas Feridas;Plena Noite;Ceu Claro;Nao Informado
terca-feira;RJ;Pista Escorregadia;Tombamento;Com Vitimas Feridas;Anoitecer;Ceu Claro;Curva
terca-feira;RJ;Defeito Mecanico no Veiculo;Tombamento;Com Vitimas Feridas;Plena Noite;Ceu Claro;Curva
terca-feira;RJ;Falta de Atencao Conducao;Saida de leito carrocavel;Com Vitimas Feridas;Plena Noite;Chuva;Reta
terca-feira;RJ;Defeito Mecanico no Veiculo;Incendio;Sem Vitimas;Plena Noite;Ceu Claro;Reta
terca-feira;MG;Falta de Atencao Conducao;Colisao traseira;Com Vitimas Feridas;Anoitecer;Nublado;Reta
terca-feira;ES;Pista Escorregadia;Tombamento;Com Vitimas Feridas;Plena Noite;Ceu Claro;Curva
terca-feira;PR;Falta de Atencao Conducao;Colisao traseira;Com Vitimas Feridas;Anoitecer;Ceu Claro;Desvio Temporario
terca-feira;PR;Falta de Atencao Conducao;Colisao lateral;Com Vitimas Feridas;Plena Noite;Nublado;Intersecao de vias
terca-feira;MG;Falta de Atencao Conducao;Colisao traseira;Com Vitimas Feridas;Anoitecer;Ceu Claro;Reta
terca-feira;PR;Velocidade Incompativel;Saida de leito carrocavel;Sem Vitimas;Plena Noite;Chuva;Nao Informado
terca-feira;BA;Falta de Atencao Conducao;Colisao traseira;Com Vitimas Feridas;Plena Noite;Ceu Claro;Reta
terca-feira;SC;Falta de Atencao Conducao;Colisao transversal;Com Vitimas Feridas;Plena Noite;Ceu Claro;Curva
terca-feira;ES;Ingestao de Alcool;Tombamento;Com Vitimas Feridas;Plena Noite;Ceu Claro;Curva
terca-feira;BA;Agressao Externa;Saida de leito carrocavel;Sem Vitimas;Plena Noite;Ceu Claro;Reta
terca-feira;PB;Pista Escorregadia;Saida de leito carrocavel;Com Vitimas Feridas;Anoitecer;Garoa/Chuvisco;Curva
terca-feira;RS;Falta de Atencao Conducao;Colisao lateral;Com Vitimas Feridas;Plena Noite;Garoa/Chuvisco;Intersecao de vias
terca-feira;RS;Falta de Atencao Conducao;Colisao traseira;Com Vitimas Feridas;Pleno dia;Nublado;Reta
terca-feira;RJ;Falta de Atencao Conducao;Colisao traseira;Com Vitimas Feridas;Plena Noite;Nublado;Reta
terca-feira;PR;Velocidade Incompativel;Saida de leito carrocavel;Com Vitimas Feridas;Plena Noite;Chuva;Nao Informado
terca-feira;MT;Defeito Mecanico no Veiculo;Colisao lateral;Sem Vitimas;Pleno dia;Ceu Claro;Nao Informado
terca-feira;SC;Desobediencia nas normas de transito pelo condutor;Colisao frontal;Com Vitimas Feridas;Plena Noite;Ignorado;Rotatoria
terca-feira;SE;Ingestao de Alcool;Atropelamento de Animal;Com Vitimas Feridas;Plena Noite;Ceu Claro;Reta
terca-feira;MA;Defeito na Via;Tombamento;Com Vitimas Feridas;Plena Noite;Ceu Claro;Reta
terca-feira;MG;Restricao de Visibilidade;Colisao lateral;Com Vitimas Feridas;Plena Noite;Ceu Claro;Reta
terca-feira;SC;Defeito na Via;Saida de leito carrocavel;Com Vitimas Feridas;Pleno dia;Chuva;Reta
terca-feira;MG;Velocidade Incompativel;Saida de leito carrocavel;Com Vitimas Feridas;Plena Noite;Ceu Claro;Reta
terca-feira;MG;Animais na Pista;Colisao com objeto em movimento;Com Vitimas Feridas;Plena Noite;Ceu Claro;Rotatoria
quarta-feira;SP;Condutor Dormindo;Saida de leito carrocavel;Sem Vitimas;Plena Noite;Nublado;Curva
quarta-feira;BA;Falta de Atencao do Pedestre;Atropelamento de Pedestre;Com Vitimas Fatais;Plena Noite;Nublado;Rotatoria
quarta-feira;PE;Animais na Pista;Capotamento;Sem Vitimas;Amanhecer;Nublado;Curva
quarta-feira;RJ;Condutor Dormindo;Colisao traseira;Com Vitimas Feridas;Plena Noite;Nublado;Nao Informado
terca-feira;RO;Ultrapassagem Indevida;Colisao lateral;Com Vitimas Feridas;Plena Noite;Ceu Claro;Nao Informado
quarta-feira;RJ;Falta de Atencao Conducao;Capotamento;Sem Vitimas;Amanhecer;Ceu Claro;Curva
quarta-feira;MG;Condutor Dormindo;Colisao traseira;Com Vitimas Feridas;Plena Noite;Nublado;Reta
quarta-feira;GO;Falta de Atencao Conducao;Saida de leito carrocavel;Com Vitimas Feridas;Amanhecer;Ceu Claro;Reta
quarta-feira;SC;Falta de Atencao Conducao;Colisao lateral;Com Vitimas Feridas;Plena Noite;Nublado;Curva
quarta-feira;SC;Nao guardar distancia de seguranca;Colisao traseira;Com Vitimas Feridas;Pleno dia;Ceu Claro;Reta
quarta-feira;GO;Desobediencia nas normas de transito pelo condutor;Colisao traseira;Com Vitimas Feridas;Pleno dia;Ceu Claro;Reta
quarta-feira;MG;Condutor Dormindo;Colisao traseira;Com Vitimas Feridas;Amanhecer;Nublado;Reta
quarta-feira;PR;Defeito na Via;Colisao frontal;Com Vitimas Feridas;Pleno dia;Garoa/Chuvisco;Reta
quarta-feira;MT;Restricao de Visibilidade;Colisao traseira;Com Vitimas Feridas;Amanhecer;Nevoeiro/Neblina;Reta
quarta-feira;ES;Desobediencia nas normas de transito pelo condutor;Colisao transversal;Com Vitimas Feridas;Pleno dia;Ceu Claro;Intersecao de vias
quarta-feira;AL;Ultrapassagem Indevida;Colisao lateral;Sem Vitimas;Amanhecer;Chuva;Curva
quarta-feira;ES;Velocidade Incompativel;Capotamento;Sem Vitimas;Pleno dia;Ceu Claro;Nao Informado
quarta-feira;GO;Mal Subito;Colisao frontal;Com Vitimas Fatais;Pleno dia;Ceu Claro;Reta
quarta-feira;ES;Falta de Atencao Conducao;Colisao traseira;Com Vitimas Feridas;Pleno dia;Sol;Reta
terca-feira;PA;Falta de Atencao Conducao;Queda de ocupante de veiculo;Com Vitimas Feridas;Pleno dia;Ceu Claro;Reta
quarta-feira;PR;Falta de Atencao Conducao;Colisao lateral;Com Vitimas Feridas;Pleno dia;Ceu Claro;Reta
quarta-feira;BA;Nao guardar distancia de seguranca;Colisao com objeto estatico;Com Vitimas Feridas;Pleno dia;Ceu Claro;Reta
quarta-feira;BA;Desobediencia nas normas de transito pelo condutor;Colisao transversal;Com Vitimas Feridas;Pleno dia;Ceu Claro;Reta
terca-feira;BA;Ultrapassagem Indevida;Colisao lateral;Sem Vitimas;Plena Noite;Ceu Claro;Curva
terca-feira;SP;Sinalizacao da via insuficiente ou inadequada;Engavetamento;Com Vitimas Fatais;Plena Noite;Ceu Claro;Reta
quarta-feira;MG;Falta de Atencao Conducao;Colisao traseira;Com Vitimas Fatais;Amanhecer;Ceu Claro;Nao Informado
quarta-feira;MG;Nao guardar distancia de seguranca;Colisao traseira;Com Vitimas Feridas;Pleno dia;Ceu Claro;Reta
quarta-feira;SC;Desobediencia nas normas de transito pelo condutor;Colisao frontal;Com Vitimas Feridas;Amanhecer;Nublado;Curva
quarta-feira;MG;Velocidade Incompativel;Colisao lateral;Com Vitimas Feridas;Pleno dia;Sol;Reta
quarta-feira;SP;Desobediencia nas normas de transito pelo condutor;Colisao transversal;Com Vitimas Feridas;Pleno dia;Ceu Claro;Reta
quarta-feira;SC;Desobediencia nas normas de transito pelo condutor;Colisao lateral;Com Vitimas Feridas;Pleno dia;Ceu Claro;Curva
terca-feira;PB;Desobediencia nas normas de transito pelo condutor;Colisao lateral;Com Vitimas Feridas;Plena Noite;Ceu Claro;Reta
quarta-feira;GO;Desobediencia nas normas de transito pelo condutor;Colisao traseira;Com Vitimas Feridas;Pleno dia;Ceu Claro;Curva
quarta-feira;RS;Desobediencia nas normas de transito pelo condutor;Tombamento;Com Vitimas Feridas;Pleno dia;Nublado;Reta
quarta-feira;CE;Defeito na Via;Saida de leito carrocavel;Com Vitimas Feridas;Pleno dia;Chuva;Curva
quarta-feira;ES;Falta de Atencao Conducao;Engavetamento;Com Vitimas Feridas;Pleno dia;Ceu Claro;Reta
quarta-feira;SP;Nao guardar distancia de seguranca;Colisao traseira;Com Vitimas Feridas;Pleno dia;Sol;Reta
quarta-feira;PE;Pista Escorregadia;Tombamento;Com Vitimas Feridas;Amanhecer;Ignorado;Reta
quarta-feira;PB;Mal Subito;Colisao com objeto estatico;Com Vitimas Fatais;Pleno dia;Ceu Claro;Reta
quarta-feira;MT;Falta de Atencao Conducao;Queda de ocupante de veiculo;Com Vitimas Feridas;Pleno dia;Ceu Claro;Reta
quarta-feira;RS;Falta de Atencao Conducao;Colisao transversal;Com Vitimas Feridas;Pleno dia;Ceu Claro;Rotatoria
quarta-feira;SP;Falta de Atencao Conducao;Colisao traseira;Com Vitimas Feridas;Pleno dia;Ceu Claro;Desvio Temporario
quarta-feira;RJ;Falta de Atencao Conducao;Colisao lateral;Com Vitimas Feridas;Pleno dia;Ceu Claro;Reta
quarta-feira;ES;Avarias e/ou desgaste excessivo no pneu;Queda de ocupante de veiculo;Com Vitimas Feridas;Pleno dia;Ceu Claro;Reta
quarta-feira;GO;Defeito Mecanico no Veiculo;Incendio;Sem Vitimas;Pleno dia;Ceu Claro;Desvio Temporario
quarta-feira;MG;Falta de Atencao Conducao;Colisao traseira;Com Vitimas Feridas;Pleno dia;Ceu Claro;Rotatoria
quarta-feira;MG;Velocidade Incompativel;Tombamento;Com Vitimas Feridas;Pleno dia;Ceu Claro;Curva
quarta-feira;ES;Falta de Atencao Conducao;Colisao lateral;Com Vitimas Feridas;Pleno dia;Ceu Claro;Reta
quarta-feira;RJ;Carga excessiva e/ou mal acondicionada;Tombamento;Com Vitimas Feridas;Pleno dia;Ceu Claro;Nao Informado
quarta-feira;MG;Avarias e/ou desgaste excessivo no pneu;Tombamento;Com Vitimas Feridas;Pleno dia;Sol;Nao Informado
quarta-feira;SP;Pista Escorregadia;Tombamento;Com Vitimas Feridas;Pleno dia;Ceu Claro;Curva
quarta-feira;CE;Avarias e/ou desgaste excessivo no pneu;Saida de leito carrocavel;Com Vitimas Feridas;Amanhecer;Chuva;Desvio Temporario
quarta-feira;SP;Mal Subito;Colisao traseira;Com Vitimas Feridas;Pleno dia;Sol;Reta
quarta-feira;SC;Desobediencia nas normas de transito pelo condutor;Colisao transversal;Com Vitimas Feridas;Pleno dia;Ceu Claro;Reta
quarta-feira;PE;Falta de Atencao do Pedestre;Atropelamento de Pedestre;Com Vitimas Fatais;Pleno dia;Sol;Retorno Regulamentado
quarta-feira;GO;Falta de Atencao Conducao;Colisao com objeto estatico;Com Vitimas Feridas;Pleno dia;Sol;Nao Informado
quarta-feira;RS;Falta de Atencao Conducao;Colisao traseira;Com Vitimas Feridas;Pleno dia;Nublado;Reta
quarta-feira;SE;Velocidade Incompativel;Colisao com objeto estatico;Com Vitimas Feridas;Pleno dia;Nublado;Reta
quarta-feira;SC;Falta de Atencao Conducao;Colisao traseira;Com Vitimas Feridas;Pleno dia;Ceu Claro;Reta
quarta-feira;SE;Falta de Atencao Conducao;Colisao lateral;Sem Vitimas;Pleno dia;Nublado;Reta
quarta-feira;AC;Falta de Atencao Conducao;Colisao traseira;Sem Vitimas;Pleno dia;Ceu Claro;Reta
quarta-feira;PR;Sinalizacao da via insuficiente ou inadequada;Engavetamento;Com Vitimas Feridas;Pleno dia;Ceu Claro;Curva
quarta-feira;PR;Falta de Atencao Conducao;Colisao frontal;Com Vitimas Feridas;Pleno dia;Ceu Claro;Reta
terca-feira;PB;Defeito Mecanico no Veiculo;Colisao com objeto estatico;Sem Vitimas;Pleno dia;Sol;Reta
quarta-feira;BA;Desobediencia nas normas de transito pelo condutor;Colisao transversal;Com Vitimas Feridas;Pleno dia;Ceu Claro;Reta
quarta-feira;PR;Falta de Atencao Conducao;Colisao traseira;Com Vitimas Feridas;Pleno dia;Nublado;Curva
quarta-feira;RJ;Falta de Atencao Conducao;Tombamento;Com Vitimas Feridas;Pleno dia;Ceu Claro;Reta
sexta-feira;PR;Pista Escorregadia;Queda de ocupante de veiculo;Com Vitimas Feridas;Plena Noite;Ignorado;Reta
quarta-feira;RO;Ultrapassagem Indevida;Colisao traseira;Sem Vitimas;Pleno dia;Ceu Claro;Desvio Temporario
quarta-feira;PE;Nao guardar distancia de seguranca;Colisao traseira;Sem Vitimas;Pleno dia;Ceu Claro;Reta
domingo;RJ;Velocidade Incompativel;Capotamento;Sem Vitimas;Pleno dia;Ceu Claro;Reta
quarta-feira;ES;Falta de Atencao Conducao;Colisao transversal;Com Vitimas Feridas;Pleno dia;Sol;Rotatoria
quarta-feira;MG;Desobediencia nas normas de transito pelo condutor;Colisao lateral;Com Vitimas Feridas;Pleno dia;Sol;Curva
quarta-feira;RJ;Desobediencia nas normas de transito pelo condutor;Colisao transversal;Com Vitimas Feridas;Pleno dia;Sol;Rotatoria
quarta-feira;MG;Velocidade Incompativel;Colisao lateral;Com Vitimas Feridas;Pleno dia;Sol;Curva
sabado;PR;Desobediencia nas normas de transito pelo condutor;Colisao transversal;Com Vitimas Feridas;Plena Noite;Nublado;Reta
quarta-feira;GO;Falta de Atencao Conducao;Colisao lateral;Sem Vitimas;Pleno dia;Ceu Claro;Reta
quarta-feira;RS;Condutor Dormindo;Colisao frontal;Com Vitimas Feridas;Pleno dia;Nublado;Curva
quarta-feira;MG;Ingestao de Alcool;Tombamento;Com Vitimas Feridas;Pleno dia;Nublado;Reta
quarta-feira;SP;Falta de Atencao Conducao;Saida de leito carrocavel;Com Vitimas Feridas;Pleno dia;Ceu Claro;Reta
quarta-feira;SP;Ultrapassagem Indevida;Colisao frontal;Com Vitimas Feridas;Pleno dia;Ceu Claro;Reta
quarta-feira;RS;Mal Subito;Saida de leito carrocavel;Com Vitimas Feridas;Pleno dia;Ceu Claro;Reta
quarta-feira;SP;Falta de Atencao Conducao;Colisao lateral;Com Vitimas Feridas;Pleno dia;Nublado;Reta
domingo;PR;Falta de Atencao Conducao;Tombamento;Com Vitimas Feridas;Plena Noite;Ceu Claro;Nao Informado
quarta-feira;SC;Defeito na Via;Tombamento;Com Vitimas Feridas;Pleno dia;Ceu Claro;Reta
quarta-feira;RN;Falta de Atencao Conducao;Colisao traseira;Sem Vitimas;Pleno dia;Nublado;Intersecao de vias
quarta-feira;RS;Desobediencia nas normas de transito pelo condutor;Colisao transversal;Sem Vitimas;Pleno dia;Ceu Claro;Reta
domingo;PB;Animais na Pista;Atropelamento de Animal;Com Vitimas Feridas;Plena Noite;Ceu Claro;Reta
quarta-feira;BA;Falta de Atencao Conducao;Colisao lateral;Com Vitimas Feridas;Pleno dia;Ceu Claro;Nao Informado
quarta-feira;TO;Falta de Atencao Conducao;Queda de ocupante de veiculo;Com Vitimas Feridas;Pleno dia;Garoa/Chuvisco;Rotatoria
quarta-feira;SC;Defeito Mecanico no Veiculo;Queda de ocupante de veiculo;Com Vitimas Feridas;Pleno dia;Ceu Claro;Reta
quinta-feira;PE;Agressao Externa;Saida de leito carrocavel;Com Vitimas Feridas;Pleno dia;Ignorado;Reta
terca-feira;BA;Condutor Dormindo;Colisao frontal;Com Vitimas Fatais;Pleno dia;Ceu Claro;Reta
segunda-feira;AL;Pista Escorregadia;Saida de leito carrocavel;Com Vitimas Feridas;Pleno dia;Chuva;Curva
quarta-feira;SC;Velocidade Incompativel;Colisao com objeto estatico;Com Vitimas Feridas;Pleno dia;Chuva;Nao Informado
quarta-feira;SC;Falta de Atencao Conducao;Colisao lateral;Com Vitimas Feridas;Pleno dia;Sol;Nao Informado
quarta-feira;MG;Velocidade Incompativel;Tombamento;Com Vitimas Feridas;Pleno dia;Ceu Claro;Intersecao de vias
quarta-feira;MG;Velocidade Incompativel;Colisao com objeto estatico;Com Vitimas Feridas;Pleno dia;Ceu Claro;Reta
quarta-feira;SC;Falta de Atencao Conducao;Colisao transversal;Com Vitimas Feridas;Pleno dia;Sol;Reta
quarta-feira;PB;Falta de Atencao Conducao;Colisao traseira;Com Vitimas Feridas;Pleno dia;Sol;Desvio Temporario
quarta-feira;SP;Defeito Mecanico no Veiculo;Tombamento;Com Vitimas Feridas;Pleno dia;Ceu Claro;Desvio Temporario
quarta-feira;MG;Nao guardar distancia de seguranca;Colisao traseira;Com Vitimas Feridas;Pleno dia;Nublado;Reta
quarta-feira;MT;Pista Escorregadia;Colisao com objeto estatico;Com Vitimas Feridas;Pleno dia;Chuva;Desvio Temporario
quarta-feira;RJ;Sinalizacao da via insuficiente ou inadequada;Tombamento;Com Vitimas Feridas;Pleno dia;Ceu Claro;Reta
quarta-feira;PI;Falta de Atencao Conducao;Capotamento;Com Vitimas Feridas;Pleno dia;Sol;Curva