dia_semana;uf;causa_acidente;tipo_acidente;classificacao_acidente;fase_dia;condicao_metereologica;tracado_via
quarta-feira;ES;Defeito Mecanico no Veiculo;Incendio;Sem Vitimas;Pleno dia;Sol;Reta
quarta-feira;PR;Falta de Atencao Conducao;Colisao lateral;Com Vitimas Feridas;Pleno dia;Nublado;Reta
quarta-feira;AL;Pista Escorregadia;Capotamento;Sem Vitimas;Pleno dia;Chuva;Curva
quarta-feira;MS;Ultrapassagem Indevida;Saida de leito carrocavel;Com Vitimas Feridas;Pleno dia;Ceu Claro;Nao Informado
quarta-feira;RJ;Falta de Atencao Conducao;Colisao lateral;Com Vitimas Feridas;Pleno dia;Ceu Claro;Intersecao de vias
quarta-feira;PR;Nao guardar distancia de seguranca;Colisao traseira;Com Vitimas Feridas;Pleno dia;Chuva;Reta
quarta-feira;PR;Velocidade Incompativel;Saida de leito carrocavel;Com Vitimas Feridas;Pleno dia;Nublado;Reta
quarta-feira;ES;Falta de Atencao Conducao;Colisao lateral;Com Vitimas Feridas;Pleno dia;Ceu Claro;Reta
quarta-feira;MG;Velocidade Incompativel;Saida de leito carrocavel;Sem Vitimas;Pleno dia;Nublado;Curva
quarta-feira;SP;Desobediencia nas normas de transito pelo condutor;Saida de leito carrocavel;Com Vitimas Feridas;Pleno dia;Nublado;Reta
quarta-feira;SE;Ultrapassagem Indevida;Colisao frontal;Com Vitimas Feridas;Pleno dia;Chuva;Reta
quarta-feira;PR;Falta de Atencao Conducao;Colisao frontal;Com Vitimas Feridas;Pleno dia;Ignorado;Nao Informado
quarta-feira;MT;Velocidade Incompativel;Saida de leito carrocavel;Sem Vitimas;Pleno dia;Chuva;Curva
quarta-feira;AL;Falta de Atencao Conducao;Capotamento;Com Vitimas Feridas;Pleno dia;Nublado;Reta
quarta-feira;RS;Desobediencia nas normas de transito pelo condutor;Colisao traseira;Com Vitimas Feridas;Pleno dia;Ceu Claro;Reta
quarta-feira;SC;Falta de Atencao Conducao;Colisao traseira;Com Vitimas Feridas;Pleno dia;Ceu Claro;Reta
quarta-feira;AC;Falta de Atencao Conducao;Colisao traseira;Com Vitimas Feridas;Pleno dia;Nublado;Reta
terca-feira;BA;Falta de Atencao Conducao;Saida de leito carrocavel;Com Vitimas Feridas;Pleno dia;Sol;Reta
quarta-feira;ES;Desobediencia nas normas de transito pelo condutor;Queda de ocupante de veiculo;Com Vitimas Feridas;Pleno dia;Ceu Claro;Ponte
quarta-feira;SC;Desobediencia nas normas de transito pelo condutor;Colisao transversal;Com Vitimas Feridas;Pleno dia;Ceu Claro;Reta
quarta-feira;PR;Falta de Atencao Conducao;Colisao com objeto estatico;Com Vitimas Feridas;Pleno dia;Chuva;Reta
quarta-feira;DF;Falta de Atencao Conducao;Colisao transversal;Com Vitimas Feridas;Anoitecer;Ceu Claro;Reta
quarta-feira;RS;Desobediencia nas normas de transito pelo condutor;Colisao transversal;Sem Vitimas;Pleno dia;Ceu Claro;Rotatoria
quarta-feira;SC;Falta de Atencao Conducao;Colisao lateral;Com Vitimas Feridas;Plena Noite;Nublado;Reta
quarta-feira;BA;Desobediencia nas normas de transito pelo condutor;Colisao transversal;Com Vitimas Feridas;Pleno dia;Nublado;Reta
segunda-feira;PA;Desobediencia nas normas de transito pelo condutor;Colisao frontal;Com Vitimas Fatais;Plena Noite;Nublado;Reta
quarta-feira;ES;Falta de Atencao Conducao;Colisao lateral;Com Vitimas Feridas;Plena Noite;Ceu Claro;Reta
quarta-feira;CE;Restricao de Visibilidade;Atropelamento de Pedestre;Com Vitimas Fatais;Plena Noite;Chuva;Reta
quarta-feira;CE;Desobediencia nas normas de transito pelo condutor;Colisao traseira;Com Vitimas Feridas;Plena Noite;Chuva;Reta
quarta-feira;PE;Desobediencia nas normas de transito pelo condutor;Colisao transversal;Com Vitimas Feridas;Plena Noite;Vento;Reta
quarta-feira;PR;Desobediencia nas normas de transito pelo condutor;Colisao transversal;Com Vitimas Feridas;Anoitecer;Garoa/Chuvisco;Intersecao de vias
quarta-feira;RO;Nao guardar distancia de seguranca;Colisao lateral;Com Vitimas Feridas;Anoitecer;Ceu Claro;Intersecao de vias
quarta-feira;RN;Mal Subito;Colisao lateral;Com Vitimas Feridas;Plena Noite;Garoa/Chuvisco;Nao Informado
quarta-feira;ES;Falta de Atencao Conducao;Colisao transversal;Com Vitimas Feridas;Plena Noite;Ceu Claro;Reta
quarta-feira;RO;Desobediencia nas normas de transito pelo condutor;Saida de leito carrocavel;Com Vitimas Feridas;Pleno dia;Ceu Claro;Nao Informado
quarta-feira;MS;Falta de Atencao Conducao;Colisao frontal;Com Vitimas Feridas;Plena Noite;Ceu Claro;Reta
quarta-feira;SC;Falta de Atencao Conducao;Engavetamento;Com Vitimas Feridas;Plena Noite;Chuva;Reta
quarta-feira;PR;Velocidade Incompativel;Saida de leito carrocavel;Com Vitimas Feridas;Plena Noite;Chuva;Curva
quarta-feira;PR;Ingestao de Alcool e/ou substancias psicoativas pelo pedestre;Colisao traseira;Com Vitimas Feridas;Plena Noite;Garoa/Chuvisco;Reta
quarta-feira;PE;Ingestao de Alcool;Saida de leito carrocavel;Sem Vitimas;Plena Noite;Ceu Claro;Curva
segunda-feira;RJ;Mal Subito;Colisao traseira;Com Vitimas Feridas;Pleno dia;Ignorado;Reta
quarta-feira;ES;Mal Subito;Colisao com objeto estatico;Com Vitimas Feridas;Plena Noite;Ceu Claro;Reta
quarta-feira;ES;Falta de Atencao Conducao;Colisao frontal;Sem Vitimas;Plena Noite;Ceu Claro;Reta
quarta-feira;TO;Desobediencia nas normas de transito pelo condutor;Colisao transversal;Com Vitimas Fatais;Plena Noite;Nublado;Reta
quarta-feira;SC;Desobediencia nas normas de transito pelo condutor;Tombamento;Com Vitimas Feridas;Pleno dia;Garoa/Chuvisco;Reta
quarta-feira;AL;Fenomenos da Natureza;Capotamento;Com Vitimas Feridas;Plena Noite;Chuva;Curva
quarta-feira;SC;Falta de Atencao Conducao;Tombamento;Com Vitimas Feridas;Plena Noite;Nublado;Reta
quarta-feira;SC;Falta de Atencao Conducao;Colisao traseira;Sem Vitimas;Plena Noite;Ceu Claro;Reta
quarta-feira;SC;Ingestao de Alcool;Colisao transversal;Com Vitimas Feridas;Pleno dia;Ceu Claro;Viaduto
quarta-feira;SC;Velocidade Incompativel;Saida de leito carrocavel;Sem Vitimas;Plena Noite;Chuva;Curva
quarta-feira;SC;Falta de Atencao Conducao;Saida de leito carrocavel;Com Vitimas Feridas;Pleno dia;Ignorado;Nao Informado
quinta-feira;MG;Ingestao de Alcool e/ou substancias psicoativas pelo pedestre;Saida de leito carrocavel;Sem Vitimas;Plena Noite;Ceu Claro;Reta
quarta-feira;SP;Ingestao de Alcool;Capotamento;Com Vitimas Feridas;Plena Noite;Ignorado;Reta
quarta-feira;MG;Nao guardar distancia de seguranca;Colisao traseira;Com Vitimas Fatais;Plena Noite;Ceu Claro;Reta
quinta-feira;PE;Falta de Atencao Conducao;Saida de leito carrocavel;Com Vitimas Feridas;Plena Noite;Ceu Claro;Reta
quarta-feira;SC;Falta de Atencao Conducao;Tombamento;Com Vitimas Feridas;Plena Noite;Garoa/Chuvisco;Rotatoria
quarta-feira;RO;Falta de Atencao Conducao;Colisao lateral;Sem Vitimas;Plena Noite;Garoa/Chuvisco;Nao Informado
quarta-feira;MG;Ingestao de Alcool;Saida de leito carrocavel;Sem Vitimas;Plena Noite;Ceu Claro;Reta
quinta-feira;PE;Nao guardar distancia de seguranca;Colisao traseira;Com Vitimas Feridas;Plena Noite;Ceu Claro;Reta
quinta-feira;PR;Carga excessiva e/ou mal acondicionada;Derramamento de carga;Com Vitimas Feridas;Plena Noite;Ceu Claro;Reta
quarta-feira;GO;Falta de Atencao Conducao;Colisao traseira;Com Vitimas Feridas;Plena Noite;Ceu Claro;Reta
quinta-feira;PR;Velocidade Incompativel;Tombamento;Sem Vitimas;Plena Noite;Ignorado;Curva
quinta-feira;PA;Falta de Atencao Conducao;Tombamento;Com Vitimas Feridas;Plena Noite;Chuva;Nao Informado
quinta-feira;MG;Condutor Dormindo;Saida de leito carrocavel;Com Vitimas Feridas;Amanhecer;Ceu Claro;Nao Informado
quinta-feira;SP;Ingestao de Alcool;Colisao com objeto estatico;Com Vitimas Feridas;Plena Noite;Nublado;Nao Informado
quinta-feira;SC;Falta de Atencao Conducao;Colisao traseira;Com Vitimas Feridas;Plena Noite;Nublado;Reta
quinta-feira;PE;Falta de Atencao Conducao;Colisao transversal;Com Vitimas Feridas;Pleno dia;Sol;Nao Informado
quinta-feira;SC;Falta de Atencao Conducao;Saida de leito carrocavel;Com Vitimas Feridas;Amanhecer;Nublado;Rotatoria
quinta-feira;PB;Velocidade Incompativel;Colisao com objeto estatico;Com Vitimas Feridas;Pleno dia;Garoa/Chuvisco;Nao Informado
quinta-feira;PR;Falta de Atencao Conducao;Tombamento;Sem Vitimas;Amanhecer;Ceu Claro;Reta
quinta-feira;PR;Ingestao de Alcool;Colisao com objeto estatico;Sem Vitimas;Amanhecer;Ceu Claro;Reta
sabado;PR;Falta de Atencao Conducao;Tombamento;Com Vitimas Feridas;Pleno dia;Ceu Claro;Reta
quinta-feira;PE;Falta de Atencao Conducao;Colisao traseira;Com Vitimas Feridas;Pleno dia;Nublado;Reta
quinta-feira;MG;Ingestao de Alcool;Colisao transversal;Sem Vitimas;Pleno dia;Ceu Claro;Nao Informado
quinta-feira;RS;Nao guardar distancia de seguranca;Colisao traseira;Com Vitimas Feridas;Pleno dia;Sol;Reta
quinta-feira;SP;Falta de Atencao Conducao;Tombamento;Com Vitimas Feridas;Pleno dia;Ceu Claro;Curva
quinta-feira;ES;Velocidade Incompativel;Colisao lateral;Com Vitimas Feridas;Pleno dia;Ceu Claro;Reta
quinta-feira;GO;Defeito Mecanico no Veiculo;Queda de ocupante de veiculo;Com Vitimas Feridas;Pleno dia;Sol;Nao Informado
quinta-feira;MS;Defeito Mecanico no Veiculo;Colisao com objeto em movimento;Com Vitimas Feridas;Pleno dia;Nublado;Reta
quarta-feira;RJ;Desobediencia nas normas de transito pelo condutor;Colisao frontal;Com Vitimas Feridas;Plena Noite;Nublado;Reta
quinta-feira;TO;Desobediencia nas normas de transito pelo condutor;Colisao lateral;Com Vitimas Fatais;Pleno dia;Ceu Claro;Reta
quinta-feira;PR;Falta de Atencao Conducao;Colisao lateral;Com Vitimas Feridas;Pleno dia;Nublado;Reta
quinta-feira;RJ;Mal Subito;Atropelamento de Pedestre;Com Vitimas Feridas;Plena Noite;Nublado;Reta
quinta-feira;BA;Falta de Atencao Conducao;Colisao traseira;Sem Vitimas;Pleno dia;Ceu Claro;Reta
quinta-feira;PR;Falta de Atencao Conducao;Colisao lateral;Com Vitimas Feridas;Pleno dia;Ceu Claro;Reta
quinta-feira;PE;Nao guardar distancia de seguranca;Colisao traseira;Com Vitimas Feridas;Pleno dia;Sol;Reta
quinta-feira;PR;Velocidade Incompativel;Colisao traseira;Sem Vitimas;Pleno dia;Ceu Claro;Curva
terca-feira;PB;Ingestao de Alcool;Atropelamento de Animal;Com Vitimas Feridas;Plena Noite;Ceu Claro;Reta
quinta-feira;ES;Mal Subito;Colisao com objeto estatico;Com Vitimas Feridas;Pleno dia;Ceu Claro;Desvio Temporario
quinta-feira;MS;Defeito Mecanico no Veiculo;Tombamento;Com Vitimas Feridas;Pleno dia;Ceu Claro;Reta
quinta-feira;BA;Desobediencia nas normas de transito pelo condutor;Colisao frontal;Com Vitimas Feridas;Amanhecer;Ceu Claro;Reta
quinta-feira;SC;Falta de Atencao Conducao;Colisao traseira;Com Vitimas Feridas;Pleno dia;Sol;Reta
terca-feira;BA;Desobediencia nas normas de transito pelo condutor;Colisao frontal;Com Vitimas Feridas;Pleno dia;Ceu Claro;Reta
quinta-feira;PE;Falta de Atencao Conducao;Colisao frontal;Sem Vitimas;Pleno dia;Ceu Claro;Reta
quinta-feira;RS;Falta de Atencao Conducao;Engavetamento;Com Vitimas Feridas;Pleno dia;Ceu Claro;Reta
quinta-feira;MG;Falta de Atencao Conducao;Saida de leito carrocavel;Sem Vitimas;Pleno dia;Nublado;Curva
quinta-feira;PR;Velocidade Incompativel;Engavetamento;Sem Vitimas;Pleno dia;Ceu Claro;Curva
quinta-feira;BA;Desobediencia nas normas de transito pelo condutor;Colisao lateral;Com Vitimas Feridas;Pleno dia;Ceu Claro;Rotatoria
segunda-feira;ES;Falta de Atencao Conducao;Colisao lateral;Com Vitimas Feridas;Amanhecer;Ceu Claro;Reta
quinta-feira;ES;Desobediencia nas normas de transito pelo condutor;Colisao traseira;Com Vitimas Feridas;Pleno dia;Ceu Claro;Reta
quinta-feira;SP;Falta de Atencao Conducao;Saida de leito carrocavel;Com Vitimas Feridas;Pleno dia;Ceu Claro;Reta
quinta-feira;SC;Nao guardar distancia de seguranca;Tombamento;Com Vitimas Feridas;Pleno dia;Nublado;Reta
quinta-feira;MT;Velocidade Incompativel;Capotamento;Com Vitimas Feridas;Pleno dia;Nublado;Reta
quinta-feira;PB;Falta de Atencao Conducao;Colisao lateral;Com Vitimas Feridas;Pleno dia;Ceu Claro;Rotatoria
quinta-feira;PR;Falta de Atencao Conducao;Colisao transversal;Com Vitimas Feridas;Pleno dia;Nublado;Curva
quinta-feira;RS;Ingestao de Alcool;Colisao transversal;Com Vitimas Feridas;Pleno dia;Ceu Claro;Reta
quinta-feira;MT;Defeito Mecanico no Veiculo;Saida de leito carrocavel;Com Vitimas Feridas;Pleno dia;Garoa/Chuvisco;Nao Informado
quinta-feira;SC;Nao guardar distancia de seguranca;Colisao traseira;Com Vitimas Feridas;Pleno dia;Sol;Reta
terca-feira;MG;Velocidade Incompativel;Saida de leito carrocavel;Sem Vitimas;Pleno dia;Chuva;Curva
quinta-feira;PR;Falta de Atencao Conducao;Saida de leito carrocavel;Com Vitimas Feridas;Pleno dia;Sol;Reta
quinta-feira;PR;Agressao Externa;Incendio;Sem Vitimas;Pleno dia;Nublado;Curva
quinta-feira;PB;Velocidade Incompativel;Colisao traseira;Com Vitimas Feridas;Pleno dia;Ceu Claro;Reta
quinta-feira;MG;Velocidade Incompativel;Colisao lateral;Sem Vitimas;Amanhecer;Chuva;Curva
segunda-feira;MG;Falta de Atencao Conducao;Queda de ocupante de veiculo;Com Vitimas Feridas;Pleno dia;Ceu Claro;Reta
quinta-feira;RJ;Nao guardar distancia de seguranca;Colisao traseira;Sem Vitimas;Pleno dia;Ceu Claro;Reta
quinta-feira;AL;Falta de Atencao Conducao;Colisao traseira;Sem Vitimas;Pleno dia;Sol;Reta
quinta-feira;RJ;Nao guardar distancia de seguranca;Colisao lateral;Com Vitimas Feridas;Pleno dia;Ceu Claro;Curva
quinta-feira;RS;Falta de Atencao Conducao;Saida de leito carrocavel;Com Vitimas Feridas;Pleno dia;Ceu Claro;Intersecao de vias
quinta-feira;SC;Velocidade Incompativel;Colisao lateral;Com Vitimas Feridas;Pleno dia;Nublado;Nao Informado
quinta-feira;PR;Condutor Dormindo;Saida de leito carrocavel;Com Vitimas Feridas;Pleno dia;Sol;Reta
quinta-feira;RJ;Falta de Atencao Conducao;Colisao traseira;Sem Vitimas;Pleno dia;Ceu Claro;Intersecao de vias
sabado;GO;Falta de Atencao Conducao;Saida de leito carrocavel;Com Vitimas Feridas;Pleno dia;Ceu Claro;Reta
quinta-feira;PB;Condutor Dormindo;Colisao frontal;Com Vitimas Feridas;Pleno dia;Nublado;Reta
quinta-feira;TO;Defeito Mecanico no Veiculo;Saida de leito carrocavel;Com Vitimas Feridas;Pleno dia;Sol;Reta
quinta-feira;SP;Falta de Atencao Conducao;Colisao traseira;Sem Vitimas;Pleno dia;Sol;Curva
quinta-feira;TO;Falta de Atencao Conducao;Colisao lateral;Com Vitimas Feridas;Pleno dia;Ceu Claro;Reta
quinta-feira;SP;Ultrapassagem Indevida;Saida de leito carrocavel;Com Vitimas Feridas;Pleno dia;Nublado;Reta
quinta-feira;MG;Nao guardar distancia de seguranca;Colisao traseira;Com Vitimas Feridas;Pleno dia;Ceu Claro;Reta
quinta-feira;RN;Defeito Mecanico no Veiculo;Colisao lateral;Com Vitimas Feridas;Pleno dia;Ceu Claro;Curva
quinta-feira;PR;Velocidade Incompativel;Colisao traseira;Sem Vitimas;Pleno dia;Ceu Claro;Reta
segunda-feira;DF;Desobediencia nas normas de transito pelo condutor;Colisao traseira;Com Vitimas Feridas;Pleno dia;Nublado;Reta
quinta-feira;GO;Desobediencia nas normas de transito pelo condutor;Colisao traseira;Com Vitimas Feridas;Pleno dia;Ceu Claro;Reta
quinta-feira;SC;Desobediencia nas normas de transito pelo condutor;Colisao lateral;Com Vitimas Feridas;Pleno dia;Garoa/Chuvisco;Reta
quinta-feira;PE;Falta de Atencao Conducao;Engavetamento;Com Vitimas Feridas;Pleno dia;Ceu Claro;Nao Informado
quinta-feira;MA;Falta de Atencao Conducao;Colisao transversal;Sem Vitimas;Pleno dia;Sol;Reta
quinta-feira;SP;Nao guardar distancia de seguranca;Colisao traseira;Sem Vitimas;Pleno dia;Ceu Claro;Curva
quinta-feira;BA;Defeito Mecanico no Veiculo;Incendio;Sem Vitimas;Pleno dia;Chuva;Reta
quinta-feira;GO;Falta de Atencao Conducao;Colisao transversal;Com Vitimas Feridas;Pleno dia;Ceu Claro;Intersecao de vias
quinta-feira;PR;Defeito Mecanico no Veiculo;Queda de ocupante de veiculo;Com Vitimas Feridas;Pleno dia;Sol;Reta
quinta-feira;PB;Velocidade Incompativel;Saida de leito carrocavel;Com Vitimas Feridas;Pleno dia;Chuva;Curva
quinta-feira;PE;Desobediencia nas normas de transito pelo condutor;Colisao frontal;Com Vitimas Feridas;Pleno dia;Ceu Claro;Reta
quinta-feira;RJ;Falta de Atencao Conducao;Colisao com objeto estatico;Com Vitimas Feridas;Pleno dia;Ceu Claro;Curva
quinta-feira;PR;Falta de Atencao Conducao;Colisao transversal;Com Vitimas Feridas;Pleno dia;Ceu Claro;Intersecao de vias
quinta-feira;PR;Falta de Atencao Conducao;Colisao lateral;Com Vitimas Feridas;Pleno dia;Chuva;Reta
quinta-feira;GO;Desobediencia nas normas de transito pelo condutor;Colisao com objeto em movimento;Com Vitimas Feridas;Pleno dia;Ceu Claro;Retorno Regulamentado
quinta-feira;SP;Falta de Atencao Conducao;Colisao traseira;Sem Vitimas;Pleno dia;Ceu Claro;Retorno Regulamentado
quinta-feira;DF;Defeito Mecanico no Veiculo;Derramamento de carga;Sem Vitimas;Pleno dia;Nublado;Desvio Temporario
quinta-feira;MG;Falta de Atencao Conducao;Colisao traseira;Sem Vitimas;Pleno dia;Garoa/Chuvisco;Curva
quinta-feira;PR;Falta de Atencao Conducao;Colisao traseira;Sem Vitimas;Pleno dia;Sol;Reta
quinta-feira;RJ;Falta de Atencao Conducao;Atropelamento de Pedestre;Com Vitimas Feridas;Pleno dia;Nublado;Reta
quinta-feira;GO;Falta de Atencao Conducao;Colisao lateral;Sem Vitimas;Pleno dia;Ceu Claro;Nao Informado
quinta-feira;RS;Desobediencia nas normas de transito pelo condutor;Tombamento;Com Vitimas Feridas;Pleno dia;Ceu Claro;Reta
quinta-feira;MT;Ingestao de Alcool;Queda de ocupante de veiculo;Com Vitimas Feridas;Pleno dia;Ceu Claro;Reta
quinta-feira;BA;Velocidade Incompativel;Tombamento;Com Vitimas Feridas;Pleno dia;Ceu Claro;Nao Informado
quinta-feira;BA;Falta de Atencao Conducao;Colisao lateral;Com Vitimas Feridas;Pleno dia;Nublado;Reta
quinta-feira;PI;Falta de Atencao Conducao;Queda de ocupante de veiculo;Com Vitimas Feridas;Pleno dia;Ceu Claro;Reta
quinta-feira;MG;Defeito Mecanico no Veiculo;Queda de ocupante de veiculo;Com Vitimas Feridas;Pleno dia;Ceu Claro;Reta
quinta-feira;PA;Desobediencia nas normas de transito pelo condutor;Colisao transversal;Com Vitimas Feridas;Pleno dia;Ceu Claro;Nao Informado
quinta-feira;BA;Falta de Atencao do Pedestre;Atropelamento de Pedestre;Com Vitimas Feridas;Anoitecer;Ceu Claro;Nao Informado
quinta-feira;RJ;Falta de Atencao Conducao;Colisao lateral;Com Vitimas Feridas;Pleno dia;Nublado;Reta
quinta-feira;RS;Defeito Mecanico no Veiculo;Saida de leito carrocavel;Com Vitimas Feridas;Pleno dia;Ceu Claro;Reta
quinta-feira;PE;Velocidade Incompativel;Colisao traseira;Sem Vitimas;Plena Noite;Chuva;Reta
quinta-feira;PR;Falta de Atencao Conducao;Capotamento;Com Vitimas Feridas;Pleno dia;Garoa/Chuvisco;Curva
quinta-feira;PR;Carga excessiva e/ou mal acondicionada;Derramamento de carga;Sem Vitimas;Pleno dia;Chuva;Curva
quinta-feira;CE;Nao guardar distancia de seguranca;Colisao traseira;Com Vitimas Feridas;Anoitecer;Ceu Claro;Nao Informado
quinta-feira;PA;Falta de Atencao Conducao;Colisao transversal;Com Vitimas Feridas;Pleno dia;Ceu Claro;Reta
quinta-feira;SC;Falta de Atencao Conducao;Colisao transversal;Com Vitimas Feridas;Pleno dia;Ceu Claro;Intersecao de vias
quinta-feira;SC;Nao guardar distancia de seguranca;Capotamento;Com Vitimas Feridas;Plena Noite;Chuva;Reta
quinta-feira;MG;Falta de Atencao Conducao;Colisao traseira;Com Vitimas Feridas;Pleno dia;Ceu Claro;Reta
quinta-feira;RO;Falta de Atencao Conducao;Colisao transversal;Com Vitimas Feridas;Pleno dia;Sol;Nao Informado
quinta-feira;BA;Falta de Atencao Conducao;Colisao transversal;Com Vitimas Feridas;Plena Noite;Ceu Claro;Intersecao de vias
quinta-feira;SC;Falta de Atencao Conducao;Colisao transversal;Com Vitimas Feridas;Pleno dia;Ceu Claro;Intersecao de vias
quinta-feira;PI;Desobediencia nas normas de transito pelo condutor;Colisao lateral;Com Vitimas Feridas;Pleno dia;Ceu Claro;Reta
quinta-feira;SE;Animais na Pista;Atropelamento de Animal;Com Vitimas Feridas;Plena Noite;Chuva;Reta
quinta-feira;DF;Falta de Atencao Conducao;Colisao lateral;Com Vitimas Feridas;Anoitecer;Nublado;Reta
quinta-feira;MT;Pista Escorregadia;Saida de leito carrocavel;Com Vitimas Feridas;Pleno dia;Chuva;Curva
quinta-feira;SC;Desobediencia nas normas de transito pelo condutor;Colisao traseira;Com Vitimas Feridas;Plena Noite;Ceu Claro;Reta
quinta-feira;PE;Falta de Atencao Conducao;Colisao lateral;Sem Vitimas;Plena Noite;Ceu Claro;Reta
quinta-feira;RJ;Falta de Atencao Conducao;Colisao transversal;Com Vitimas Feridas;Plena Noite;Nublado;Reta
quinta-feira;SC;Falta de Atencao Conducao;Colisao traseira;Com Vitimas Feridas;Plena Noite;Nublado;Reta
quinta-feira;AM;Fenomenos da Natureza;Saida de leito carrocavel;Com Vitimas Feridas;Pleno dia;Chuva;Reta
sabado;BA;Nao guardar distancia de seguranca;Colisao traseira;Com Vitimas Feridas;Pleno dia;Ceu Claro;Nao Informado
quinta-feira;ES;Desobediencia nas normas de transito pelo condutor;Colisao traseira;Com Vitimas Feridas;Plena Noite;Nublado;Reta
quinta-feira;PR;Falta de Atencao do Pedestre;Atropelamento de Pedestre;Com Vitimas Feridas;Plena Noite;Ceu Claro;Reta
quinta-feira;GO;Ingestao de Alcool;Colisao com objeto estatico;Com Vitimas Feridas;Plena Noite;Nublado;Viaduto
quinta-feira;PR;Velocidade Incompativel;Capotamento;Sem Vitimas;Plena Noite;Nublado;Reta
quinta-feira;BA;Ultrapassagem Indevida;Colisao lateral;Com Vitimas Feridas;Pleno dia;Ceu Claro;Reta
quinta-feira;RS;Falta de Atencao Conducao;Colisao lateral;Com Vitimas Feridas;Anoitecer;Ceu Claro;Reta
quinta-feira;RJ;Falta de Atencao Conducao;Colisao transversal;Com Vitimas Feridas;Plena Noite;Garoa/Chuvisco;Curva
quinta-feira;BA;Animais na Pista;Atropelamento de Animal;Com Vitimas Fatais;Plena Noite;Ceu Claro;Reta
quinta-feira;MG;Velocidade Incompativel;Saida de leito carrocavel;Com Vitimas Fatais;Pleno dia;Sol;Curva
sabado;RN;Desobediencia nas normas de transito pelo condutor;Colisao transversal;Com Vitimas Feridas;Pleno dia;Nublado;Reta
quinta-feira;MG;Velocidade Incompativel;Colisao frontal;Com Vitimas Feridas;Pleno dia;Chuva;Desvio Temporario
quinta-feira;SC;Falta de Atencao Conducao;Queda de ocupante de veiculo;Com Vitimas Feridas;Plena Noite;Chuva;Desvio Temporario
quinta-feira;MG;Ultrapassagem Indevida;Saida de leito carrocavel;Com Vitimas Feridas;Pleno dia;Ceu Claro;Reta
quinta-feira;GO;Falta de Atencao Conducao;Capotamento;Com Vitimas Feridas;Pleno dia;Ceu Claro;Curva
quinta-feira;RS;Desobediencia nas normas de transito pelo condutor;Colisao transversal;Sem Vitimas;Plena Noite;Ceu Claro;Intersecao de vias
quinta-feira;MG;Velocidade Incompativel;Colisao traseira;Com Vitimas Feridas;Plena Noite;Ceu Claro;Reta
quinta-feira;RN;Falta de Atencao Conducao;Colisao com objeto estatico;Com Vitimas Feridas;Plena Noite;Ignorado;Desvio Temporario
sexta-feira;BA;Falta de Atencao Conducao;Tombamento;Sem Vitimas;Pleno dia;Ceu Claro;Reta
quinta-feira;PR;Ingestao de Alcool e/ou substancias psicoativas pelo pedestre;Atropelamento de Pedestre;Com Vitimas Fatais;Plena Noite;Ceu Claro;Reta
quinta-feira;SC;Pista Escorregadia;Colisao com objeto estatico;Com Vitimas Feridas;Plena Noite;Chuva;Reta
quinta-feira;SP;Mal Subito;Colisao traseira;Com Vitimas Feridas;Plena Noite;Chuva;Reta
segunda-feira;PB;Falta de Atencao Conducao;Colisao transversal;Com Vitimas Feridas;Pleno dia;Chuva;Retorno Regulamentado
quinta-feira;MG;Velocidade Incompativel;Saida de leito carrocavel;Sem Vitimas;Anoitecer;Chuva;Nao Informado
quinta-feira;SC;Condutor Dormindo;Saida de leito carrocavel;Sem Vitimas;Pleno dia;Ceu Claro;Nao Informado
quinta-feira;SC;Falta de Atencao Conducao;Colisao lateral;Com Vitimas Feridas;Plena Noite;Nublado;Reta
quinta-feira;SC;Velocidade Incompativel;Capotamento;Com Vitimas Feridas;Plena Noite;Ceu Claro;Curva
quinta-feira;BA;Defeito Mecanico no Veiculo;Saida de leito carrocavel;Com Vitimas Feridas;Pleno dia;Sol;Curva
quinta-feira;PR;Falta de Atencao do Pedestre;Atropelamento de Pedestre;Com Vitimas Fatais;Plena Noite;Nublado;Reta
quinta-feira;PE;Agressao Externa;Tombamento;Com Vitimas Feridas;Plena Noite;Ceu Claro;Reta
quinta-feira;PE;Velocidade Incompativel;Capotamento;Com Vitimas Feridas;Plena Noite;Chuva;Reta
quinta-feira;PR;Desobediencia nas normas de transito pelo condutor;Colisao com objeto estatico;Sem Vitimas;Plena Noite;Nublado;Nao Informado
quinta-feira;MG;Falta de Atencao Conducao;Colisao frontal;Com Vitimas Fatais;Plena Noite;Nublado;Curva
quinta-feira;MG;Defeito Mecanico no Veiculo;Saida de leito carrocavel;Com Vitimas Feridas;Plena Noite;Ceu Claro;Curva
quinta-feira;PB;Ingestao de Alcool;Colisao transversal;Sem Vitimas;Plena Noite;Ceu Claro;Reta
quinta-feira;MG;Falta de Atencao Conducao;Saida de leito carrocavel;Com Vitimas Feridas;Plena Noite;Chuva;Retorno Regulamentado