dia_semana;uf;causa_acidente;tipo_acidente;classificacao_acidente;fase_dia;condicao_metereologica;tracado_via
domingo;MG;Condutor Dormindo;Colisao lateral;Com Vitimas Feridas;Plena Noite;Ignorado;Curva
domingo;MG;Falta de Atencao Conducao;Colisao transversal;Com Vitimas Feridas;Pleno dia;Ceu Claro;Curva
domingo;MG;Desobediencia nas normas de transito pelo condutor;Colisao transversal;Com Vitimas Feridas;Plena Noite;Ceu Claro;Reta
domingo;PR;Falta de Atencao Conducao;Colisao com objeto estatico;Com Vitimas Feridas;Pleno dia;Ceu Claro;Reta
domingo;SP;Ingestao de Alcool;Colisao com objeto estatico;Com Vitimas Feridas;Plena Noite;Ceu Claro;Curva
domingo;RR;Falta de Atencao do Pedestre;Atropelamento de Pedestre;Com Vitimas Fatais;Amanhecer;Ceu Claro;Reta
domingo;BA;Desobediencia nas normas de transito pelo condutor;Colisao transversal;Com Vitimas Feridas;Pleno dia;Ceu Claro;Reta
domingo;MA;Animais na Pista;Atropelamento de Animal;Com Vitimas Fatais;Plena Noite;Ignorado;Reta
domingo;PR;Ingestao de Alcool;Colisao traseira;Com Vitimas Feridas;Pleno dia;Ceu Claro;Reta
domingo;PR;Mal Subito;Queda de ocupante de veiculo;Com Vitimas Feridas;Pleno dia;Ceu Claro;Reta
domingo;AL;Fenomenos da Natureza;Capotamento;Com Vitimas Feridas;Pleno dia;Chuva;Reta
domingo;RS;Falta de Atencao Conducao;Saida de leito carrocavel;Com Vitimas Feridas;Pleno dia;Nublado;Reta
quinta-feira;RJ;Desobediencia nas normas de transito pelo condutor;Colisao traseira;Com Vitimas Feridas;Pleno dia;Sol;Reta
domingo;AL;Falta de Atencao Conducao;Colisao lateral;Com Vitimas Feridas;Pleno dia;Ceu Claro;Rotatoria
domingo;MG;Velocidade Incompativel;Tombamento;Com Vitimas Feridas;Amanhecer;Ceu Claro;Reta
domingo;MG;Pista Escorregadia;Capotamento;Com Vitimas Feridas;Amanhecer;Nublado;Curva
domingo;PE;Velocidade Incompativel;Colisao traseira;Com Vitimas Feridas;Pleno dia;Ceu Claro;Reta
domingo;AP;Desobediencia nas normas de transito pelo condutor;Atropelamento de Pedestre;Com Vitimas Feridas;Pleno dia;Ceu Claro;Reta
domingo;MG;Falta de Atencao Conducao;Colisao traseira;Sem Vitimas;Pleno dia;Ceu Claro;Reta
domingo;SC;Condutor Dormindo;Saida de leito carrocavel;Com Vitimas Feridas;Pleno dia;Nublado;Curva
domingo;RS;Agressao Externa;Saida de leito carrocavel;Com Vitimas Feridas;Pleno dia;Garoa/Chuvisco;Tunel
domingo;RS;Nao guardar distancia de seguranca;Colisao com objeto estatico;Sem Vitimas;Pleno dia;Ceu Claro;Reta
domingo;BA;Velocidade Incompativel;Tombamento;Com Vitimas Feridas;Pleno dia;Ceu Claro;Curva
quinta-feira;SC;Defeito Mecanico no Veiculo;Queda de ocupante de veiculo;Com Vitimas Feridas;Pleno dia;Nublado;Reta
domingo;SC;Falta de Atencao Conducao;Saida de leito carrocavel;Com Vitimas Feridas;Pleno dia;Garoa/Chuvisco;Rotatoria
domingo;PA;Carga excessiva e/ou mal acondicionada;Tombamento;Sem Vitimas;Pleno dia;Ceu Claro;Curva
domingo;RJ;Falta de Atencao Conducao;Tombamento;Com Vitimas Feridas;Pleno dia;Nublado;Curva
domingo;SC;Avarias e/ou desgaste excessivo no pneu;Saida de leito carrocavel;Sem Vitimas;Pleno dia;Chuva;Reta
domingo;PE;Animais na Pista;Colisao com objeto em movimento;Com Vitimas Feridas;Pleno dia;Ceu Claro;Viaduto
domingo;GO;Defeito Mecanico no Veiculo;Colisao lateral;Com Vitimas Feridas;Pleno dia;Nublado;Desvio Temporario
domingo;SC;Pista Escorregadia;Capotamento;Com Vitimas Feridas;Pleno dia;Garoa/Chuvisco;Desvio Temporario
domingo;DF;Falta de Atencao Conducao;Colisao com objeto estatico;Sem Vitimas;Pleno dia;Nublado;Reta
domingo;RN;Ingestao de Alcool;Colisao traseira;Sem Vitimas;Pleno dia;Sol;Reta
domingo;MG;Velocidade Incompativel;Tombamento;Com Vitimas Feridas;Pleno dia;Nublado;Reta
domingo;PR;Falta de Atencao Conducao;Tombamento;Com Vitimas Feridas;Pleno dia;Nublado;Reta
domingo;RJ;Desobediencia nas normas de transito pelo condutor;Colisao transversal;Com Vitimas Feridas;Pleno dia;Nublado;Intersecao de vias
domingo;SP;Velocidade Incompativel;Colisao lateral;Sem Vitimas;Pleno dia;Nublado;Nao Informado
domingo;SP;Ingestao de Alcool;Colisao traseira;Sem Vitimas;Pleno dia;Ceu Claro;Reta
domingo;MG;Falta de Atencao Conducao;Colisao frontal;Com Vitimas Feridas;Pleno dia;Nublado;Curva
domingo;BA;Falta de Atencao Conducao;Colisao lateral;Com Vitimas Feridas;Pleno dia;Sol;Reta
domingo;RO;Desobediencia nas normas de transito pelo condutor;Colisao frontal;Com Vitimas Feridas;Pleno dia;Ceu Claro;Reta
domingo;GO;Condutor Dormindo;Colisao traseira;Sem Vitimas;Pleno dia;Ceu Claro;Reta
domingo;BA;Falta de Atencao Conducao;Saida de leito carrocavel;Com Vitimas Feridas;Pleno dia;Ceu Claro;Reta
domingo;RS;Pista Escorregadia;Saida de leito carrocavel;Com Vitimas Feridas;Pleno dia;Chuva;Nao Informado
domingo;BA;Falta de Atencao Conducao;Saida de leito carrocavel;Com Vitimas Feridas;Pleno dia;Ceu Claro;Reta
domingo;PR;Defeito Mecanico no Veiculo;Incendio;Sem Vitimas;Pleno dia;Ceu Claro;Reta
domingo;RS;Falta de Atencao Conducao;Capotamento;Sem Vitimas;Pleno dia;Garoa/Chuvisco;Curva
domingo;PR;Ingestao de Alcool;Tombamento;Com Vitimas Feridas;Plena Noite;Ceu Claro;Reta
domingo;MG;Falta de Atencao Conducao;Colisao transversal;Com Vitimas Feridas;Pleno dia;Nublado;Curva
domingo;RJ;Falta de Atencao Conducao;Colisao traseira;Com Vitimas Feridas;Pleno dia;Ceu Claro;Reta
domingo;MG;Desobediencia nas normas de transito pelo condutor;Colisao lateral;Com Vitimas Feridas;Pleno dia;Ceu Claro;Intersecao de vias
domingo;RS;Condutor Dormindo;Saida de leito carrocavel;Com Vitimas Feridas;Pleno dia;Chuva;Reta
domingo;GO;Desobediencia nas normas de transito pelo condutor;Colisao frontal;Com Vitimas Feridas;Pleno dia;Ceu Claro;Curva
domingo;SP;Falta de Atencao Conducao;Engavetamento;Sem Vitimas;Pleno dia;Chuva;Nao Informado
domingo;PE;Falta de Atencao do Pedestre;Saida de leito carrocavel;Com Vitimas Feridas;Pleno dia;Ceu Claro;Curva
domingo;BA;Desobediencia nas normas de transito pelo condutor;Colisao frontal;Com Vitimas Feridas;Pleno dia;Ceu Claro;Reta
domingo;TO;Desobediencia nas normas de transito pelo condutor;Colisao frontal;Com Vitimas Fatais;Pleno dia;Ceu Claro;Reta
domingo;MG;Falta de Atencao Conducao;Colisao traseira;Sem Vitimas;Pleno dia;Nublado;Reta
domingo;MG;Velocidade Incompativel;Colisao frontal;Com Vitimas Feridas;Pleno dia;Chuva;Nao Informado
domingo;BA;Condutor Dormindo;Colisao lateral;Sem Vitimas;Plena Noite;Ceu Claro;Ponte
domingo;ES;Velocidade Incompativel;Saida de leito carrocavel;Sem Vitimas;Pleno dia;Ceu Claro;Reta
domingo;MG;Velocidade Incompativel;Colisao com objeto estatico;Com Vitimas Feridas;Pleno dia;Chuva;Curva
domingo;PE;Ingestao de Alcool;Capotamento;Com Vitimas Feridas;Amanhecer;Ignorado;Reta
domingo;BA;Desobediencia nas normas de transito pelo condutor;Colisao transversal;Com Vitimas Feridas;Pleno dia;Ceu Claro;Reta
domingo;RS;Pista Escorregadia;Saida de leito carrocavel;Com Vitimas Feridas;Pleno dia;Chuva;Desvio Temporario
domingo;MG;Ingestao de Alcool;Colisao transversal;Com Vitimas Feridas;Pleno dia;Ceu Claro;Rotatoria
domingo;PR;Defeito Mecanico no Veiculo;Tombamento;Com Vitimas Feridas;Pleno dia;Ceu Claro;Curva
domingo;GO;Falta de Atencao Conducao;Saida de leito carrocavel;Com Vitimas Feridas;Pleno dia;Nublado;Desvio Temporario
domingo;ES;Ingestao de Alcool;Colisao com objeto estatico;Sem Vitimas;Pleno dia;Nublado;Reta
domingo;BA;Falta de Atencao Conducao;Saida de leito carrocavel;Com Vitimas Feridas;Pleno dia;Ceu Claro;Nao Informado
domingo;BA;Nao guardar distancia de seguranca;Colisao traseira;Com Vitimas Feridas;Pleno dia;Ceu Claro;Reta
domingo;MG;Desobediencia nas normas de transito pelo condutor;Colisao frontal;Com Vitimas Feridas;Pleno dia;Nublado;Reta
domingo;RS;Desobediencia nas normas de transito pelo condutor;Saida de leito carrocavel;Com Vitimas Feridas;Pleno dia;Garoa/Chuvisco;Reta
domingo;ES;Falta de Atencao Conducao;Colisao frontal;Com Vitimas Feridas;Plena Noite;Ceu Claro;Curva
domingo;ES;Desobediencia nas normas de transito pelo condutor;Colisao traseira;Com Vitimas Feridas;Pleno dia;Ceu Claro;Reta
domingo;MT;Falta de Atencao Conducao;Colisao lateral;Com Vitimas Feridas;Pleno dia;Ceu Claro;Reta
domingo;PR;Defeito Mecanico no Veiculo;Colisao traseira;Sem Vitimas;Pleno dia;Chuva;Curva
domingo;RS;Velocidade Incompativel;Saida de leito carrocavel;Com Vitimas Feridas;Pleno dia;Chuva;Curva
domingo;SP;Pista Escorregadia;Colisao traseira;Sem Vitimas;Pleno dia;Chuva;Reta
domingo;PR;Falta de Atencao Conducao;Saida de leito carrocavel;Sem Vitimas;Pleno dia;Ceu Claro;Reta
domingo;SC;Defeito Mecanico no Veiculo;Queda de ocupante de veiculo;Com Vitimas Feridas;Anoitecer;Nublado;Reta
domingo;SE;Falta de Atencao Conducao;Colisao com objeto estatico;Com Vitimas Feridas;Plena Noite;Ceu Claro;Nao Informado
domingo;MG;Falta de Atencao Conducao;Colisao lateral;Sem Vitimas;Pleno dia;Nublado;Reta
domingo;PB;Desobediencia nas normas de transito pelo condutor;Colisao com objeto estatico;Sem Vitimas;Pleno dia;Nublado;Nao Informado
domingo;GO;Nao guardar distancia de seguranca;Colisao traseira;Sem Vitimas;Plena Noite;Nublado;Reta
domingo;ES;Falta de Atencao Conducao;Colisao transversal;Com Vitimas Feridas;Plena Noite;Ceu Claro;Reta
domingo;PB;Falta de Atencao Conducao;Colisao traseira;Com Vitimas Feridas;Plena Noite;Ceu Claro;Reta
domingo;RS;Ingestao de Alcool;Colisao traseira;Com Vitimas Feridas;Plena Noite;Chuva;Viaduto
domingo;PR;Falta de Atencao Conducao;Colisao transversal;Com Vitimas Feridas;Anoitecer;Garoa/Chuvisco;Reta
domingo;RS;Falta de Atencao do Pedestre;Atropelamento de Pedestre;Com Vitimas Feridas;Plena Noite;Chuva;Reta
domingo;PR;Animais na Pista;Atropelamento de Animal;Sem Vitimas;Anoitecer;Chuva;Reta
domingo;MG;Ingestao de Alcool;Saida de leito carrocavel;Com Vitimas Feridas;Pleno dia;Nublado;Nao Informado
domingo;MG;Falta de Atencao do Pedestre;Atropelamento de Pedestre;Com Vitimas Feridas;Plena Noite;Ceu Claro;Reta
domingo;PA;Defeito Mecanico no Veiculo;Colisao com objeto estatico;Sem Vitimas;Plena Noite;Ceu Claro;Reta
domingo;DF;Velocidade Incompativel;Capotamento;Com Vitimas Feridas;Plena Noite;Ceu Claro;Reta
domingo;BA;Falta de Atencao Conducao;Colisao frontal;Com Vitimas Feridas;Plena Noite;Ceu Claro;Desvio Temporario
domingo;MG;Defeito na Via;Tombamento;Com Vitimas Feridas;Plena Noite;Nublado;Reta
domingo;MG;Falta de Atencao do Pedestre;Atropelamento de Pedestre;Com Vitimas Feridas;Plena Noite;Ceu Claro;Reta
domingo;PR;Falta de Atencao Conducao;Tombamento;Com Vitimas Feridas;Plena Noite;Nublado;Intersecao de vias
domingo;SC;Falta de Atencao Conducao;Colisao frontal;Com Vitimas Feridas;Plena Noite;Garoa/Chuvisco;Curva
domingo;SP;Falta de Atencao Conducao;Tombamento;Com Vitimas Feridas;Plena Noite;Garoa/Chuvisco;Reta
domingo;PA;Falta de Atencao Conducao;Saida de leito carrocavel;Com Vitimas Feridas;Plena Noite;Chuva;Reta
domingo;MG;Falta de Atencao Conducao;Colisao lateral;Com Vitimas Feridas;Plena Noite;Ceu Claro;Reta
domingo;PR;Ingestao de Alcool;Saida de leito carrocavel;Sem Vitimas;Plena Noite;Chuva;Reta
domingo;BA;Ultrapassagem Indevida;Colisao frontal;Com Vitimas Feridas;Plena Noite;Ceu Claro;Nao Informado
domingo;MS;Ingestao de Alcool;Saida de leito carrocavel;Sem Vitimas;Plena Noite;Ceu Claro;Reta
domingo;GO;Ingestao de Alcool;Tombamento;Sem Vitimas;Plena Noite;Nublado;Curva
domingo;RJ;Falta de Atencao Conducao;Colisao traseira;Sem Vitimas;Plena Noite;Garoa/Chuvisco;Reta
domingo;RS;Falta de Atencao Conducao;Colisao frontal;Com Vitimas Feridas;Plena Noite;Garoa/Chuvisco;Reta
domingo;PR;Falta de Atencao Conducao;Saida de leito carrocavel;Com Vitimas Feridas;Plena Noite;Ceu Claro;Reta
domingo;BA;Falta de Atencao Conducao;Colisao lateral;Com Vitimas Feridas;Plena Noite;Ceu Claro;Reta
domingo;PR;Falta de Atencao do Pedestre;Atropelamento de Pedestre;Com Vitimas Fatais;Plena Noite;Ceu Claro;Reta
domingo;PE;Animais na Pista;Atropelamento de Animal;Sem Vitimas;Plena Noite;Ceu Claro;Reta
domingo;BA;Falta de Atencao Conducao;Saida de leito carrocavel;Com Vitimas Feridas;Plena Noite;Nublado;Reta
domingo;PB;Ingestao de Alcool;Colisao traseira;Com Vitimas Feridas;Pleno dia;Ceu Claro;Reta
domingo;SC;Ingestao de Alcool;Saida de leito carrocavel;Sem Vitimas;Plena Noite;Ceu Claro;Reta
domingo;ES;Condutor Dormindo;Colisao lateral;Com Vitimas Feridas;Plena Noite;Ceu Claro;Reta
domingo;RN;Falta de Atencao do Pedestre;Atropelamento de Pedestre;Com Vitimas Fatais;Plena Noite;Ceu Claro;Reta
domingo;BA;Falta de Atencao Conducao;Queda de ocupante de veiculo;Com Vitimas Feridas;Plena Noite;Ceu Claro;Reta
domingo;SC;Pista Escorregadia;Saida de leito carrocavel;Com Vitimas Feridas;Pleno dia;Chuva;Curva
domingo;DF;Ingestao de Alcool;Capotamento;Sem Vitimas;Plena Noite;Ceu Claro;Reta
domingo;MG;Falta de Atencao Conducao;Saida de leito carrocavel;Sem Vitimas;Plena Noite;Nublado;Curva
domingo;MS;Avarias e/ou desgaste excessivo no pneu;Colisao frontal;Com Vitimas Fatais;Plena Noite;Ceu Claro;Reta
domingo;SC;Pista Escorregadia;Saida de leito carrocavel;Sem Vitimas;Pleno dia;Chuva;Curva
domingo;RJ;Falta de Atencao do Pedestre;Atropelamento de Pedestre;Com Vitimas Fatais;Plena Noite;Chuva;Curva
domingo;MG;Ultrapassagem Indevida;Colisao traseira;Com Vitimas Feridas;Plena Noite;Ceu Claro;Reta
domingo;SC;Falta de Atencao Conducao;Colisao transversal;Com Vitimas Feridas;Plena Noite;Nublado;Intersecao de vias
domingo;GO;Falta de Atencao Conducao;Colisao traseira;Com Vitimas Feridas;Plena Noite;Ceu Claro;Reta
domingo;RN;Velocidade Incompativel;Colisao lateral;Com Vitimas Feridas;Plena Noite;Ceu Claro;Curva
domingo;TO;Ingestao de Alcool;Danos eventuais;Com Vitimas Feridas;Pleno dia;Chuva;Reta
domingo;TO;Ingestao de Alcool;Queda de ocupante de veiculo;Com Vitimas Feridas;Plena Noite;Nublado;Reta
domingo;ES;Falta de Atencao do Pedestre;Atropelamento de Pedestre;Com Vitimas Feridas;Plena Noite;Ceu Claro;Reta
domingo;MT;Animais na Pista;Atropelamento de Animal;Sem Vitimas;Plena Noite;Garoa/Chuvisco;Reta
domingo;MG;Falta de Atencao Conducao;Colisao lateral;Sem Vitimas;Plena Noite;Nublado;Curva
domingo;PR;Falta de Atencao Conducao;Colisao traseira;Sem Vitimas;Plena Noite;Ceu Claro;Reta
domingo;SC;Velocidade Incompativel;Colisao frontal;Com Vitimas Feridas;Pleno dia;Chuva;Nao Informado
domingo;SC;Falta de Atencao Conducao;Saida de leito carrocavel;Sem Vitimas;Plena Noite;Nublado;Curva
domingo;PR;Falta de Atencao Conducao;Saida de leito carrocavel;Com Vitimas Feridas;Plena Noite;Chuva;Reta
domingo;PI;Falta de Atencao Conducao;Colisao traseira;Com Vitimas Feridas;Plena Noite;Ceu Claro;Nao Informado
domingo;RO;Desobediencia nas normas de transito pelo condutor;Colisao lateral;Com Vitimas Feridas;Plena Noite;Ceu Claro;Intersecao de vias
domingo;GO;Ingestao de Alcool;Saida de leito carrocavel;Sem Vitimas;Plena Noite;Ceu Claro;Reta
domingo;BA;Falta de Atencao Conducao;Colisao transversal;Com Vitimas Feridas;Plena Noite;Ceu Claro;Reta
domingo;RS;Desobediencia nas normas de transito pelo condutor;Colisao frontal;Com Vitimas Feridas;Plena Noite;Garoa/Chuvisco;Nao Informado
domingo;PI;Falta de Atencao Conducao;Colisao traseira;Com Vitimas Feridas;Plena Noite;Ceu Claro;Viaduto
domingo;PR;Animais na Pista;Atropelamento de Animal;Com Vitimas Feridas;Plena Noite;Chuva;Reta
segunda-feira;RJ;Condutor Dormindo;Colisao frontal;Com Vitimas Feridas;Plena Noite;Ceu Claro;Reta
domingo;SC;Ingestao de Alcool;Colisao com objeto estatico;Com Vitimas Feridas;Pleno dia;Nublado;Curva
segunda-feira;MG;Agressao Externa;Incendio;Sem Vitimas;Plena Noite;Ceu Claro;Nao Informado
segunda-feira;RS;Desobediencia nas normas de transito pelo condutor;Colisao transversal;Com Vitimas Feridas;Plena Noite;Nublado;Rotatoria
domingo;RJ;Ingestao de Alcool;Colisao frontal;Com Vitimas Feridas;Plena Noite;Chuva;Reta
segunda-feira;PR;Falta de Atencao Conducao;Saida de leito carrocavel;Sem Vitimas;Plena Noite;Ceu Claro;Reta
segunda-feira;BA;Falta de Atencao Conducao;Tombamento;Com Vitimas Feridas;Plena Noite;Ceu Claro;Curva
domingo;RS;Nao guardar distancia de seguranca;Colisao lateral;Com Vitimas Feridas;Pleno dia;Nublado;Viaduto
sabado;GO;Velocidade Incompativel;Colisao transversal;Com Vitimas Feridas;Pleno dia;Ceu Claro;Desvio Temporario
segunda-feira;SC;Ingestao de Alcool;Colisao frontal;Com Vitimas Feridas;Plena Noite;Ceu Claro;Reta
segunda-feira;SC;Ingestao de Alcool;Colisao traseira;Com Vitimas Feridas;Plena Noite;Nublado;Reta
sabado;RS;Condutor Dormindo;Saida de leito carrocavel;Sem Vitimas;Pleno dia;Nublado;Nao Informado
segunda-feira;ES;Condutor Dormindo;Colisao transversal;Com Vitimas Feridas;Plena Noite;Ceu Claro;Intersecao de vias
domingo;PA;Desobediencia nas normas de transito pelo condutor;Colisao lateral;Com Vitimas Fatais;Plena Noite;Ceu Claro;Nao Informado
segunda-feira;RN;Nao guardar distancia de seguranca;Colisao traseira;Com Vitimas Feridas;Pleno dia;Chuva;Intersecao de vias
segunda-feira;BA;Falta de Atencao Conducao;Tombamento;Com Vitimas Feridas;Plena Noite;Ceu Claro;Reta
segunda-feira;DF;Velocidade Incompativel;Saida de leito carrocavel;Com Vitimas Fatais;Pleno dia;Ceu Claro;Reta
domingo;RO;Falta de Atencao do Pedestre;Atropelamento de Pedestre;Com Vitimas Feridas;Plena Noite;Chuva;Reta
segunda-feira;RS;Falta de Atencao Conducao;Colisao traseira;Com Vitimas Feridas;Plena Noite;Garoa/Chuvisco;Reta
segunda-feira;PB;Velocidade Incompativel;Saida de leito carrocavel;Com Vitimas Feridas;Pleno dia;Ceu Claro;Reta
segunda-feira;RS;Animais na Pista;Atropelamento de Animal;Com Vitimas Feridas;Plena Noite;Nublado;Reta
segunda-feira;SC;Velocidade Incompativel;Colisao com objeto estatico;Sem Vitimas;Plena Noite;Chuva;Nao Informado
domingo;BA;Ultrapassagem Indevida;Colisao frontal;Com Vitimas Feridas;Plena Noite;Ceu Claro;Reta
segunda-feira;MT;Ingestao de Alcool e/ou substancias psicoativas pelo pedestre;Colisao lateral;Com Vitimas Feridas;Amanhecer;Ceu Claro;Reta
segunda-feira;PR;Ingestao de Alcool;Colisao com objeto estatico;Sem Vitimas;Plena Noite;Nevoeiro/Neblina;Ponte
segunda-feira;PE;Nao guardar distancia de seguranca;Colisao traseira;Com Vitimas Feridas;Pleno dia;Ceu Claro;Reta
segunda-feira;SC;Falta de Atencao Conducao;Colisao transversal;Com Vitimas Feridas;Pleno dia;Ceu Claro;Reta
segunda-feira;RN;Falta de Atencao Conducao;Colisao traseira;Com Vitimas Feridas;Pleno dia;Sol;Retorno Regulamentado
segunda-feira;PA;Desobediencia nas normas de transito pelo condutor;Colisao transversal;Sem Vitimas;Amanhecer;Ceu Claro;Reta
segunda-feira;MG;Falta de Atencao Conducao;Colisao lateral;Com Vitimas Feridas;Pleno dia;Ceu Claro;Reta
segunda-feira;PR;Falta de Atencao Conducao;Saida de leito carrocavel;Com Vitimas Feridas;Pleno dia;Garoa/Chuvisco;Reta
segunda-feira;PB;Falta de Atencao Conducao;Colisao com objeto estatico;Com Vitimas Feridas;Pleno dia;Chuva;Reta
segunda-feira;RJ;Fenomenos da Natureza;Colisao com objeto estatico;Com Vitimas Feridas;Plena Noite;Chuva;Curva
segunda-feira;RJ;Desobediencia nas normas de transito pelo condutor;Derramamento de carga;Sem Vitimas;Amanhecer;Nublado;Curva
segunda-feira;DF;Falta de Atencao Conducao;Colisao lateral;Com Vitimas Feridas;Pleno dia;Sol;Reta
segunda-feira;MG;Falta de Atencao Conducao;Colisao lateral;Com Vitimas Feridas;Pleno dia;Ceu Claro;Reta
segunda-feira;PE;Desobediencia nas normas de transito pelo condutor;Colisao transversal;Com Vitimas Feridas;Pleno dia;Chuva;Nao Informado
domingo;SP;Falta de Atencao Conducao;Tombamento;Sem Vitimas;Pleno dia;Nublado;Reta
segunda-feira;SC;Desobediencia nas normas de transito pelo condutor;Colisao frontal;Com Vitimas Feridas;Pleno dia;Ceu Claro;Reta
segunda-feira;PR;Desobediencia nas normas de transito pelo condutor;Colisao frontal;Com Vitimas Feridas;Pleno dia;Nublado;Reta
segunda-feira;BA;Falta de Atencao Conducao;Colisao transversal;Com Vitimas Fatais;Amanhecer;Ceu Claro;Reta
segunda-feira;RS;Falta de Atencao Conducao;Colisao frontal;Com Vitimas Feridas;Pleno dia;Garoa/Chuvisco;Reta
segunda-feira;RR;Ingestao de Alcool;Colisao com objeto estatico;Sem Vitimas;Amanhecer;Ceu Claro;Reta
segunda-feira;BA;Falta de Atencao Conducao;Colisao traseira;Com Vitimas Feridas;Pleno dia;Sol;Reta
segunda-feira;GO;Falta de Atencao Conducao;Colisao transversal;Com Vitimas Feridas;Pleno dia;Ceu Claro;Nao Informado
segunda-feira;RS;Falta de Atencao Conducao;Queda de ocupante de veiculo;Com Vitimas Feridas;Pleno dia;Ceu Claro;Curva
segunda-feira;RS;Falta de Atencao Conducao;Queda de ocupante de veiculo;Sem Vitimas;Pleno dia;Ceu Claro;Reta
segunda-feira;SC;Falta de Atencao Conducao;Colisao traseira;Com Vitimas Feridas;Pleno dia;Nublado;Viaduto
segunda-feira;PR;Falta de Atencao Conducao;Colisao traseira;Com Vitimas Feridas;Pleno dia;Nublado;Reta
segunda-feira;RN;Pista Escorregadia;Colisao traseira;Com Vitimas Feridas;Pleno dia;Chuva;Reta
segunda-feira;PR;Defeito Mecanico no Veiculo;Queda de ocupante de veiculo;Com Vitimas Feridas;Pleno dia;Sol;Ponte
segunda-feira;BA;Desobediencia nas normas de transito pelo condutor;Colisao transversal;Com Vitimas Feridas;Pleno dia;Ceu Claro;Nao Informado
sexta-feira;MA;Falta de Atencao Conducao;Colisao frontal;Com Vitimas Feridas;Plena Noite;Chuva;Reta
domingo;RR;Falta de Atencao Conducao;Tombamento;Com Vitimas Feridas;Plena Noite;Ceu Claro;Reta
segunda-feira;RS;Velocidade Incompativel;Saida de leito carrocavel;Com Vitimas Feridas;Pleno dia;Chuva;Nao Informado
segunda-feira;CE;Nao guardar distancia de seguranca;Colisao traseira;Com Vitimas Feridas;Pleno dia;Nublado;Reta
segunda-feira;PR;Falta de Atencao Conducao;Colisao traseira;Com Vitimas Feridas;Pleno dia;Nublado;Reta
segunda-feira;CE;Falta de Atencao Conducao;Colisao traseira;Com Vitimas Feridas;Pleno dia;Nublado;Reta
domingo;RJ;Nao guardar distancia de seguranca;Colisao traseira;Com Vitimas Feridas;Plena Noite;Chuva;Reta
segunda-feira;MG;Falta de Atencao Conducao;Colisao lateral;Com Vitimas Feridas;Pleno dia;Ceu Claro;Rotatoria
domingo;RJ;Falta de Atencao Conducao;Colisao traseira;Com Vitimas Feridas;Plena Noite;Chuva;Desvio Temporario
segunda-feira;BA;Avarias e/ou desgaste excessivo no pneu;Saida de leito carrocavel;Com Vitimas Feridas;Pleno dia;Sol;Desvio Temporario
quinta-feira;MT;Falta de Atencao Conducao;Colisao frontal;Com Vitimas Feridas;Pleno dia;Ceu Claro;Reta
segunda-feira;BA;Condutor Dormindo;Capotamento;Com Vitimas Feridas;Amanhecer;Ceu Claro;Reta
segunda-feira;SC;Falta de Atencao Conducao;Saida de leito carrocavel;Com Vitimas Feridas;Pleno dia;Nublado;Nao Informado
segunda-feira;RS;Nao guardar distancia de seguranca;Colisao lateral;Com Vitimas Feridas;Pleno dia;Nublado;Reta
segunda-feira;RS;Defeito Mecanico no Veiculo;Colisao com objeto estatico;Sem Vitimas;Pleno dia;Ceu Claro;Reta
domingo;BA;Defeito Mecanico no Veiculo;Incendio;Sem Vitimas;Plena Noite;Ceu Claro;Curva
segunda-feira;PB;Velocidade Incompativel;Colisao com objeto estatico;Com Vitimas Feridas;Pleno dia;Chuva;Curva
segunda-feira;RJ;Falta de Atencao Conducao;Colisao lateral;Com Vitimas Feridas;Pleno dia;Ceu Claro;Reta
segunda-feira;PB;Nao guardar distancia de seguranca;Colisao lateral;Com Vitimas Feridas;Plena Noite;Ceu Claro;Curva
segunda-feira;SC;Condutor Dormindo;Saida de leito carrocavel;Com Vitimas Feridas;Pleno dia;Nublado;Reta
segunda-feira;RS;Desobediencia nas normas de transito pelo condutor;Colisao transversal;Com Vitimas Feridas;Pleno dia;Chuva;Reta
segunda-feira;PI;Velocidade Incompativel;Tombamento;Com Vitimas Feridas;Pleno dia;Sol;Curva
segunda-feira;GO;Desobediencia nas normas de transito pelo condutor;Colisao transversal;Com Vitimas Feridas;Pleno dia;Ceu Claro;Intersecao de vias
segunda-feira;PR;Desobediencia nas normas de transito pelo condutor;Colisao traseira;Com Vitimas Feridas;Pleno dia;Ceu Claro;Reta
segunda-feira;MG;Falta de Atencao Conducao;Colisao traseira;Com Vitimas Feridas;Pleno dia;Sol;Reta
segunda-feira;RJ;Velocidade Incompativel;Tombamento;Com Vitimas Feridas;Pleno dia;Ceu Claro;Curva
segunda-feira;RN;Falta de Atencao do Pedestre;Atropelamento de Pedestre;Com Vitimas Feridas;Pleno dia;Nublado;Viaduto
sabado;CE;Falta de Atencao Conducao;Colisao frontal;Com Vitimas Feridas;Plena Noite;Chuva;Reta
segunda-feira;SC;Desobediencia nas normas de transito pelo condutor;Colisao transversal;Com Vitimas Feridas;Pleno dia;Sol;Intersecao de vias