dia_semana;uf;causa_acidente;tipo_acidente;classificacao_acidente;fase_dia;condicao_metereologica;tracado_via
segunda-feira;SC;Desobediencia nas normas de transito pelo condutor;Colisao transversal;Com Vitimas Feridas;Pleno dia;Nublado;Reta
segunda-feira;RS;Pista Escorregadia;Saida de leito carrocavel;Com Vitimas Feridas;Pleno dia;Chuva;Reta
segunda-feira;PR;Defeito Mecanico no Veiculo;Saida de leito carrocavel;Sem Vitimas;Pleno dia;Ceu Claro;Reta
segunda-feira;RJ;Falta de Atencao Conducao;Colisao frontal;Com Vitimas Fatais;Pleno dia;Ceu Claro;Curva
segunda-feira;RO;Defeito Mecanico no Veiculo;Colisao frontal;Com Vitimas Feridas;Pleno dia;Sol;Reta
segunda-feira;RS;Defeito Mecanico no Veiculo;Tombamento;Com Vitimas Feridas;Pleno dia;Nublado;Reta
domingo;MA;Desobediencia nas normas de transito pelo condutor;Colisao transversal;Com Vitimas Feridas;Pleno dia;Ceu Claro;Reta
segunda-feira;GO;Falta de Atencao Conducao;Colisao traseira;Com Vitimas Feridas;Pleno dia;Ceu Claro;Rotatoria
segunda-feira;PR;Desobediencia nas normas de transito pelo condutor;Colisao transversal;Com Vitimas Feridas;Pleno dia;Garoa/Chuvisco;Intersecao de vias
segunda-feira;SC;Desobediencia nas normas de transito pelo condutor;Colisao transversal;Com Vitimas Feridas;Pleno dia;Sol;Rotatoria
segunda-feira;MG;Mal Subito;Tombamento;Com Vitimas Feridas;Pleno dia;Ceu Claro;Curva
segunda-feira;DF;Desobediencia nas normas de transito pelo condutor;Colisao frontal;Com Vitimas Feridas;Pleno dia;Chuva;Reta
quarta-feira;PR;Falta de Atencao Conducao;Colisao com objeto em movimento;Sem Vitimas;Amanhecer;Ceu Claro;Reta
segunda-feira;PE;Falta de Atencao Conducao;Colisao traseira;Com Vitimas Feridas;Pleno dia;Ceu Claro;Desvio Temporario
segunda-feira;MA;Desobediencia nas normas de transito pelo condutor;Colisao transversal;Com Vitimas Feridas;Pleno dia;Ceu Claro;Reta
segunda-feira;BA;Falta de Atencao Conducao;Colisao traseira;Com Vitimas Feridas;Pleno dia;Sol;Nao Informado
segunda-feira;SC;Falta de Atencao Conducao;Colisao lateral;Com Vitimas Feridas;Pleno dia;Nublado;Reta
segunda-feira;MS;Falta de Atencao Conducao;Saida de leito carrocavel;Com Vitimas Feridas;Pleno dia;Chuva;Reta
sexta-feira;PB;Nao guardar distancia de seguranca;Colisao traseira;Com Vitimas Feridas;Pleno dia;Ceu Claro;Reta
segunda-feira;PE;Falta de Atencao Conducao;Colisao transversal;Sem Vitimas;Pleno dia;Ceu Claro;Curva
segunda-feira;BA;Ultrapassagem Indevida;Colisao lateral;Com Vitimas Fatais;Pleno dia;Ceu Claro;Nao Informado
segunda-feira;ES;Falta de Atencao Conducao;Colisao traseira;Com Vitimas Feridas;Pleno dia;Ceu Claro;Nao Informado
segunda-feira;PB;Falta de Atencao Conducao;Colisao traseira;Com Vitimas Feridas;Pleno dia;Sol;Reta
segunda-feira;ES;Nao guardar distancia de seguranca;Colisao lateral;Com Vitimas Feridas;Pleno dia;Ceu Claro;Reta
segunda-feira;PE;Falta de Atencao Conducao;Colisao lateral;Sem Vitimas;Pleno dia;Ceu Claro;Reta
segunda-feira;SE;Carga excessiva e/ou mal acondicionada;Capotamento;Sem Vitimas;Pleno dia;Sol;Desvio Temporario
segunda-feira;RJ;Pista Escorregadia;Queda de ocupante de veiculo;Com Vitimas Feridas;Pleno dia;Ceu Claro;Reta
segunda-feira;SC;Falta de Atencao Conducao;Colisao transversal;Com Vitimas Feridas;Pleno dia;Chuva;Intersecao de vias
segunda-feira;BA;Velocidade Incompativel;Tombamento;Com Vitimas Feridas;Pleno dia;Ceu Claro;Curva
quarta-feira;GO;Falta de Atencao Conducao;Colisao traseira;Com Vitimas Feridas;Pleno dia;Ceu Claro;Curva
segunda-feira;SC;Falta de Atencao Conducao;Engavetamento;Com Vitimas Feridas;Pleno dia;Garoa/Chuvisco;Nao Informado
segunda-feira;SP;Nao guardar distancia de seguranca;Colisao traseira;Com Vitimas Feridas;Pleno dia;Ceu Claro;Reta
segunda-feira;SP;Nao guardar distancia de seguranca;Colisao traseira;Com Vitimas Feridas;Pleno dia;Sol;Reta
segunda-feira;MS;Falta de Atencao Conducao;Saida de leito carrocavel;Com Vitimas Feridas;Pleno dia;Nublado;Reta
segunda-feira;PR;Desobediencia nas normas de transito pelo condutor;Colisao lateral;Sem Vitimas;Pleno dia;Ceu Claro;Reta
segunda-feira;PE;Defeito na Via;Saida de leito carrocavel;Com Vitimas Feridas;Pleno dia;Chuva;Desvio Temporario
domingo;SC;Velocidade Incompativel;Saida de leito carrocavel;Com Vitimas Feridas;Pleno dia;Chuva;Reta
segunda-feira;PR;Velocidade Incompativel;Saida de leito carrocavel;Com Vitimas Feridas;Pleno dia;Chuva;Curva
segunda-feira;SC;Velocidade Incompativel;Saida de leito carrocavel;Com Vitimas Feridas;Pleno dia;Chuva;Curva
segunda-feira;PR;Velocidade Incompativel;Colisao lateral;Com Vitimas Feridas;Pleno dia;Nublado;Nao Informado
segunda-feira;SC;Defeito na Via;Colisao traseira;Sem Vitimas;Pleno dia;Chuva;Reta
segunda-feira;MA;Pista Escorregadia;Colisao com objeto estatico;Com Vitimas Feridas;Pleno dia;Chuva;Nao Informado
segunda-feira;SC;Desobediencia nas normas de transito pelo condutor;Colisao transversal;Com Vitimas Feridas;Pleno dia;Nublado;Reta
segunda-feira;PR;Desobediencia nas normas de transito pelo condutor;Colisao frontal;Com Vitimas Fatais;Pleno dia;Nublado;Nao Informado
segunda-feira;RN;Desobediencia nas normas de transito pelo condutor;Colisao transversal;Sem Vitimas;Pleno dia;Ceu Claro;Rotatoria
segunda-feira;BA;Pista Escorregadia;Saida de leito carrocavel;Sem Vitimas;Pleno dia;Chuva;Reta
segunda-feira;BA;Falta de Atencao Conducao;Colisao traseira;Com Vitimas Feridas;Pleno dia;Ceu Claro;Reta
segunda-feira;SC;Velocidade Incompativel;Saida de leito carrocavel;Sem Vitimas;Pleno dia;Chuva;Rotatoria
segunda-feira;RS;Falta de Atencao Conducao;Colisao transversal;Com Vitimas Feridas;Pleno dia;Ceu Claro;Reta
segunda-feira;MT;Pista Escorregadia;Saida de leito carrocavel;Com Vitimas Feridas;Pleno dia;Chuva;Curva
segunda-feira;PE;Velocidade Incompativel;Capotamento;Sem Vitimas;Pleno dia;Ceu Claro;Reta
segunda-feira;PR;Desobediencia nas normas de transito pelo condutor;Colisao traseira;Com Vitimas Feridas;Pleno dia;Sol;Reta
segunda-feira;RN;Falta de Atencao Conducao;Colisao lateral;Com Vitimas Feridas;Anoitecer;Ceu Claro;Reta
segunda-feira;SC;Falta de Atencao Conducao;Colisao traseira;Com Vitimas Feridas;Pleno dia;Chuva;Curva
segunda-feira;PR;Pista Escorregadia;Queda de ocupante de veiculo;Com Vitimas Feridas;Pleno dia;Chuva;Reta
segunda-feira;GO;Falta de Atencao Conducao;Tombamento;Com Vitimas Feridas;Pleno dia;Nublado;Desvio Temporario
segunda-feira;MG;Falta de Atencao Conducao;Colisao transversal;Com Vitimas Feridas;Pleno dia;Ceu Claro;Reta
segunda-feira;RO;Desobediencia nas normas de transito pelo condutor;Colisao transversal;Com Vitimas Feridas;Pleno dia;Ceu Claro;Reta
segunda-feira;RO;Falta de Atencao Conducao;Colisao traseira;Com Vitimas Feridas;Pleno dia;Ceu Claro;Rotatoria
segunda-feira;AL;Nao guardar distancia de seguranca;Colisao traseira;Sem Vitimas;Plena Noite;Ceu Claro;Reta
segunda-feira;PR;Falta de Atencao Conducao;Colisao traseira;Com Vitimas Feridas;Anoitecer;Ceu Claro;Reta
segunda-feira;MG;Velocidade Incompativel;Capotamento;Com Vitimas Feridas;Pleno dia;Chuva;Curva
segunda-feira;MT;Falta de Atencao Conducao;Queda de ocupante de veiculo;Com Vitimas Feridas;Pleno dia;Ceu Claro;Reta
segunda-feira;SC;Desobediencia nas normas de transito pelo condutor;Colisao transversal;Com Vitimas Feridas;Anoitecer;Ceu Claro;Intersecao de vias
segunda-feira;MG;Nao guardar distancia de seguranca;Saida de leito carrocavel;Com Vitimas Feridas;Pleno dia;Chuva;Reta
segunda-feira;ES;Desobediencia nas normas de transito pelo condutor;Colisao frontal;Com Vitimas Fatais;Plena Noite;Ceu Claro;Reta
segunda-feira;PR;Falta de Atencao do Pedestre;Atropelamento de Pedestre;Com Vitimas Feridas;Anoitecer;Nublado;Nao Informado
segunda-feira;MG;Velocidade Incompativel;Colisao transversal;Com Vitimas Feridas;Plena Noite;Chuva;Curva
segunda-feira;MG;Defeito Mecanico no Veiculo;Tombamento;Sem Vitimas;Anoitecer;Garoa/Chuvisco;Reta
segunda-feira;SP;Falta de Atencao Conducao;Saida de leito carrocavel;Sem Vitimas;Pleno dia;Ceu Claro;Curva
segunda-feira;PR;Nao guardar distancia de seguranca;Queda de ocupante de veiculo;Com Vitimas Feridas;Plena Noite;Nublado;Reta
segunda-feira;PA;Nao guardar distancia de seguranca;Colisao traseira;Com Vitimas Feridas;Plena Noite;Ceu Claro;Reta
segunda-feira;DF;Falta de Atencao Conducao;Colisao lateral;Com Vitimas Feridas;Plena Noite;Nublado;Reta
segunda-feira;CE;Falta de Atencao Conducao;Colisao traseira;Com Vitimas Feridas;Anoitecer;Nublado;Reta
segunda-feira;SC;Falta de Atencao Conducao;Tombamento;Com Vitimas Fatais;Pleno dia;Ceu Claro;Curva
segunda-feira;RN;Nao guardar distancia de seguranca;Engavetamento;Sem Vitimas;Plena Noite;Ceu Claro;Reta
segunda-feira;SC;Ingestao de Alcool;Colisao transversal;Com Vitimas Feridas;Anoitecer;Ceu Claro;Reta
segunda-feira;RJ;Falta de Atencao Conducao;Colisao traseira;Com Vitimas Feridas;Anoitecer;Ceu Claro;Reta
segunda-feira;MG;Falta de Atencao Conducao;Colisao frontal;Com Vitimas Fatais;Plena Noite;Nublado;Reta
segunda-feira;RS;Falta de Atencao Conducao;Colisao traseira;Com Vitimas Feridas;Plena Noite;Ceu Claro;Reta
segunda-feira;SC;Velocidade Incompativel;Saida de leito carrocavel;Com Vitimas Feridas;Pleno dia;Nublado;Curva
segunda-feira;PR;Falta de Atencao do Pedestre;Atropelamento de Pedestre;Com Vitimas Feridas;Anoitecer;Chuva;Rotatoria
segunda-feira;RJ;Restricao de Visibilidade;Colisao lateral;Com Vitimas Feridas;Plena Noite;Ceu Claro;Curva
segunda-feira;RS;Falta de Atencao Conducao;Colisao traseira;Com Vitimas Feridas;Plena Noite;Ceu Claro;Retorno Regulamentado
segunda-feira;BA;Falta de Atencao Conducao;Tombamento;Com Vitimas Feridas;Pleno dia;Ignorado;Curva
segunda-feira;PR;Falta de Atencao Conducao;Colisao traseira;Com Vitimas Feridas;Plena Noite;Nublado;Reta
segunda-feira;BA;Restricao de Visibilidade;Atropelamento de Animal;Com Vitimas Feridas;Plena Noite;Ceu Claro;Reta
segunda-feira;MG;Defeito Mecanico no Veiculo;Saida de leito carrocavel;Com Vitimas Feridas;Pleno dia;Ceu Claro;Reta
segunda-feira;MG;Falta de Atencao Conducao;Atropelamento de Pedestre;Com Vitimas Feridas;Plena Noite;Ceu Claro;Reta
segunda-feira;ES;Falta de Atencao Conducao;Queda de ocupante de veiculo;Com Vitimas Feridas;Plena Noite;Nublado;Reta
segunda-feira;MG;Velocidade Incompativel;Tombamento;Com Vitimas Feridas;Pleno dia;Sol;Curva
segunda-feira;RJ;Falta de Atencao Conducao;Colisao transversal;Com Vitimas Feridas;Anoitecer;Nublado;Reta
segunda-feira;RJ;Defeito Mecanico no Veiculo;Colisao traseira;Com Vitimas Feridas;Pleno dia;Ceu Claro;Desvio Temporario
segunda-feira;MG;Falta de Atencao Conducao;Colisao transversal;Com Vitimas Feridas;Plena Noite;Nublado;Rotatoria
segunda-feira;ES;Pista Escorregadia;Colisao traseira;Com Vitimas Feridas;Plena Noite;Chuva;Reta
segunda-feira;MS;Defeito na Via;Colisao com objeto estatico;Sem Vitimas;Plena Noite;Chuva;Reta
segunda-feira;SP;Falta de Atencao Conducao;Queda de ocupante de veiculo;Com Vitimas Feridas;Pleno dia;Ceu Claro;Reta
segunda-feira;MA;Defeito na Via;Tombamento;Com Vitimas Feridas;Anoitecer;Chuva;Reta
segunda-feira;PR;Desobediencia nas normas de transito pelo condutor;Colisao lateral;Sem Vitimas;Plena Noite;Nublado;Curva
segunda-feira;SC;Ingestao de Substancias Psicoativas;Atropelamento de Pedestre;Com Vitimas Feridas;Plena Noite;Nublado;Reta
segunda-feira;PR;Pista Escorregadia;Queda de ocupante de veiculo;Com Vitimas Feridas;Plena Noite;Garoa/Chuvisco;Reta
segunda-feira;PR;Falta de Atencao Conducao;Colisao frontal;Com Vitimas Feridas;Plena Noite;Nublado;Reta
segunda-feira;RJ;Nao guardar distancia de seguranca;Colisao traseira;Com Vitimas Feridas;Plena Noite;Nublado;Reta
segunda-feira;RJ;Defeito na Via;Colisao com objeto estatico;Com Vitimas Feridas;Plena Noite;Nublado;Curva
segunda-feira;SC;Falta de Atencao Conducao;Colisao transversal;Com Vitimas Feridas;Pleno dia;Nublado;Nao Informado
segunda-feira;RO;Falta de Atencao Conducao;Colisao lateral;Com Vitimas Feridas;Plena Noite;Ceu Claro;Reta
segunda-feira;AL;Falta de Atencao Conducao;Tombamento;Com Vitimas Fatais;Plena Noite;Ceu Claro;Curva
segunda-feira;SC;Falta de Atencao Conducao;Saida de leito carrocavel;Com Vitimas Fatais;Plena Noite;Chuva;Curva
segunda-feira;MA;Desobediencia nas normas de transito pelo condutor;Colisao transversal;Sem Vitimas;Plena Noite;Nublado;Reta
terca-feira;PE;Animais na Pista;Atropelamento de Animal;Sem Vitimas;Plena Noite;Ceu Claro;Reta
segunda-feira;RN;Desobediencia nas normas de transito pelo condutor;Colisao frontal;Com Vitimas Fatais;Plena Noite;Nublado;Retorno Regulamentado
segunda-feira;GO;Ingestao de Alcool;Saida de leito carrocavel;Sem Vitimas;Plena Noite;Nublado;Nao Informado
terca-feira;MG;Falta de Atencao Conducao;Colisao traseira;Com Vitimas Feridas;Plena Noite;Ceu Claro;Reta
terca-feira;PR;Falta de Atencao Conducao;Colisao com objeto estatico;Com Vitimas Feridas;Plena Noite;Ceu Claro;Reta
segunda-feira;AP;Falta de Atencao Conducao;Saida de leito carrocavel;Sem Vitimas;Plena Noite;Chuva;Reta
terca-feira;SP;Defeito na Via;Tombamento;Com Vitimas Feridas;Plena Noite;Ceu Claro;Nao Informado
terca-feira;GO;Ingestao de Alcool;Colisao frontal;Com Vitimas Feridas;Plena Noite;Nublado;Nao Informado
terca-feira;SC;Falta de Atencao Conducao;Colisao lateral;Com Vitimas Feridas;Plena Noite;Ceu Claro;Intersecao de vias
terca-feira;SP;Falta de Atencao Conducao;Capotamento;Com Vitimas Feridas;Plena Noite;Ceu Claro;Reta
terca-feira;MT;Falta de Atencao Conducao;Queda de ocupante de veiculo;Com Vitimas Feridas;Plena Noite;Nublado;Reta
segunda-feira;SC;Restricao de Visibilidade;Queda de ocupante de veiculo;Com Vitimas Feridas;Plena Noite;Nevoeiro/Neblina;Reta
terca-feira;MG;Condutor Dormindo;Saida de leito carrocavel;Com Vitimas Feridas;Amanhecer;Ceu Claro;Reta
terca-feira;MT;Defeito na Via;Colisao com objeto estatico;Com Vitimas Feridas;Plena Noite;Ceu Claro;Nao Informado
terca-feira;PI;Animais na Pista;Saida de leito carrocavel;Sem Vitimas;Amanhecer;Nublado;Reta
terca-feira;BA;Falta de Atencao Conducao;Colisao transversal;Com Vitimas Feridas;Pleno dia;Ceu Claro;Nao Informado
segunda-feira;MG;Velocidade Incompativel;Tombamento;Com Vitimas Feridas;Pleno dia;Ceu Claro;Curva
terca-feira;MG;Falta de Atencao Conducao;Tombamento;Com Vitimas Feridas;Plena Noite;Chuva;Reta
terca-feira;MG;Desobediencia nas normas de transito pelo condutor;Colisao traseira;Com Vitimas Feridas;Pleno dia;Ceu Claro;Reta
terca-feira;ES;Falta de Atencao do Pedestre;Atropelamento de Pedestre;Com Vitimas Fatais;Pleno dia;Ceu Claro;Desvio Temporario
terca-feira;PB;Desobediencia nas normas de transito pelo condutor;Colisao transversal;Com Vitimas Feridas;Pleno dia;Ceu Claro;Reta
terca-feira;DF;Falta de Atencao Conducao;Danos eventuais;Sem Vitimas;Pleno dia;Ceu Claro;Curva
terca-feira;RS;Falta de Atencao Conducao;Colisao transversal;Sem Vitimas;Pleno dia;Ceu Claro;Reta
terca-feira;ES;Nao guardar distancia de seguranca;Colisao lateral;Com Vitimas Feridas;Pleno dia;Ceu Claro;Reta
terca-feira;SC;Falta de Atencao Conducao;Colisao traseira;Com Vitimas Feridas;Amanhecer;Ceu Claro;Reta
terca-feira;BA;Falta de Atencao Conducao;Colisao lateral;Sem Vitimas;Pleno dia;Ceu Claro;Reta
terca-feira;PR;Falta de Atencao Conducao;Colisao traseira;Com Vitimas Fatais;Pleno dia;Nublado;Reta
terca-feira;PE;Desobediencia nas normas de transito pelo condutor;Colisao transversal;Com Vitimas Feridas;Pleno dia;Ceu Claro;Nao Informado
terca-feira;PR;Falta de Atencao Conducao;Colisao traseira;Com Vitimas Feridas;Pleno dia;Ceu Claro;Nao Informado
terca-feira;RO;Desobediencia nas normas de transito pelo condutor;Colisao transversal;Com Vitimas Feridas;Pleno dia;Ceu Claro;Reta
terca-feira;MG;Falta de Atencao Conducao;Queda de ocupante de veiculo;Com Vitimas Feridas;Pleno dia;Ceu Claro;Reta
terca-feira;BA;Desobediencia nas normas de transito pelo condutor;Colisao transversal;Com Vitimas Feridas;Pleno dia;Ceu Claro;Reta
terca-feira;MG;Nao guardar distancia de seguranca;Colisao traseira;Com Vitimas Feridas;Pleno dia;Sol;Reta
terca-feira;SC;Falta de Atencao Conducao;Colisao transversal;Com Vitimas Feridas;Pleno dia;Ceu Claro;Reta
terca-feira;PE;Nao guardar distancia de seguranca;Colisao traseira;Com Vitimas Feridas;Pleno dia;Ceu Claro;Reta
terca-feira;PB;Defeito Mecanico no Veiculo;Tombamento;Com Vitimas Feridas;Pleno dia;Sol;Reta
terca-feira;PE;Falta de Atencao Conducao;Colisao traseira;Sem Vitimas;Pleno dia;Ceu Claro;Curva
terca-feira;ES;Falta de Atencao Conducao;Colisao traseira;Com Vitimas Feridas;Pleno dia;Sol;Reta
terca-feira;MS;Nao guardar distancia de seguranca;Colisao traseira;Com Vitimas Feridas;Pleno dia;Sol;Reta
terca-feira;PR;Velocidade Incompativel;Tombamento;Com Vitimas Feridas;Pleno dia;Nublado;Reta
terca-feira;PR;Falta de Atencao Conducao;Tombamento;Com Vitimas Feridas;Plena Noite;Nublado;Nao Informado
terca-feira;RS;Falta de Atencao Conducao;Colisao lateral;Com Vitimas Feridas;Pleno dia;Sol;Reta
terca-feira;PR;Avarias e/ou desgaste excessivo no pneu;Tombamento;Com Vitimas Feridas;Pleno dia;Nublado;Curva
terca-feira;SC;Desobediencia nas normas de transito pelo condutor;Colisao lateral;Com Vitimas Feridas;Pleno dia;Ceu Claro;Curva
terca-feira;MG;Defeito Mecanico no Veiculo;Capotamento;Com Vitimas Feridas;Pleno dia;Nevoeiro/Neblina;Desvio Temporario
terca-feira;SP;Falta de Atencao Conducao;Tombamento;Com Vitimas Feridas;Pleno dia;Ceu Claro;Reta
terca-feira;RJ;Condutor Dormindo;Colisao traseira;Com Vitimas Feridas;Pleno dia;Nublado;Reta
terca-feira;MT;Falta de Atencao Conducao;Colisao lateral;Com Vitimas Feridas;Pleno dia;Ceu Claro;Reta
terca-feira;GO;Defeito Mecanico no Veiculo;Saida de leito carrocavel;Sem Vitimas;Pleno dia;Ceu Claro;Reta
terca-feira;PE;Defeito na Via;Queda de ocupante de veiculo;Com Vitimas Feridas;Pleno dia;Sol;Intersecao de vias
terca-feira;MG;Ultrapassagem Indevida;Colisao frontal;Com Vitimas Feridas;Pleno dia;Ceu Claro;Reta
terca-feira;BA;Falta de Atencao Conducao;Colisao traseira;Com Vitimas Feridas;Pleno dia;Ceu Claro;Reta
terca-feira;PB;Nao guardar distancia de seguranca;Colisao traseira;Com Vitimas Feridas;Pleno dia;Ceu Claro;Curva
terca-feira;BA;Ultrapassagem Indevida;Colisao frontal;Com Vitimas Feridas;Pleno dia;Ceu Claro;Reta
terca-feira;BA;Falta de Atencao Conducao;Colisao transversal;Sem Vitimas;Pleno dia;Chuva;Reta
quinta-feira;RJ;Falta de Atencao Conducao;Colisao transversal;Com Vitimas Feridas;Pleno dia;Ceu Claro;Nao Informado
terca-feira;PB;Desobediencia nas normas de transito pelo condutor;Colisao transversal;Com Vitimas Feridas;Pleno dia;Ceu Claro;Reta
terca-feira;GO;Desobediencia nas normas de transito pelo condutor;Atropelamento de Pedestre;Com Vitimas Feridas;Pleno dia;Nublado;Reta
sabado;ES;Falta de Atencao Conducao;Colisao transversal;Com Vitimas Fatais;Anoitecer;Ceu Claro;Reta
terca-feira;MG;Carga excessiva e/ou mal acondicionada;Saida de leito carrocavel;Com Vitimas Feridas;Amanhecer;Nublado;Curva
terca-feira;MG;Velocidade Incompativel;Saida de leito carrocavel;Com Vitimas Feridas;Pleno dia;Ceu Claro;Reta
terca-feira;RN;Falta de Atencao Conducao;Colisao lateral;Com Vitimas Feridas;Pleno dia;Sol;Reta
terca-feira;ES;Desobediencia nas normas de transito pelo condutor;Colisao transversal;Com Vitimas Feridas;Pleno dia;Sol;Nao Informado
terca-feira;GO;Defeito Mecanico no Veiculo;Queda de ocupante de veiculo;Com Vitimas Feridas;Pleno dia;Ceu Claro;Reta
terca-feira;MG;Falta de Atencao Conducao;Colisao lateral;Com Vitimas Feridas;Pleno dia;Sol;Reta
sabado;PR;Desobediencia nas normas de transito pelo condutor;Atropelamento de Pedestre;Com Vitimas Feridas;Plena Noite;Ceu Claro;Reta
terca-feira;ES;Mal Subito;Colisao frontal;Com Vitimas Fatais;Pleno dia;Ceu Claro;Curva
terca-feira;RJ;Velocidade Incompativel;Tombamento;Com Vitimas Feridas;Pleno dia;Sol;Rotatoria
terca-feira;BA;Falta de Atencao Conducao;Colisao traseira;Com Vitimas Feridas;Pleno dia;Ceu Claro;Reta
terca-feira;MG;Velocidade Incompativel;Tombamento;Com Vitimas Feridas;Pleno dia;Ceu Claro;Curva
terca-feira;RS;Falta de Atencao Conducao;Saida de leito carrocavel;Com Vitimas Feridas;Pleno dia;Ceu Claro;Reta
terca-feira;GO;Desobediencia nas normas de transito pelo condutor;Colisao lateral;Com Vitimas Feridas;Pleno dia;Ceu Claro;Reta
sexta-feira;PR;Falta de Atencao Conducao;Colisao transversal;Com Vitimas Feridas;Plena Noite;Nublado;Reta
sexta-feira;MG;Condutor Dormindo;Colisao frontal;Com Vitimas Feridas;Pleno dia;Ceu Claro;Reta
terca-feira;GO;Falta de Atencao Conducao;Colisao transversal;Com Vitimas Feridas;Pleno dia;Nublado;Nao Informado
terca-feira;MT;Ultrapassagem Indevida;Colisao frontal;Com Vitimas Fatais;Pleno dia;Ceu Claro;Curva
terca-feira;MG;Velocidade Incompativel;Saida de leito carrocavel;Com Vitimas Feridas;Pleno dia;Sol;Reta
quarta-feira;MT;Desobediencia nas normas de transito pelo condutor;Colisao transversal;Com Vitimas Feridas;Pleno dia;Ceu Claro;Reta
terca-feira;SP;Defeito na Via;Colisao lateral;Com Vitimas Feridas;Pleno dia;Nublado;Reta
quarta-feira;GO;Falta de Atencao Conducao;Colisao transversal;Com Vitimas Feridas;Pleno dia;Sol;Intersecao de vias
terca-feira;MG;Falta de Atencao Conducao;Colisao transversal;Com Vitimas Feridas;Pleno dia;Ceu Claro;Reta
terca-feira;BA;Defeito Mecanico no Veiculo;Colisao lateral;Sem Vitimas;Pleno dia;Ceu Claro;Nao Informado
terca-feira;PR;Nao guardar distancia de seguranca;Colisao traseira;Com Vitimas Feridas;Pleno dia;Sol;Nao Informado
quarta-feira;PA;Falta de Atencao do Pedestre;Atropelamento de Pedestre;Com Vitimas Feridas;Pleno dia;Ceu Claro;Reta
terca-feira;PR;Agressao Externa;Derramamento de carga;Sem Vitimas;Pleno dia;Ceu Claro;Reta
domingo;PB;Falta de Atencao Conducao;Saida de leito carrocavel;Com Vitimas Feridas;Plena Noite;Nublado;Reta
terca-feira;SE;Falta de Atencao do Pedestre;Atropelamento de Pedestre;Com Vitimas Feridas;Pleno dia;Ceu Claro;Curva
terca-feira;MG;Velocidade Incompativel;Colisao frontal;Com Vitimas Fatais;Pleno dia;Chuva;Nao Informado
terca-feira;PR;Nao guardar distancia de seguranca;Saida de leito carrocavel;Com Vitimas Feridas;Pleno dia;Ceu Claro;Reta
terca-feira;PE;Falta de Atencao Conducao;Colisao transversal;Com Vitimas Feridas;Pleno dia;Sol;Reta
terca-feira;RO;Defeito na Via;Tombamento;Com Vitimas Feridas;Pleno dia;Sol;Nao Informado
terca-feira;PR;Falta de Atencao Conducao;Colisao transversal;Com Vitimas Feridas;Pleno dia;Ceu Claro;Rotatoria
terca-feira;SP;Falta de Atencao Conducao;Colisao com objeto estatico;Com Vitimas Feridas;Pleno dia;Nublado;Reta
terca-feira;PR;Ingestao de Alcool;Capotamento;Com Vitimas Feridas;Pleno dia;Ceu Claro;Reta
terca-feira;MG;Falta de Atencao Conducao;Queda de ocupante de veiculo;Com Vitimas Feridas;Pleno dia;Garoa/Chuvisco;Reta
terca-feira;MG;Falta de Atencao Conducao;Colisao lateral;Sem Vitimas;Pleno dia;Chuva;Curva
terca-feira;MG;Falta de Atencao Conducao;Colisao lateral;Com Vitimas Feridas;Pleno dia;Nublado;Reta
terca-feira;SC;Falta de Atencao Conducao;Colisao lateral;Com Vitimas Feridas;Pleno dia;Ceu Claro;Reta
terca-feira;SE;Falta de Atencao Conducao;Atropelamento de Pedestre;Com Vitimas Feridas;Pleno dia;Sol;Reta
terca-feira;SP;Defeito na Via;Colisao com objeto estatico;Com Vitimas Feridas;Pleno dia;Nublado;Reta
terca-feira;RJ;Falta de Atencao Conducao;Colisao frontal;Com Vitimas Feridas;Pleno dia;Chuva;Curva
terca-feira;CE;Falta de Atencao Conducao;Colisao traseira;Com Vitimas Feridas;Pleno dia;Chuva;Reta
terca-feira;SC;Nao guardar distancia de seguranca;Colisao traseira;Com Vitimas Fatais;Pleno dia;Ceu Claro;Nao Informado
terca-feira;RN;Agressao Externa;Colisao com objeto estatico;Com Vitimas Feridas;Pleno dia;Nublado;Viaduto
terca-feira;PR;Falta de Atencao Conducao;Colisao transversal;Com Vitimas Feridas;Pleno dia;Ceu Claro;Intersecao de vias
terca-feira;PR;Falta de Atencao Conducao;Colisao lateral;Com Vitimas Feridas;Pleno dia;Ceu Claro;Curva
terca-feira;BA;Condutor Dormindo;Colisao frontal;Com Vitimas Feridas;Pleno dia;Nublado;Reta
terca-feira;PR;Nao guardar distancia de seguranca;Engavetamento;Com Vitimas Feridas;Pleno dia;Nublado;Nao Informado
terca-feira;BA;Falta de Atencao Conducao;Colisao traseira;Com Vitimas Feridas;Pleno dia;Ceu Claro;Reta