dia_semana;uf;causa_acidente;tipo_acidente;classificacao_acidente;fase_dia;condicao_metereologica;tracado_via
quinta-feira;PB;Animais na Pista;Atropelamento de Animal;Com Vitimas Feridas;Pleno dia;Ceu Claro;Reta
quinta-feira;MG;Falta de Atencao Conducao;Colisao traseira;Com Vitimas Feridas;Amanhecer;Chuva;Reta
quinta-feira;BA;Pista Escorregadia;Colisao transversal;Com Vitimas Feridas;Amanhecer;Chuva;Curva
quinta-feira;RO;Falta de Atencao Conducao;Colisao traseira;Com Vitimas Feridas;Pleno dia;Ceu Claro;Reta
quarta-feira;BA;Agressao Externa;Incendio;Sem Vitimas;Pleno dia;Ceu Claro;Reta
quinta-feira;CE;Desobediencia nas normas de transito pelo condutor;Colisao traseira;Com Vitimas Feridas;Pleno dia;Ceu Claro;Reta
quinta-feira;PR;Nao guardar distancia de seguranca;Colisao traseira;Com Vitimas Feridas;Pleno dia;Nublado;Reta
quinta-feira;BA;Fenomenos da Natureza;Capotamento;Com Vitimas Feridas;Pleno dia;Chuva;Reta
quarta-feira;MG;Falta de Atencao Conducao;Colisao lateral;Com Vitimas Feridas;Pleno dia;Ceu Claro;Reta
quarta-feira;RS;Desobediencia nas normas de transito pelo condutor;Colisao frontal;Com Vitimas Fatais;Pleno dia;Nublado;Curva
domingo;BA;Deficincia ou nao Acionamento do Sistema de Iluminacao/Sinalizacao do Veiculo;Colisao traseira;Com Vitimas Fatais;Plena Noite;Ceu Claro;Reta
quinta-feira;SC;Nao guardar distancia de seguranca;Colisao traseira;Com Vitimas Feridas;Pleno dia;Ceu Claro;Reta
quinta-feira;PR;Falta de Atencao Conducao;Colisao traseira;Com Vitimas Feridas;Pleno dia;Nublado;Reta
quinta-feira;PR;Falta de Atencao Conducao;Tombamento;Com Vitimas Feridas;Pleno dia;Garoa/Chuvisco;Nao Informado
quinta-feira;PE;Falta de Atencao Conducao;Colisao transversal;Com Vitimas Feridas;Pleno dia;Sol;Intersecao de vias
quinta-feira;PR;Falta de Atencao Conducao;Colisao lateral;Com Vitimas Feridas;Pleno dia;Nublado;Reta
quinta-feira;RO;Desobediencia nas normas de transito pelo condutor;Colisao lateral;Com Vitimas Feridas;Pleno dia;Nublado;Intersecao de vias
quarta-feira;GO;Falta de Atencao Conducao;Colisao traseira;Com Vitimas Feridas;Pleno dia;Ceu Claro;Reta
quinta-feira;PR;Defeito Mecanico no Veiculo;Incendio;Sem Vitimas;Pleno dia;Ceu Claro;Reta
quinta-feira;RJ;Nao guardar distancia de seguranca;Colisao traseira;Com Vitimas Feridas;Pleno dia;Garoa/Chuvisco;Reta
quinta-feira;RS;Falta de Atencao Conducao;Colisao traseira;Com Vitimas Feridas;Pleno dia;Ceu Claro;Reta
quinta-feira;MG;Mal Subito;Tombamento;Com Vitimas Feridas;Pleno dia;Nublado;Curva
quinta-feira;SP;Nao guardar distancia de seguranca;Colisao lateral;Sem Vitimas;Pleno dia;Garoa/Chuvisco;Reta
quinta-feira;RJ;Falta de Atencao Conducao;Colisao traseira;Com Vitimas Feridas;Pleno dia;Nublado;Reta
segunda-feira;PR;Falta de Atencao Conducao;Colisao traseira;Com Vitimas Feridas;Pleno dia;Ceu Claro;Desvio Temporario
quinta-feira;SP;Velocidade Incompativel;Capotamento;Sem Vitimas;Pleno dia;Chuva;Curva
quinta-feira;ES;Nao guardar distancia de seguranca;Atropelamento de Pedestre;Com Vitimas Feridas;Pleno dia;Nublado;Nao Informado
quinta-feira;PE;Nao guardar distancia de seguranca;Colisao traseira;Com Vitimas Feridas;Pleno dia;Ceu Claro;Reta
quinta-feira;RO;Falta de Atencao Conducao;Saida de leito carrocavel;Com Vitimas Feridas;Pleno dia;Nublado;Curva
quinta-feira;PR;Velocidade Incompativel;Saida de leito carrocavel;Com Vitimas Feridas;Pleno dia;Ceu Claro;Curva
quinta-feira;GO;Falta de Atencao Conducao;Queda de ocupante de veiculo;Com Vitimas Feridas;Pleno dia;Nublado;Curva
quinta-feira;RJ;Falta de Atencao Conducao;Queda de ocupante de veiculo;Com Vitimas Feridas;Pleno dia;Nublado;Reta
quinta-feira;GO;Falta de Atencao Conducao;Colisao lateral;Com Vitimas Feridas;Pleno dia;Ceu Claro;Reta
domingo;PA;Falta de Atencao Conducao;Saida de leito carrocavel;Sem Vitimas;Plena Noite;Nublado;Curva
quinta-feira;PB;Velocidade Incompativel;Saida de leito carrocavel;Com Vitimas Feridas;Pleno dia;Chuva;Nao Informado
quinta-feira;PE;Falta de Atencao Conducao;Colisao transversal;Sem Vitimas;Pleno dia;Sol;Reta
quinta-feira;SC;Velocidade Incompativel;Colisao traseira;Com Vitimas Feridas;Pleno dia;Sol;Reta
quinta-feira;RS;Falta de Atencao Conducao;Colisao traseira;Com Vitimas Feridas;Pleno dia;Ceu Claro;Reta
quinta-feira;BA;Velocidade Incompativel;Saida de leito carrocavel;Com Vitimas Feridas;Pleno dia;Chuva;Curva
quinta-feira;GO;Condutor Dormindo;Saida de leito carrocavel;Com Vitimas Feridas;Pleno dia;Ceu Claro;Reta
quinta-feira;SP;Defeito Mecanico no Veiculo;Colisao com objeto estatico;Com Vitimas Feridas;Pleno dia;Nublado;Reta
quinta-feira;SE;Falta de Atencao Conducao;Saida de leito carrocavel;Sem Vitimas;Pleno dia;Chuva;Viaduto
quinta-feira;PR;Desobediencia nas normas de transito pelo condutor;Saida de leito carrocavel;Com Vitimas Feridas;Pleno dia;Chuva;Curva
quinta-feira;MA;Avarias e/ou desgaste excessivo no pneu;Saida de leito carrocavel;Sem Vitimas;Pleno dia;Chuva;Reta
quinta-feira;MA;Defeito na Via;Saida de leito carrocavel;Sem Vitimas;Pleno dia;Chuva;Reta
quinta-feira;RN;Pista Escorregadia;Saida de leito carrocavel;Sem Vitimas;Pleno dia;Chuva;Reta
quinta-feira;MA;Defeito na Via;Saida de leito carrocavel;Sem Vitimas;Pleno dia;Chuva;Curva
quinta-feira;PR;Nao guardar distancia de seguranca;Colisao traseira;Com Vitimas Feridas;Pleno dia;Garoa/Chuvisco;Reta
quinta-feira;SC;Falta de Atencao Conducao;Colisao lateral;Com Vitimas Feridas;Pleno dia;Sol;Curva
quinta-feira;RS;Desobediencia nas normas de transito pelo condutor;Colisao transversal;Com Vitimas Feridas;Pleno dia;Sol;Intersecao de vias
quinta-feira;BA;Desobediencia nas normas de transito pelo condutor;Colisao transversal;Com Vitimas Feridas;Pleno dia;Ceu Claro;Reta
quinta-feira;BA;Desobediencia nas normas de transito pelo condutor;Colisao transversal;Com Vitimas Feridas;Pleno dia;Nublado;Reta
quinta-feira;CE;Nao guardar distancia de seguranca;Colisao traseira;Com Vitimas Feridas;Pleno dia;Ceu Claro;Reta
quinta-feira;MG;Falta de Atencao Conducao;Colisao transversal;Com Vitimas Feridas;Pleno dia;Chuva;Reta
quinta-feira;GO;Desobediencia nas normas de transito pelo condutor;Colisao transversal;Com Vitimas Feridas;Pleno dia;Ceu Claro;Rotatoria
quinta-feira;BA;Desobediencia nas normas de transito pelo condutor;Colisao frontal;Com Vitimas Fatais;Pleno dia;Ceu Claro;Nao Informado
quinta-feira;BA;Mal Subito;Colisao frontal;Com Vitimas Feridas;Pleno dia;Nublado;Reta
quinta-feira;MG;Falta de Atencao Conducao;Colisao transversal;Com Vitimas Feridas;Pleno dia;Nublado;Intersecao de vias
quinta-feira;PR;Pista Escorregadia;Saida de leito carrocavel;Com Vitimas Feridas;Pleno dia;Chuva;Curva
quinta-feira;MT;Defeito Mecanico no Veiculo;Tombamento;Sem Vitimas;Pleno dia;Nublado;Desvio Temporario
quinta-feira;MT;Desobediencia nas normas de transito pelo condutor;Colisao transversal;Com Vitimas Feridas;Pleno dia;Ceu Claro;Retorno Regulamentado
domingo;RJ;Velocidade Incompativel;Colisao com objeto estatico;Com Vitimas Feridas;Plena Noite;Ignorado;Curva
quinta-feira;PA;Falta de Atencao Conducao;Capotamento;Com Vitimas Feridas;Pleno dia;Nublado;Desvio Temporario
quinta-feira;RJ;Velocidade Incompativel;Colisao frontal;Com Vitimas Feridas;Pleno dia;Chuva;Curva
quinta-feira;MG;Falta de Atencao Conducao;Colisao lateral;Com Vitimas Feridas;Pleno dia;Ceu Claro;Reta
quinta-feira;PE;Animais na Pista;Capotamento;Com Vitimas Feridas;Plena Noite;Chuva;Nao Informado
quinta-feira;RJ;Nao guardar distancia de seguranca;Colisao traseira;Sem Vitimas;Pleno dia;Chuva;Reta
quinta-feira;SC;Falta de Atencao Conducao;Colisao frontal;Com Vitimas Fatais;Pleno dia;Ceu Claro;Reta
quinta-feira;PE;Condutor Dormindo;Engavetamento;Com Vitimas Feridas;Pleno dia;Ceu Claro;Reta
quinta-feira;RS;Falta de Atencao Conducao;Colisao transversal;Com Vitimas Feridas;Pleno dia;Ceu Claro;Reta
quinta-feira;BA;Falta de Atencao Conducao;Saida de leito carrocavel;Com Vitimas Feridas;Pleno dia;Chuva;Reta
quinta-feira;ES;Ingestao de Alcool;Colisao lateral;Sem Vitimas;Pleno dia;Chuva;Nao Informado
quinta-feira;RN;Falta de Atencao Conducao;Colisao traseira;Com Vitimas Feridas;Pleno dia;Ceu Claro;Reta
quinta-feira;MG;Velocidade Incompativel;Tombamento;Sem Vitimas;Pleno dia;Nublado;Curva
quinta-feira;PI;Desobediencia nas normas de transito pelo condutor;Colisao transversal;Com Vitimas Feridas;Pleno dia;Ceu Claro;Intersecao de vias
quinta-feira;SP;Velocidade Incompativel;Tombamento;Sem Vitimas;Pleno dia;Nublado;Retorno Regulamentado
domingo;SC;Nao guardar distancia de seguranca;Colisao traseira;Com Vitimas Feridas;Plena Noite;Ignorado;Reta
quinta-feira;PI;Velocidade Incompativel;Saida de leito carrocavel;Com Vitimas Feridas;Pleno dia;Chuva;Curva
quinta-feira;BA;Falta de Atencao Conducao;Colisao lateral;Com Vitimas Feridas;Pleno dia;Nublado;Reta
quinta-feira;MG;Carga excessiva e/ou mal acondicionada;Tombamento;Sem Vitimas;Pleno dia;Chuva;Curva
quinta-feira;BA;Velocidade Incompativel;Saida de leito carrocavel;Com Vitimas Feridas;Pleno dia;Chuva;Curva
quinta-feira;PI;Nao guardar distancia de seguranca;Colisao traseira;Com Vitimas Feridas;Anoitecer;Ceu Claro;Reta
quinta-feira;RN;Condutor Dormindo;Colisao traseira;Com Vitimas Feridas;Anoitecer;Nublado;Reta
quinta-feira;MS;Nao guardar distancia de seguranca;Colisao traseira;Sem Vitimas;Pleno dia;Ceu Claro;Reta
quinta-feira;PB;Velocidade Incompativel;Queda de ocupante de veiculo;Com Vitimas Feridas;Anoitecer;Chuva;Curva
quinta-feira;SC;Falta de Atencao Conducao;Saida de leito carrocavel;Com Vitimas Fatais;Pleno dia;Nublado;Curva
quinta-feira;SC;Velocidade Incompativel;Colisao transversal;Com Vitimas Feridas;Pleno dia;Ceu Claro;Reta
quinta-feira;SC;Desobediencia nas normas de transito pelo condutor;Colisao frontal;Com Vitimas Feridas;Pleno dia;Nublado;Reta
quinta-feira;MG;Desobediencia nas normas de transito pelo condutor;Colisao transversal;Com Vitimas Feridas;Pleno dia;Nublado;Rotatoria
quinta-feira;PR;Falta de Atencao Conducao;Colisao traseira;Com Vitimas Feridas;Anoitecer;Nublado;Curva
quinta-feira;SP;Falta de Atencao Conducao;Colisao lateral;Com Vitimas Feridas;Anoitecer;Garoa/Chuvisco;Reta
quinta-feira;MG;Falta de Atencao Conducao;Colisao lateral;Com Vitimas Feridas;Plena Noite;Chuva;Curva
quinta-feira;SP;Falta de Atencao Conducao;Colisao traseira;Com Vitimas Feridas;Plena Noite;Nublado;Reta
quinta-feira;RS;Falta de Atencao Conducao;Colisao traseira;Com Vitimas Fatais;Pleno dia;Ceu Claro;Viaduto
quinta-feira;DF;Desobediencia nas normas de transito pelo condutor;Colisao traseira;Com Vitimas Feridas;Anoitecer;Garoa/Chuvisco;Reta
quinta-feira;GO;Falta de Atencao Conducao;Colisao lateral;Com Vitimas Feridas;Anoitecer;Ceu Claro;Reta
quinta-feira;MG;Ingestao de Alcool;Tombamento;Com Vitimas Feridas;Plena Noite;Chuva;Reta
quinta-feira;SC;Animais na Pista;Atropelamento de Animal;Com Vitimas Feridas;Pleno dia;Sol;Nao Informado
quinta-feira;BA;Falta de Atencao Conducao;Queda de ocupante de veiculo;Com Vitimas Feridas;Pleno dia;Ceu Claro;Reta
quinta-feira;RJ;Falta de Atencao Conducao;Queda de ocupante de veiculo;Com Vitimas Fatais;Anoitecer;Chuva;Curva
quinta-feira;PA;Defeito na Via;Tombamento;Com Vitimas Feridas;Anoitecer;Ceu Claro;Reta
quinta-feira;BA;Defeito Mecanico no Veiculo;Queda de ocupante de veiculo;Com Vitimas Feridas;Pleno dia;Ceu Claro;Reta
quinta-feira;BA;Condutor Dormindo;Tombamento;Com Vitimas Feridas;Plena Noite;Nublado;Reta
quinta-feira;ES;Falta de Atencao Conducao;Colisao traseira;Com Vitimas Feridas;Anoitecer;Ceu Claro;Reta
quinta-feira;MS;Desobediencia nas normas de transito pelo condutor;Colisao traseira;Com Vitimas Feridas;Plena Noite;Ceu Claro;Reta
quinta-feira;MG;Nao guardar distancia de seguranca;Colisao traseira;Com Vitimas Feridas;Plena Noite;Chuva;Nao Informado
quinta-feira;ES;Falta de Atencao Conducao;Capotamento;Com Vitimas Feridas;Plena Noite;Nublado;Curva
quinta-feira;RJ;Ingestao de Alcool;Colisao frontal;Sem Vitimas;Anoitecer;Ceu Claro;Curva
quinta-feira;ES;Falta de Atencao Conducao;Queda de ocupante de veiculo;Com Vitimas Feridas;Plena Noite;Ceu Claro;Reta
quinta-feira;PE;Desobediencia nas normas de transito pelo condutor;Colisao transversal;Com Vitimas Feridas;Plena Noite;Ceu Claro;Curva
quinta-feira;PR;Restricao de Visibilidade;Colisao com objeto estatico;Sem Vitimas;Plena Noite;Ceu Claro;Reta
quinta-feira;PR;Falta de Atencao Conducao;Tombamento;Com Vitimas Fatais;Pleno dia;Ceu Claro;Curva
quinta-feira;MG;Falta de Atencao Conducao;Saida de leito carrocavel;Com Vitimas Feridas;Plena Noite;Ceu Claro;Reta
quinta-feira;MG;Animais na Pista;Atropelamento de Animal;Com Vitimas Feridas;Plena Noite;Ceu Claro;Reta
quinta-feira;PI;Falta de Atencao do Pedestre;Atropelamento de Pedestre;Com Vitimas Feridas;Plena Noite;Nublado;Reta
quinta-feira;SP;Falta de Atencao Conducao;Colisao traseira;Sem Vitimas;Plena Noite;Garoa/Chuvisco;Nao Informado
quinta-feira;MG;Falta de Atencao Conducao;Colisao transversal;Com Vitimas Feridas;Plena Noite;Nublado;Reta
quinta-feira;GO;Velocidade Incompativel;Colisao traseira;Com Vitimas Feridas;Anoitecer;Ceu Claro;Desvio Temporario
quinta-feira;MS;Falta de Atencao Conducao;Colisao transversal;Com Vitimas Feridas;Plena Noite;Ceu Claro;Rotatoria
quinta-feira;PI;Falta de Atencao Conducao;Colisao lateral;Sem Vitimas;Plena Noite;Chuva;Ponte
quinta-feira;SC;Desobediencia nas normas de transito pelo condutor;Colisao lateral;Com Vitimas Feridas;Pleno dia;Ceu Claro;Reta
quinta-feira;ES;Falta de Atencao Conducao;Tombamento;Com Vitimas Feridas;Plena Noite;Ceu Claro;Reta
quinta-feira;MA;Falta de Atencao Conducao;Colisao transversal;Com Vitimas Fatais;Anoitecer;Ceu Claro;Reta
quinta-feira;MA;Pista Escorregadia;Saida de leito carrocavel;Sem Vitimas;Pleno dia;Chuva;Nao Informado
quinta-feira;AL;Falta de Atencao Conducao;Tombamento;Sem Vitimas;Plena Noite;Chuva;Reta
quinta-feira;MG;Pista Escorregadia;Saida de leito carrocavel;Sem Vitimas;Plena Noite;Chuva;Reta
quinta-feira;PR;Falta de Atencao Conducao;Queda de ocupante de veiculo;Com Vitimas Feridas;Plena Noite;Ceu Claro;Reta
quinta-feira;SC;Defeito Mecanico no Veiculo;Tombamento;Com Vitimas Feridas;Plena Noite;Ceu Claro;Reta
quinta-feira;PR;Ultrapassagem Indevida;Colisao traseira;Com Vitimas Feridas;Pleno dia;Ceu Claro;Desvio Temporario
quinta-feira;MG;Defeito Mecanico no Veiculo;Tombamento;Com Vitimas Feridas;Plena Noite;Chuva;Reta
quinta-feira;SC;Falta de Atencao Conducao;Colisao traseira;Com Vitimas Feridas;Plena Noite;Ceu Claro;Reta
quinta-feira;MG;Falta de Atencao Conducao;Colisao lateral;Com Vitimas Feridas;Plena Noite;Garoa/Chuvisco;Reta
quinta-feira;PR;Falta de Atencao Conducao;Colisao transversal;Com Vitimas Feridas;Plena Noite;Ceu Claro;Reta
quinta-feira;SC;Falta de Atencao Conducao;Colisao traseira;Com Vitimas Feridas;Pleno dia;Nublado;Nao Informado
quinta-feira;GO;Falta de Atencao do Pedestre;Atropelamento de Pedestre;Com Vitimas Fatais;Pleno dia;Ceu Claro;Reta
quinta-feira;PR;Velocidade Incompativel;Saida de leito carrocavel;Com Vitimas Fatais;Plena Noite;Nublado;Reta
quinta-feira;MS;Falta de Atencao Conducao;Tombamento;Sem Vitimas;Plena Noite;Nublado;Reta
sexta-feira;ES;Falta de Atencao Conducao;Tombamento;Sem Vitimas;Plena Noite;Ceu Claro;Curva
quinta-feira;RS;Falta de Atencao Conducao;Saida de leito carrocavel;Sem Vitimas;Plena Noite;Nublado;Curva
sexta-feira;PR;Condutor Dormindo;Saida de leito carrocavel;Com Vitimas Feridas;Plena Noite;Ceu Claro;Curva
quinta-feira;RO;Ingestao de Alcool;Colisao frontal;Com Vitimas Feridas;Plena Noite;Ceu Claro;Reta
sexta-feira;MG;Falta de Atencao Conducao;Colisao traseira;Com Vitimas Feridas;Plena Noite;Chuva;Reta
sexta-feira;BA;Falta de Atencao Conducao;Tombamento;Com Vitimas Feridas;Plena Noite;Chuva;Nao Informado
quinta-feira;GO;Desobediencia nas normas de transito pelo condutor;Colisao traseira;Sem Vitimas;Pleno dia;Ignorado;Nao Informado
sexta-feira;MG;Velocidade Incompativel;Saida de leito carrocavel;Com Vitimas Feridas;Plena Noite;Chuva;Curva
sexta-feira;MS;Condutor Dormindo;Saida de leito carrocavel;Com Vitimas Feridas;Plena Noite;Ceu Claro;Curva
quinta-feira;SE;Falta de Atencao Conducao;Tombamento;Com Vitimas Feridas;Plena Noite;Ceu Claro;Reta
sexta-feira;MG;Condutor Dormindo;Capotamento;Com Vitimas Feridas;Plena Noite;Ceu Claro;Rotatoria
sexta-feira;PR;Falta de Atencao Conducao;Saida de leito carrocavel;Sem Vitimas;Plena Noite;Garoa/Chuvisco;Reta
sexta-feira;GO;Animais na Pista;Atropelamento de Animal;Com Vitimas Fatais;Plena Noite;Ignorado;Desvio Temporario
sexta-feira;RJ;Condutor Dormindo;Saida de leito carrocavel;Sem Vitimas;Plena Noite;Garoa/Chuvisco;Curva
sexta-feira;SP;Ingestao de Alcool;Colisao lateral;Com Vitimas Feridas;Plena Noite;Nublado;Reta
segunda-feira;SC;Falta de Atencao Conducao;Saida de leito carrocavel;Com Vitimas Feridas;Plena Noite;Chuva;Rotatoria
sexta-feira;PR;Condutor Dormindo;Colisao lateral;Com Vitimas Feridas;Plena Noite;Chuva;Nao Informado
sexta-feira;SP;Velocidade Incompativel;Colisao traseira;Com Vitimas Feridas;Plena Noite;Nublado;Reta
quinta-feira;MG;Falta de Atencao Conducao;Capotamento;Com Vitimas Feridas;Plena Noite;Chuva;Reta
sexta-feira;RN;Mal Subito;Saida de leito carrocavel;Com Vitimas Feridas;Amanhecer;Ceu Claro;Reta
domingo;SC;Ingestao de Alcool e/ou substancias psicoativas pelo pedestre;Colisao frontal;Sem Vitimas;Plena Noite;Chuva;Reta
quinta-feira;MT;Condutor Dormindo;Colisao traseira;Sem Vitimas;Pleno dia;Sol;Nao Informado
sexta-feira;BA;Condutor Dormindo;Tombamento;Com Vitimas Feridas;Plena Noite;Nublado;Reta
sexta-feira;SC;Falta de Atencao Conducao;Saida de leito carrocavel;Com Vitimas Feridas;Amanhecer;Nublado;Nao Informado
sexta-feira;SP;Defeito Mecanico no Veiculo;Incendio;Sem Vitimas;Amanhecer;Nublado;Reta
sexta-feira;MG;Velocidade Incompativel;Saida de leito carrocavel;Com Vitimas Feridas;Pleno dia;Chuva;Curva
quarta-feira;BA;Mal Subito;Queda de ocupante de veiculo;Com Vitimas Feridas;Pleno dia;Ceu Claro;Reta
quinta-feira;RS;Falta de Atencao Conducao;Saida de leito carrocavel;Com Vitimas Feridas;Plena Noite;Ceu Claro;Reta
sexta-feira;BA;Nao guardar distancia de seguranca;Engavetamento;Sem Vitimas;Pleno dia;Ceu Claro;Reta
sexta-feira;RN;Desobediencia nas normas de transito pelo condutor;Colisao transversal;Com Vitimas Feridas;Pleno dia;Ceu Claro;Reta
quinta-feira;MA;Pista Escorregadia;Saida de leito carrocavel;Sem Vitimas;Pleno dia;Chuva;Reta
domingo;MG;Defeito Mecanico no Veiculo;Colisao com objeto em movimento;Sem Vitimas;Plena Noite;Ceu Claro;Curva
sexta-feira;DF;Falta de Atencao Conducao;Colisao lateral;Com Vitimas Feridas;Amanhecer;Ceu Claro;Reta
sexta-feira;RJ;Falta de Atencao Conducao;Colisao traseira;Com Vitimas Feridas;Amanhecer;Garoa/Chuvisco;Reta
sexta-feira;ES;Desobediencia nas normas de transito pelo condutor;Colisao transversal;Com Vitimas Feridas;Pleno dia;Nublado;Reta
sexta-feira;SC;Nao guardar distancia de seguranca;Colisao traseira;Com Vitimas Feridas;Pleno dia;Nublado;Reta
sexta-feira;BA;Falta de Atencao Conducao;Queda de ocupante de veiculo;Com Vitimas Feridas;Pleno dia;Ceu Claro;Reta
sexta-feira;SC;Falta de Atencao Conducao;Colisao traseira;Com Vitimas Feridas;Pleno dia;Nublado;Reta
sexta-feira;PR;Falta de Atencao Conducao;Colisao traseira;Com Vitimas Feridas;Amanhecer;Ceu Claro;Reta
quinta-feira;MG;Falta de Atencao Conducao;Colisao transversal;Com Vitimas Feridas;Plena Noite;Ceu Claro;Intersecao de vias
sexta-feira;GO;Falta de Atencao Conducao;Colisao traseira;Com Vitimas Feridas;Pleno dia;Ceu Claro;Reta
sexta-feira;CE;Falta de Atencao Conducao;Colisao lateral;Com Vitimas Feridas;Pleno dia;Nublado;Reta
sexta-feira;RJ;Defeito na Via;Derramamento de carga;Sem Vitimas;Amanhecer;Chuva;Nao Informado
sexta-feira;SC;Nao guardar distancia de seguranca;Colisao traseira;Com Vitimas Feridas;Pleno dia;Nublado;Reta
sexta-feira;BA;Falta de Atencao Conducao;Colisao frontal;Com Vitimas Feridas;Pleno dia;Ceu Claro;Reta
sexta-feira;PE;Falta de Atencao Conducao;Colisao traseira;Com Vitimas Feridas;Pleno dia;Sol;Desvio Temporario
sexta-feira;RJ;Pista Escorregadia;Colisao com objeto estatico;Com Vitimas Feridas;Pleno dia;Garoa/Chuvisco;Reta
quinta-feira;MG;Ingestao de Alcool;Colisao frontal;Sem Vitimas;Plena Noite;Chuva;Reta
sexta-feira;MG;Velocidade Incompativel;Colisao com objeto estatico;Com Vitimas Feridas;Pleno dia;Chuva;Curva
sexta-feira;RS;Ultrapassagem Indevida;Colisao frontal;Com Vitimas Fatais;Pleno dia;Ceu Claro;Reta
quinta-feira;BA;Condutor Dormindo;Colisao frontal;Com Vitimas Feridas;Pleno dia;Chuva;Desvio Temporario
sexta-feira;SC;Nao guardar distancia de seguranca;Colisao lateral;Com Vitimas Feridas;Pleno dia;Nublado;Reta
sexta-feira;SE;Desobediencia nas normas de transito pelo condutor;Colisao transversal;Com Vitimas Feridas;Pleno dia;Ceu Claro;Intersecao de vias
segunda-feira;BA;Animais na Pista;Atropelamento de Animal;Sem Vitimas;Pleno dia;Ceu Claro;Reta
sexta-feira;SC;Falta de Atencao Conducao;Saida de leito carrocavel;Com Vitimas Feridas;Amanhecer;Ceu Claro;Reta
sexta-feira;RJ;Desobediencia nas normas de transito pelo condutor;Colisao transversal;Com Vitimas Feridas;Pleno dia;Ceu Claro;Nao Informado
sexta-feira;SC;Falta de Atencao Conducao;Colisao transversal;Com Vitimas Feridas;Pleno dia;Nublado;Curva
sexta-feira;MG;Velocidade Incompativel;Queda de ocupante de veiculo;Com Vitimas Feridas;Pleno dia;Chuva;Reta
sexta-feira;MG;Velocidade Incompativel;Saida de leito carrocavel;Com Vitimas Feridas;Pleno dia;Sol;Curva
sexta-feira;MG;Mal Subito;Colisao traseira;Com Vitimas Feridas;Pleno dia;Chuva;Reta
sexta-feira;MG;Pista Escorregadia;Colisao traseira;Com Vitimas Feridas;Pleno dia;Garoa/Chuvisco;Reta
segunda-feira;PR;Falta de Atencao Conducao;Colisao lateral;Com Vitimas Feridas;Plena Noite;Ignorado;Intersecao de vias
sexta-feira;SP;Falta de Atencao Conducao;Colisao lateral;Com Vitimas Feridas;Pleno dia;Nublado;Reta
sexta-feira;MG;Velocidade Incompativel;Saida de leito carrocavel;Com Vitimas Feridas;Pleno dia;Chuva;Nao Informado
sexta-feira;SP;Falta de Atencao Conducao;Tombamento;Sem Vitimas;Pleno dia;Nublado;Curva
sexta-feira;MG;Velocidade Incompativel;Capotamento;Com Vitimas Feridas;Pleno dia;Chuva;Curva
sexta-feira;SC;Falta de Atencao Conducao;Colisao transversal;Com Vitimas Feridas;Pleno dia;Nublado;Reta
sexta-feira;SC;Defeito Mecanico no Veiculo;Saida de leito carrocavel;Com Vitimas Feridas;Pleno dia;Nublado;Reta
sexta-feira;PR;Pista Escorregadia;Colisao com objeto estatico;Com Vitimas Feridas;Pleno dia;Chuva;Nao Informado
sexta-feira;CE;Falta de Atencao Conducao;Colisao frontal;Com Vitimas Feridas;Pleno dia;Sol;Intersecao de vias
quarta-feira;CE;Desobediencia nas normas de transito pelo condutor;Colisao frontal;Com Vitimas Fatais;Pleno dia;Chuva;Curva
sexta-feira;GO;Falta de Atencao Conducao;Queda de ocupante de veiculo;Sem Vitimas;Pleno dia;Ceu Claro;Reta
sexta-feira;RJ;Mal Subito;Queda de ocupante de veiculo;Com Vitimas Feridas;Pleno dia;Garoa/Chuvisco;Reta
sexta-feira;SC;Falta de Atencao Conducao;Capotamento;Com Vitimas Feridas;Pleno dia;Nublado;Reta
sexta-feira;TO;Nao guardar distancia de seguranca;Saida de leito carrocavel;Com Vitimas Feridas;Pleno dia;Ceu Claro;Reta
sexta-feira;PA;Nao guardar distancia de seguranca;Engavetamento;Sem Vitimas;Pleno dia;Nublado;Reta
sexta-feira;MG;Falta de Atencao Conducao;Colisao frontal;Com Vitimas Feridas;Pleno dia;Chuva;Curva
sexta-feira;BA;Falta de Atencao Conducao;Queda de ocupante de veiculo;Com Vitimas Feridas;Pleno dia;Ceu Claro;Reta
sexta-feira;MT;Defeito Mecanico no Veiculo;Colisao traseira;Com Vitimas Feridas;Pleno dia;Ceu Claro;Reta
sexta-feira;SC;Velocidade Incompativel;Saida de leito carrocavel;Com Vitimas Feridas;Pleno dia;Nublado;Curva
sexta-feira;BA;Nao guardar distancia de seguranca;Colisao traseira;Com Vitimas Feridas;Pleno dia;Chuva;Reta
quinta-feira;AL;Desobedincia nas normas de transito pelo pedestre;Atropelamento de Pedestre;Com Vitimas Fatais;Plena Noite;Ignorado;Reta
sexta-feira;RS;Falta de Atencao Conducao;Saida de leito carrocavel;Sem Vitimas;Pleno dia;Sol;Nao Informado
sexta-feira;PR;Falta de Atencao Conducao;Colisao transversal;Sem Vitimas;Pleno dia;Nublado;Nao Informado