dia_semana;uf;causa_acidente;tipo_acidente;classificacao_acidente;fase_dia;condicao_metereologica;tracado_via
sabado;RJ;Falta de Atencao Conducao;Capotamento;Com Vitimas Feridas;Pleno dia;Nublado;Reta
sabado;GO;Defeito na Via;Colisao traseira;Sem Vitimas;Pleno dia;Chuva;Reta
sabado;RS;Desobediencia nas normas de transito pelo condutor;Colisao transversal;Sem Vitimas;Pleno dia;Ceu Claro;Reta
sabado;PR;Desobediencia nas normas de transito pelo condutor;Colisao transversal;Com Vitimas Fatais;Pleno dia;Ceu Claro;Curva
sabado;RJ;Falta de Atencao Conducao;Colisao lateral;Com Vitimas Feridas;Pleno dia;Ceu Claro;Reta
sabado;PR;Velocidade Incompativel;Colisao frontal;Com Vitimas Fatais;Pleno dia;Ceu Claro;Nao Informado
sabado;BA;Desobediencia nas normas de transito pelo condutor;Saida de leito carrocavel;Com Vitimas Feridas;Pleno dia;Ceu Claro;Reta
sabado;PR;Desobediencia nas normas de transito pelo condutor;Colisao com objeto estatico;Com Vitimas Feridas;Pleno dia;Ceu Claro;Reta
sabado;PA;Pista Escorregadia;Tombamento;Sem Vitimas;Amanhecer;Chuva;Reta
sabado;RJ;Falta de Atencao Conducao;Colisao transversal;Com Vitimas Feridas;Pleno dia;Ceu Claro;Curva
sabado;SC;Defeito Mecanico no Veiculo;Tombamento;Com Vitimas Feridas;Pleno dia;Ceu Claro;Curva
sabado;AP;Mal Subito;Colisao lateral;Com Vitimas Feridas;Pleno dia;Ceu Claro;Reta
sabado;MA;Falta de Atencao Conducao;Colisao transversal;Com Vitimas Feridas;Pleno dia;Sol;Reta
sabado;MG;Falta de Atencao Conducao;Colisao lateral;Sem Vitimas;Pleno dia;Ceu Claro;Curva
sexta-feira;GO;Desobediencia nas normas de transito pelo condutor;Colisao com objeto estatico;Com Vitimas Fatais;Pleno dia;Nublado;Nao Informado
sabado;SP;Falta de Atencao Conducao;Colisao traseira;Com Vitimas Feridas;Pleno dia;Ceu Claro;Reta
sabado;PE;Falta de Atencao Conducao;Colisao lateral;Com Vitimas Feridas;Pleno dia;Ceu Claro;Reta
sabado;SC;Falta de Atencao Conducao;Tombamento;Com Vitimas Feridas;Pleno dia;Sol;Reta
sabado;PA;Desobediencia nas normas de transito pelo condutor;Colisao transversal;Sem Vitimas;Pleno dia;Ceu Claro;Intersecao de vias
sabado;RS;Velocidade Incompativel;Tombamento;Sem Vitimas;Pleno dia;Ceu Claro;Curva
sabado;MG;Defeito Mecanico no Veiculo;Colisao traseira;Com Vitimas Feridas;Pleno dia;Ceu Claro;Reta
sabado;SC;Falta de Atencao Conducao;Tombamento;Com Vitimas Feridas;Pleno dia;Ceu Claro;Reta
sabado;PB;Desobediencia nas normas de transito pelo condutor;Queda de ocupante de veiculo;Com Vitimas Feridas;Pleno dia;Ceu Claro;Reta
sabado;PR;Desobediencia nas normas de transito pelo condutor;Colisao transversal;Com Vitimas Feridas;Pleno dia;Sol;Reta
sabado;PR;Velocidade Incompativel;Colisao traseira;Com Vitimas Feridas;Pleno dia;Ceu Claro;Curva
sexta-feira;BA;Ultrapassagem Indevida;Capotamento;Com Vitimas Feridas;Pleno dia;Ceu Claro;Reta
sabado;MG;Falta de Atencao Conducao;Colisao com objeto estatico;Com Vitimas Feridas;Pleno dia;Ceu Claro;Curva
sabado;RO;Desobediencia nas normas de transito pelo condutor;Colisao lateral;Com Vitimas Feridas;Pleno dia;Ceu Claro;Reta
sabado;SC;Falta de Atencao Conducao;Colisao traseira;Sem Vitimas;Pleno dia;Ceu Claro;Reta
sabado;PR;Falta de Atencao do Pedestre;Atropelamento de Pedestre;Com Vitimas Feridas;Pleno dia;Ceu Claro;Reta
sabado;MG;Ingestao de Alcool;Colisao frontal;Com Vitimas Fatais;Pleno dia;Nublado;Curva
sabado;GO;Defeito Mecanico no Veiculo;Danos eventuais;Sem Vitimas;Pleno dia;Ceu Claro;Reta
sabado;PR;Restricao de Visibilidade;Capotamento;Com Vitimas Feridas;Pleno dia;Sol;Reta
sabado;PE;Ingestao de Alcool;Colisao lateral;Com Vitimas Feridas;Plena Noite;Nublado;Reta
sabado;MA;Desobediencia nas normas de transito pelo condutor;Colisao traseira;Com Vitimas Feridas;Pleno dia;Ceu Claro;Reta
sabado;SP;Condutor Dormindo;Colisao traseira;Com Vitimas Feridas;Anoitecer;Ceu Claro;Reta
sabado;MS;Condutor Dormindo;Saida de leito carrocavel;Com Vitimas Feridas;Anoitecer;Ceu Claro;Reta
sabado;MA;Falta de Atencao Conducao;Colisao lateral;Sem Vitimas;Pleno dia;Chuva;Reta
sabado;GO;Falta de Atencao Conducao;Saida de leito carrocavel;Com Vitimas Fatais;Pleno dia;Nublado;Curva
sabado;DF;Defeito Mecanico no Veiculo;Saida de leito carrocavel;Com Vitimas Feridas;Anoitecer;Nublado;Reta
sabado;CE;Desobediencia nas normas de transito pelo condutor;Colisao transversal;Sem Vitimas;Anoitecer;Ceu Claro;Rotatoria
sabado;AL;Restricao de Visibilidade;Colisao traseira;Com Vitimas Feridas;Anoitecer;Chuva;Curva
sabado;RJ;Falta de Atencao Conducao;Queda de ocupante de veiculo;Com Vitimas Feridas;Anoitecer;Nublado;Nao Informado
sabado;RO;Pista Escorregadia;Colisao frontal;Com Vitimas Feridas;Pleno dia;Garoa/Chuvisco;Reta
sabado;PR;Desobediencia nas normas de transito pelo condutor;Colisao transversal;Sem Vitimas;Pleno dia;Ceu Claro;Intersecao de vias
sabado;PA;Nao guardar distancia de seguranca;Colisao traseira;Com Vitimas Feridas;Pleno dia;Nublado;Reta
sabado;SC;Falta de Atencao Conducao;Saida de leito carrocavel;Com Vitimas Feridas;Pleno dia;Ceu Claro;Reta
sabado;RS;Nao guardar distancia de seguranca;Saida de leito carrocavel;Com Vitimas Feridas;Pleno dia;Ceu Claro;Curva
sabado;PR;Restricao de Visibilidade;Atropelamento de Pedestre;Com Vitimas Feridas;Plena Noite;Ceu Claro;Reta
sabado;SC;Velocidade Incompativel;Colisao lateral;Com Vitimas Feridas;Pleno dia;Sol;Curva
sabado;MS;Ingestao de Alcool;Colisao traseira;Com Vitimas Feridas;Plena Noite;Ceu Claro;Nao Informado
sabado;SC;Falta de Atencao Conducao;Tombamento;Com Vitimas Feridas;Pleno dia;Ceu Claro;Reta
sabado;ES;Falta de Atencao Conducao;Queda de ocupante de veiculo;Com Vitimas Feridas;Plena Noite;Chuva;Reta
sabado;SC;Mal Subito;Tombamento;Com Vitimas Feridas;Pleno dia;Ceu Claro;Reta
sabado;PA;Ultrapassagem Indevida;Colisao frontal;Com Vitimas Fatais;Anoitecer;Nublado;Desvio Temporario
sabado;PB;Ingestao de Alcool;Colisao frontal;Com Vitimas Feridas;Plena Noite;Nublado;Desvio Temporario
sabado;PR;Ingestao de Alcool;Saida de leito carrocavel;Com Vitimas Feridas;Plena Noite;Ceu Claro;Curva
sabado;SC;Falta de Atencao Conducao;Colisao transversal;Com Vitimas Feridas;Plena Noite;Ceu Claro;Reta
sabado;MG;Desobediencia nas normas de transito pelo condutor;Colisao transversal;Com Vitimas Feridas;Plena Noite;Ceu Claro;Reta
sabado;RJ;Falta de Atencao do Pedestre;Atropelamento de Pedestre;Com Vitimas Fatais;Plena Noite;Nublado;Reta
sabado;PR;Ingestao de Alcool e/ou substancias psicoativas pelo pedestre;Atropelamento de Pedestre;Com Vitimas Feridas;Plena Noite;Ceu Claro;Reta
sabado;SC;Desobediencia nas normas de transito pelo condutor;Tombamento;Com Vitimas Feridas;Plena Noite;Ceu Claro;Reta
sabado;RN;Desobediencia nas normas de transito pelo condutor;Colisao transversal;Com Vitimas Feridas;Pleno dia;Ignorado;Reta
sabado;MG;Desobediencia nas normas de transito pelo condutor;Colisao frontal;Com Vitimas Feridas;Plena Noite;Nublado;Nao Informado
sabado;PR;Nao guardar distancia de seguranca;Colisao traseira;Com Vitimas Feridas;Plena Noite;Nublado;Nao Informado
sabado;SP;Velocidade Incompativel;Queda de ocupante de veiculo;Com Vitimas Feridas;Pleno dia;Ceu Claro;Curva
sabado;PI;Desobediencia nas normas de transito pelo condutor;Colisao lateral;Com Vitimas Feridas;Plena Noite;Nublado;Reta
sabado;PA;Ingestao de Alcool;Tombamento;Com Vitimas Feridas;Anoitecer;Nublado;Reta
sabado;SC;Falta de Atencao Conducao;Queda de ocupante de veiculo;Com Vitimas Feridas;Plena Noite;Nublado;Rotatoria
sabado;SC;Velocidade Incompativel;Colisao lateral;Com Vitimas Fatais;Plena Noite;Ceu Claro;Reta
sabado;BA;Ingestao de Alcool;Tombamento;Com Vitimas Feridas;Plena Noite;Ceu Claro;Reta
sabado;SC;Defeito Mecanico no Veiculo;Queda de ocupante de veiculo;Com Vitimas Feridas;Plena Noite;Ceu Claro;Nao Informado
sabado;MG;Condutor Dormindo;Saida de leito carrocavel;Com Vitimas Feridas;Anoitecer;Nublado;Nao Informado
sabado;PR;Velocidade Incompativel;Capotamento;Sem Vitimas;Plena Noite;Ceu Claro;Reta
sabado;ES;Defeito Mecanico no Veiculo;Incendio;Sem Vitimas;Plena Noite;Ceu Claro;Reta
sabado;RO;Falta de Atencao Conducao;Colisao traseira;Com Vitimas Feridas;Anoitecer;Nublado;Reta
sabado;BA;Falta de Atencao Conducao;Queda de ocupante de veiculo;Com Vitimas Feridas;Plena Noite;Ignorado;Reta
sabado;ES;Falta de Atencao Conducao;Colisao traseira;Com Vitimas Feridas;Plena Noite;Garoa/Chuvisco;Reta
sabado;SE;Carga excessiva e/ou mal acondicionada;Colisao com objeto estatico;Sem Vitimas;Plena Noite;Nublado;Nao Informado
sabado;PR;Ingestao de Alcool;Colisao traseira;Com Vitimas Feridas;Plena Noite;Nublado;Reta
sabado;PR;Ultrapassagem Indevida;Colisao lateral;Com Vitimas Feridas;Pleno dia;Ceu Claro;Reta
sabado;TO;Ingestao de Alcool;Colisao traseira;Com Vitimas Feridas;Plena Noite;Ceu Claro;Reta
sabado;SP;Falta de Atencao Conducao;Tombamento;Com Vitimas Feridas;Plena Noite;Nublado;Reta
sabado;RS;Desobediencia nas normas de transito pelo condutor;Colisao transversal;Com Vitimas Feridas;Plena Noite;Ceu Claro;Rotatoria
sabado;CE;Defeito na Via;Queda de ocupante de veiculo;Com Vitimas Feridas;Plena Noite;Ceu Claro;Reta
sabado;SC;Ingestao de Alcool e/ou substancias psicoativas pelo pedestre;Colisao lateral;Com Vitimas Feridas;Plena Noite;Ceu Claro;Reta
sabado;MG;Desobediencia nas normas de transito pelo condutor;Colisao transversal;Com Vitimas Fatais;Plena Noite;Vento;Nao Informado
sabado;BA;Velocidade Incompativel;Colisao frontal;Com Vitimas Feridas;Plena Noite;Nublado;Reta
sabado;RJ;Velocidade Incompativel;Tombamento;Com Vitimas Feridas;Plena Noite;Ceu Claro;Curva
sabado;GO;Defeito Mecanico no Veiculo;Tombamento;Com Vitimas Feridas;Plena Noite;Nublado;Reta
sabado;BA;Ingestao de Alcool;Colisao com objeto estatico;Com Vitimas Feridas;Plena Noite;Ceu Claro;Nao Informado
sabado;RS;Falta de Atencao Conducao;Queda de ocupante de veiculo;Com Vitimas Feridas;Plena Noite;Ceu Claro;Reta
sabado;SC;Falta de Atencao Conducao;Colisao lateral;Com Vitimas Feridas;Plena Noite;Ceu Claro;Nao Informado
sabado;PR;Velocidade Incompativel;Saida de leito carrocavel;Com Vitimas Feridas;Pleno dia;Ceu Claro;Curva
sabado;MT;Desobediencia nas normas de transito pelo condutor;Colisao transversal;Com Vitimas Feridas;Plena Noite;Ceu Claro;Desvio Temporario
sabado;SC;Animais na Pista;Colisao com objeto estatico;Com Vitimas Feridas;Plena Noite;Nublado;Curva
sabado;MT;Ingestao de Alcool e/ou substancias psicoativas pelo pedestre;Saida de leito carrocavel;Com Vitimas Feridas;Plena Noite;Ceu Claro;Reta
sabado;SP;Falta de Atencao Conducao;Capotamento;Sem Vitimas;Pleno dia;Ceu Claro;Reta
sabado;RS;Ingestao de Alcool;Saida de leito carrocavel;Sem Vitimas;Plena Noite;Ceu Claro;Curva
sabado;MG;Falta de Atencao Conducao;Colisao transversal;Com Vitimas Feridas;Plena Noite;Ceu Claro;Reta
sabado;MT;Falta de Atencao Conducao;Saida de leito carrocavel;Com Vitimas Feridas;Pleno dia;Ceu Claro;Reta
sabado;SP;Condutor Dormindo;Colisao com objeto estatico;Com Vitimas Feridas;Plena Noite;Ceu Claro;Reta
sabado;PB;Velocidade Incompativel;Saida de leito carrocavel;Sem Vitimas;Pleno dia;Chuva;Desvio Temporario
sabado;PE;Ingestao de Alcool;Colisao frontal;Com Vitimas Fatais;Plena Noite;Nublado;Curva
domingo;RS;Falta de Atencao Conducao;Colisao com objeto estatico;Com Vitimas Feridas;Plena Noite;Ceu Claro;Reta
sabado;MG;Condutor Dormindo;Capotamento;Com Vitimas Feridas;Plena Noite;Nublado;Curva
sabado;MS;Desobediencia nas normas de transito pelo condutor;Colisao traseira;Com Vitimas Feridas;Plena Noite;Ceu Claro;Reta
domingo;PE;Condutor Dormindo;Colisao lateral;Com Vitimas Feridas;Plena Noite;Nublado;Curva
sabado;MT;Falta de Atencao Conducao;Colisao traseira;Sem Vitimas;Plena Noite;Ceu Claro;Reta
sabado;GO;Defeito na Via;Tombamento;Com Vitimas Feridas;Plena Noite;Ceu Claro;Reta
domingo;SP;Falta de Atencao Conducao;Capotamento;Com Vitimas Feridas;Plena Noite;Ceu Claro;Reta
domingo;SP;Falta de Atencao Conducao;Colisao lateral;Com Vitimas Feridas;Plena Noite;Nublado;Reta
domingo;DF;Velocidade Incompativel;Saida de leito carrocavel;Sem Vitimas;Plena Noite;Chuva;Reta
sabado;MG;Falta de Atencao Conducao;Colisao frontal;Com Vitimas Fatais;Plena Noite;Ceu Claro;Reta
domingo;GO;Ingestao de Alcool;Colisao com objeto estatico;Com Vitimas Feridas;Plena Noite;Ceu Claro;Reta
domingo;RN;Falta de Atencao Conducao;Colisao traseira;Com Vitimas Feridas;Plena Noite;Nublado;Reta
domingo;PR;Desobediencia nas normas de transito pelo condutor;Colisao transversal;Com Vitimas Feridas;Plena Noite;Ceu Claro;Rotatoria
domingo;RJ;Falta de Atencao Conducao;Colisao transversal;Com Vitimas Feridas;Plena Noite;Ceu Claro;Intersecao de vias
sabado;MT;Falta de Atencao Conducao;Colisao traseira;Com Vitimas Feridas;Plena Noite;Ceu Claro;Reta
sabado;RO;Desobediencia nas normas de transito pelo condutor;Colisao traseira;Com Vitimas Feridas;Plena Noite;Ceu Claro;Reta
sabado;MT;Falta de Atencao Conducao;Colisao lateral;Com Vitimas Feridas;Plena Noite;Chuva;Reta
domingo;PE;Ingestao de Alcool;Queda de ocupante de veiculo;Com Vitimas Feridas;Plena Noite;Nublado;Rotatoria
domingo;PR;Falta de Atencao Conducao;Colisao traseira;Sem Vitimas;Plena Noite;Ceu Claro;Reta
domingo;MG;Ingestao de Alcool;Saida de leito carrocavel;Com Vitimas Feridas;Plena Noite;Nublado;Curva
domingo;SC;Desobediencia nas normas de transito pelo condutor;Colisao transversal;Com Vitimas Feridas;Plena Noite;Nublado;Reta
domingo;PR;Velocidade Incompativel;Saida de leito carrocavel;Sem Vitimas;Plena Noite;Ceu Claro;Curva
domingo;SC;Ingestao de Alcool;Saida de leito carrocavel;Sem Vitimas;Plena Noite;Nublado;Reta
domingo;RJ;Nao guardar distancia de seguranca;Colisao traseira;Com Vitimas Feridas;Plena Noite;Ceu Claro;Reta
domingo;RO;Ingestao de Alcool;Atropelamento de Pedestre;Com Vitimas Feridas;Plena Noite;Ceu Claro;Reta
domingo;RJ;Falta de Atencao Conducao;Colisao lateral;Com Vitimas Feridas;Plena Noite;Nublado;Reta
domingo;SP;Falta de Atencao Conducao;Saida de leito carrocavel;Com Vitimas Feridas;Plena Noite;Ceu Claro;Curva
domingo;SC;Velocidade Incompativel;Saida de leito carrocavel;Com Vitimas Feridas;Plena Noite;Nublado;Nao Informado
domingo;SP;Ingestao de Alcool;Colisao traseira;Sem Vitimas;Plena Noite;Nublado;Curva
domingo;PB;Falta de Atencao Conducao;Queda de ocupante de veiculo;Com Vitimas Feridas;Amanhecer;Ceu Claro;Curva
domingo;PA;Nao guardar distancia de seguranca;Colisao traseira;Com Vitimas Fatais;Amanhecer;Chuva;Reta
domingo;RJ;Animais na Pista;Saida de leito carrocavel;Com Vitimas Feridas;Amanhecer;Ceu Claro;Desvio Temporario
domingo;GO;Falta de Atencao Conducao;Colisao traseira;Com Vitimas Fatais;Plena Noite;Nublado;Desvio Temporario
domingo;SC;Ingestao de Alcool;Colisao frontal;Com Vitimas Feridas;Plena Noite;Ceu Claro;Nao Informado
domingo;RJ;Ingestao de Alcool;Colisao frontal;Com Vitimas Feridas;Plena Noite;Ceu Claro;Reta
domingo;GO;Falta de Atencao Conducao;Colisao com objeto estatico;Com Vitimas Feridas;Plena Noite;Ceu Claro;Reta
domingo;MG;Falta de Atencao Conducao;Capotamento;Sem Vitimas;Plena Noite;Ceu Claro;Reta
domingo;MG;Velocidade Incompativel;Colisao com objeto estatico;Sem Vitimas;Amanhecer;Nublado;Curva
domingo;RS;Ingestao de Alcool;Saida de leito carrocavel;Sem Vitimas;Amanhecer;Nublado;Curva
domingo;RS;Desobediencia nas normas de transito pelo condutor;Colisao transversal;Com Vitimas Feridas;Amanhecer;Ceu Claro;Intersecao de vias
domingo;MG;Velocidade Incompativel;Tombamento;Com Vitimas Feridas;Amanhecer;Nublado;Desvio Temporario
domingo;CE;Desobediencia nas normas de transito pelo condutor;Tombamento;Com Vitimas Feridas;Pleno dia;Ceu Claro;Nao Informado
domingo;PR;Falta de Atencao Conducao;Queda de ocupante de veiculo;Com Vitimas Feridas;Pleno dia;Ceu Claro;Reta
domingo;RJ;Falta de Atencao Conducao;Saida de leito carrocavel;Com Vitimas Feridas;Pleno dia;Ceu Claro;Reta
domingo;RJ;Ingestao de Alcool;Colisao com objeto estatico;Com Vitimas Feridas;Amanhecer;Ceu Claro;Reta
sabado;MG;Falta de Atencao Conducao;Colisao lateral;Com Vitimas Feridas;Anoitecer;Nublado;Reta
domingo;MT;Ingestao de Alcool;Saida de leito carrocavel;Com Vitimas Feridas;Amanhecer;Nublado;Nao Informado
domingo;PE;Falta de Atencao Conducao;Colisao com objeto estatico;Sem Vitimas;Amanhecer;Ceu Claro;Curva
domingo;RO;Falta de Atencao Conducao;Colisao frontal;Com Vitimas Fatais;Plena Noite;Ceu Claro;Reta
domingo;GO;Defeito Mecanico no Veiculo;Saida de leito carrocavel;Com Vitimas Feridas;Pleno dia;Ceu Claro;Nao Informado
domingo;PR;Condutor Dormindo;Saida de leito carrocavel;Com Vitimas Feridas;Pleno dia;Ceu Claro;Reta
domingo;SC;Ingestao de Alcool;Saida de leito carrocavel;Com Vitimas Feridas;Amanhecer;Ceu Claro;Nao Informado
domingo;PA;Desobediencia nas normas de transito pelo condutor;Colisao frontal;Com Vitimas Feridas;Pleno dia;Garoa/Chuvisco;Reta
sabado;AC;Falta de Atencao Conducao;Colisao transversal;Com Vitimas Feridas;Plena Noite;Chuva;Reta
domingo;ES;Falta de Atencao Conducao;Queda de ocupante de veiculo;Com Vitimas Feridas;Amanhecer;Nublado;Reta
domingo;MG;Falta de Atencao Conducao;Colisao transversal;Com Vitimas Feridas;Pleno dia;Ceu Claro;Curva
domingo;BA;Fenomenos da Natureza;Saida de leito carrocavel;Com Vitimas Feridas;Pleno dia;Chuva;Reta
domingo;MS;Desobediencia nas normas de transito pelo condutor;Colisao frontal;Com Vitimas Fatais;Pleno dia;Ceu Claro;Reta
domingo;RS;Velocidade Incompativel;Tombamento;Com Vitimas Feridas;Pleno dia;Sol;Nao Informado
domingo;SC;Falta de Atencao Conducao;Colisao transversal;Sem Vitimas;Pleno dia;Ceu Claro;Intersecao de vias
domingo;GO;Ingestao de Alcool;Colisao lateral;Sem Vitimas;Plena Noite;Ceu Claro;Reta
domingo;MG;Defeito Mecanico no Veiculo;Colisao traseira;Sem Vitimas;Pleno dia;Ceu Claro;Reta
domingo;MT;Falta de Atencao Conducao;Colisao frontal;Com Vitimas Fatais;Pleno dia;Ceu Claro;Reta
quinta-feira;SC;Nao guardar distancia de seguranca;Colisao traseira;Com Vitimas Feridas;Pleno dia;Ceu Claro;Reta
sabado;PR;Velocidade Incompativel;Saida de leito carrocavel;Com Vitimas Feridas;Pleno dia;Ceu Claro;Reta
sabado;BA;Velocidade Incompativel;Saida de leito carrocavel;Sem Vitimas;Pleno dia;Chuva;Curva
domingo;SC;Falta de Atencao Conducao;Saida de leito carrocavel;Com Vitimas Feridas;Pleno dia;Ceu Claro;Reta
domingo;PR;Falta de Atencao Conducao;Colisao lateral;Com Vitimas Feridas;Pleno dia;Ceu Claro;Reta
domingo;PI;Desobediencia nas normas de transito pelo condutor;Colisao lateral;Com Vitimas Feridas;Pleno dia;Ceu Claro;Reta
domingo;RJ;Pista Escorregadia;Tombamento;Com Vitimas Feridas;Pleno dia;Nublado;Nao Informado
domingo;RO;Falta de Atencao Conducao;Tombamento;Com Vitimas Feridas;Pleno dia;Nublado;Nao Informado
domingo;SE;Falta de Atencao Conducao;Colisao lateral;Com Vitimas Feridas;Pleno dia;Ceu Claro;Reta
domingo;MG;Defeito Mecanico no Veiculo;Tombamento;Com Vitimas Feridas;Pleno dia;Nublado;Nao Informado
domingo;MG;Desobediencia nas normas de transito pelo condutor;Saida de leito carrocavel;Com Vitimas Feridas;Pleno dia;Ceu Claro;Nao Informado
domingo;SC;Falta de Atencao Conducao;Colisao com objeto estatico;Com Vitimas Feridas;Pleno dia;Ceu Claro;Reta
sabado;PE;Falta de Atencao Conducao;Colisao frontal;Com Vitimas Feridas;Pleno dia;Ceu Claro;Reta
domingo;MG;Velocidade Incompativel;Tombamento;Com Vitimas Feridas;Pleno dia;Nublado;Curva
domingo;RS;Velocidade Incompativel;Colisao com objeto estatico;Com Vitimas Feridas;Pleno dia;Ceu Claro;Curva
quarta-feira;PR;Falta de Atencao Conducao;Saida de leito carrocavel;Sem Vitimas;Pleno dia;Garoa/Chuvisco;Curva
domingo;PR;Falta de Atencao Conducao;Colisao traseira;Com Vitimas Feridas;Pleno dia;Ceu Claro;Reta
domingo;PE;Falta de Atencao Conducao;Colisao traseira;Com Vitimas Feridas;Pleno dia;Ceu Claro;Reta
domingo;ES;Mal Subito;Saida de leito carrocavel;Com Vitimas Fatais;Pleno dia;Sol;Reta
domingo;SC;Desobediencia nas normas de transito pelo condutor;Colisao lateral;Com Vitimas Feridas;Pleno dia;Sol;Reta
domingo;GO;Mal Subito;Colisao traseira;Com Vitimas Feridas;Pleno dia;Ceu Claro;Reta
domingo;SE;Falta de Atencao Conducao;Capotamento;Com Vitimas Feridas;Pleno dia;Ceu Claro;Reta
domingo;ES;Falta de Atencao Conducao;Colisao com objeto estatico;Com Vitimas Feridas;Pleno dia;Ceu Claro;Reta
domingo;RO;Falta de Atencao Conducao;Tombamento;Com Vitimas Feridas;Pleno dia;Nublado;Reta
domingo;MG;Condutor Dormindo;Saida de leito carrocavel;Com Vitimas Feridas;Pleno dia;Nublado;Reta
domingo;CE;Pista Escorregadia;Colisao transversal;Com Vitimas Fatais;Pleno dia;Chuva;Curva
domingo;PI;Desobediencia nas normas de transito pelo condutor;Colisao frontal;Com Vitimas Fatais;Pleno dia;Ceu Claro;Reta
domingo;RJ;Defeito na Via;Saida de leito carrocavel;Com Vitimas Feridas;Pleno dia;Ceu Claro;Reta
domingo;RJ;Falta de Atencao Conducao;Colisao com objeto estatico;Com Vitimas Feridas;Pleno dia;Ceu Claro;Reta
domingo;RS;Falta de Atencao Conducao;Colisao lateral;Com Vitimas Feridas;Pleno dia;Ceu Claro;Reta
domingo;RJ;Velocidade Incompativel;Queda de ocupante de veiculo;Com Vitimas Feridas;Pleno dia;Ceu Claro;Curva
domingo;ES;Ingestao de Alcool;Colisao frontal;Sem Vitimas;Pleno dia;Nublado;Reta
domingo;RJ;Velocidade Incompativel;Colisao com objeto estatico;Com Vitimas Feridas;Pleno dia;Ceu Claro;Reta
domingo;RJ;Falta de Atencao Conducao;Colisao lateral;Sem Vitimas;Pleno dia;Nublado;Reta
domingo;PE;Ingestao de Alcool;Colisao traseira;Sem Vitimas;Pleno dia;Nublado;Curva
domingo;BA;Falta de Atencao Conducao;Colisao frontal;Com Vitimas Fatais;Pleno dia;Ceu Claro;Curva
quinta-feira;ES;Desobediencia nas normas de transito pelo condutor;Colisao transversal;Com Vitimas Feridas;Pleno dia;Nublado;Reta
domingo;GO;Ingestao de Alcool;Colisao transversal;Com Vitimas Feridas;Pleno dia;Ceu Claro;Intersecao de vias
domingo;GO;Ingestao de Alcool;Saida de leito carrocavel;Com Vitimas Feridas;Pleno dia;Ceu Claro;Curva
domingo;GO;Defeito na Via;Tombamento;Sem Vitimas;Pleno dia;Ceu Claro;Reta
domingo;MG;Velocidade Incompativel;Tombamento;Com Vitimas Feridas;Pleno dia;Garoa/Chuvisco;Curva
domingo;SC;Falta de Atencao Conducao;Colisao traseira;Sem Vitimas;Pleno dia;Ceu Claro;Reta
domingo;SC;Falta de Atencao Conducao;Colisao lateral;Com Vitimas Feridas;Pleno dia;Ceu Claro;Reta
domingo;RS;Mal Subito;Tombamento;Com Vitimas Feridas;Pleno dia;Ceu Claro;Curva
domingo;SE;Falta de Atencao Conducao;Colisao lateral;Com Vitimas Feridas;Pleno dia;Sol;Reta
domingo;SC;Falta de Atencao Conducao;Colisao traseira;Com Vitimas Feridas;Pleno dia;Ceu Claro;Reta
domingo;MG;Falta de Atencao Conducao;Colisao traseira;Sem Vitimas;Pleno dia;Ceu Claro;Reta
domingo;MG;Falta de Atencao Conducao;Colisao lateral;Com Vitimas Feridas;Pleno dia;Nublado;Reta
domingo;RJ;Desobedincia nas normas de transito pelo pedestre;Colisao traseira;Com Vitimas Feridas;Pleno dia;Ceu Claro;Reta
domingo;PR;Falta de Atencao Conducao;Colisao frontal;Com Vitimas Feridas;Pleno dia;Ceu Claro;Intersecao de vias
domingo;RS;Desobediencia nas normas de transito pelo condutor;Colisao transversal;Com Vitimas Feridas;Pleno dia;Sol;Nao Informado
domingo;RJ;Falta de Atencao Conducao;Colisao lateral;Sem Vitimas;Pleno dia;Ceu Claro;Reta
domingo;PR;Falta de Atencao Conducao;Colisao transversal;Com Vitimas Feridas;Pleno dia;Ceu Claro;Rotatoria
domingo;MG;Ingestao de Substancias Psicoativas;Colisao com objeto estatico;Com Vitimas Feridas;Pleno dia;Nublado;Reta
domingo;RS;Nao guardar distancia de seguranca;Colisao traseira;Com Vitimas Feridas;Pleno dia;Ceu Claro;Rotatoria
domingo;MG;Nao guardar distancia de seguranca;Colisao traseira;Com Vitimas Feridas;Pleno dia;Ceu Claro;Reta
domingo;SC;Avarias e/ou desgaste excessivo no pneu;Tombamento;Com Vitimas Feridas;Pleno dia;Nublado;Reta
domingo;PB;Ultrapassagem Indevida;Colisao frontal;Com Vitimas Feridas;Anoitecer;Ceu Claro;Reta
sabado;SC;Mal Subito;Saida de leito carrocavel;Com Vitimas Fatais;Pleno dia;Ceu Claro;Nao Informado
domingo;PR;Desobediencia nas normas de transito pelo condutor;Capotamento;Com Vitimas Feridas;Pleno dia;Ceu Claro;Curva
domingo;PB;Ingestao de Alcool;Saida de leito carrocavel;Com Vitimas Feridas;Anoitecer;Ceu Claro;Reta
domingo;SP;Ingestao de Alcool;Colisao com objeto estatico;Sem Vitimas;Pleno dia;Ceu Claro;Nao Informado