dia_semana;uf;causa_acidente;tipo_acidente;classificacao_acidente;fase_dia;condicao_metereologica;tracado_via
quarta-feira;PR;Falta de Atencao do Pedestre;Atropelamento de Pedestre;Com Vitimas Feridas;Pleno dia;Ceu Claro;Reta
quarta-feira;MG;Nao guardar distancia de seguranca;Colisao traseira;Com Vitimas Feridas;Pleno dia;Sol;Reta
quarta-feira;MT;Ultrapassagem Indevida;Colisao transversal;Com Vitimas Feridas;Pleno dia;Ceu Claro;Curva
quarta-feira;GO;Desobediencia nas normas de transito pelo condutor;Colisao traseira;Com Vitimas Feridas;Pleno dia;Ceu Claro;Reta
quarta-feira;RS;Falta de Atencao Conducao;Colisao traseira;Com Vitimas Feridas;Pleno dia;Nublado;Reta
quarta-feira;MG;Falta de Atencao Conducao;Tombamento;Com Vitimas Feridas;Pleno dia;Ceu Claro;Curva
quarta-feira;PE;Defeito Mecanico no Veiculo;Colisao lateral;Com Vitimas Feridas;Pleno dia;Sol;Reta
quarta-feira;MG;Velocidade Incompativel;Queda de ocupante de veiculo;Com Vitimas Feridas;Pleno dia;Ceu Claro;Curva
quarta-feira;RS;Desobediencia nas normas de transito pelo condutor;Atropelamento de Pedestre;Com Vitimas Feridas;Pleno dia;Ceu Claro;Reta
quarta-feira;PE;Falta de Atencao Conducao;Colisao traseira;Com Vitimas Feridas;Pleno dia;Nublado;Reta
quarta-feira;BA;Falta de Atencao Conducao;Colisao transversal;Com Vitimas Feridas;Pleno dia;Ceu Claro;Reta
quarta-feira;SC;Falta de Atencao Conducao;Colisao transversal;Com Vitimas Feridas;Pleno dia;Ceu Claro;Reta
quarta-feira;MA;Defeito Mecanico no Veiculo;Colisao traseira;Com Vitimas Feridas;Pleno dia;Sol;Reta
quarta-feira;MG;Ingestao de Alcool;Colisao traseira;Sem Vitimas;Pleno dia;Ceu Claro;Reta
quarta-feira;GO;Falta de Atencao Conducao;Colisao traseira;Com Vitimas Feridas;Pleno dia;Garoa/Chuvisco;Desvio Temporario
quarta-feira;RS;Defeito Mecanico no Veiculo;Incendio;Sem Vitimas;Pleno dia;Ceu Claro;Reta
quarta-feira;GO;Pista Escorregadia;Saida de leito carrocavel;Com Vitimas Feridas;Pleno dia;Chuva;Curva
quarta-feira;ES;Falta de Atencao Conducao;Colisao traseira;Com Vitimas Feridas;Pleno dia;Sol;Reta
quarta-feira;RJ;Nao guardar distancia de seguranca;Engavetamento;Com Vitimas Feridas;Pleno dia;Ceu Claro;Reta
quinta-feira;MS;Falta de Atencao Conducao;Saida de leito carrocavel;Com Vitimas Feridas;Anoitecer;Nublado;Reta
quarta-feira;RS;Desobediencia nas normas de transito pelo condutor;Colisao transversal;Com Vitimas Feridas;Pleno dia;Ceu Claro;Intersecao de vias
quarta-feira;PR;Falta de Atencao Conducao;Tombamento;Com Vitimas Feridas;Pleno dia;Garoa/Chuvisco;Curva
quarta-feira;RS;Nao guardar distancia de seguranca;Colisao traseira;Sem Vitimas;Pleno dia;Nublado;Nao Informado
quarta-feira;DF;Falta de Atencao Conducao;Saida de leito carrocavel;Com Vitimas Feridas;Pleno dia;Chuva;Curva
quarta-feira;MG;Falta de Atencao Conducao;Colisao transversal;Com Vitimas Feridas;Pleno dia;Nublado;Reta
quarta-feira;RJ;Velocidade Incompativel;Tombamento;Com Vitimas Feridas;Pleno dia;Nublado;Reta
quarta-feira;CE;Falta de Atencao Conducao;Colisao lateral;Sem Vitimas;Pleno dia;Ceu Claro;Reta
quarta-feira;BA;Desobediencia nas normas de transito pelo condutor;Colisao transversal;Com Vitimas Feridas;Pleno dia;Nublado;Reta
quinta-feira;PE;Falta de Atencao Conducao;Colisao traseira;Sem Vitimas;Pleno dia;Sol;Reta
quarta-feira;SC;Desobediencia nas normas de transito pelo condutor;Colisao frontal;Com Vitimas Fatais;Pleno dia;Ceu Claro;Curva
quarta-feira;SC;Falta de Atencao Conducao;Colisao traseira;Com Vitimas Feridas;Pleno dia;Nublado;Reta
quarta-feira;PR;Falta de Atencao Conducao;Colisao transversal;Com Vitimas Feridas;Pleno dia;Ceu Claro;Intersecao de vias
quarta-feira;SP;Nao guardar distancia de seguranca;Tombamento;Com Vitimas Feridas;Pleno dia;Sol;Curva
quarta-feira;SP;Nao guardar distancia de seguranca;Queda de ocupante de veiculo;Com Vitimas Feridas;Pleno dia;Ceu Claro;Reta
quarta-feira;PE;Falta de Atencao Conducao;Colisao lateral;Com Vitimas Feridas;Pleno dia;Ceu Claro;Nao Informado
quarta-feira;RS;Falta de Atencao Conducao;Colisao transversal;Com Vitimas Feridas;Pleno dia;Nublado;Retorno Regulamentado
quarta-feira;RO;Desobediencia nas normas de transito pelo condutor;Colisao frontal;Com Vitimas Feridas;Pleno dia;Ceu Claro;Reta
quarta-feira;PB;Falta de Atencao Conducao;Queda de ocupante de veiculo;Com Vitimas Feridas;Pleno dia;Ceu Claro;Rotatoria
quarta-feira;GO;Falta de Atencao Conducao;Atropelamento de Pedestre;Com Vitimas Feridas;Plena Noite;Ceu Claro;Reta
quarta-feira;SP;Falta de Atencao Conducao;Tombamento;Sem Vitimas;Anoitecer;Nublado;Reta
quarta-feira;MG;Ingestao de Alcool;Queda de ocupante de veiculo;Com Vitimas Feridas;Pleno dia;Ceu Claro;Nao Informado
quarta-feira;RN;Falta de Atencao Conducao;Colisao transversal;Com Vitimas Feridas;Plena Noite;Nublado;Reta
quarta-feira;BA;Falta de Atencao Conducao;Colisao transversal;Com Vitimas Feridas;Anoitecer;Nublado;Retorno Regulamentado
quarta-feira;PR;Velocidade Incompativel;Colisao traseira;Com Vitimas Feridas;Plena Noite;Ceu Claro;Reta
quarta-feira;BA;Desobediencia nas normas de transito pelo condutor;Colisao transversal;Com Vitimas Feridas;Anoitecer;Nublado;Retorno Regulamentado
quarta-feira;SC;Nao guardar distancia de seguranca;Colisao lateral;Com Vitimas Feridas;Pleno dia;Ceu Claro;Curva
quarta-feira;RJ;Falta de Atencao Conducao;Queda de ocupante de veiculo;Com Vitimas Feridas;Pleno dia;Ceu Claro;Curva
quarta-feira;PA;Defeito na Via;Colisao lateral;Com Vitimas Feridas;Anoitecer;Ceu Claro;Reta
quarta-feira;SE;Falta de Atencao Conducao;Colisao frontal;Com Vitimas Feridas;Anoitecer;Ceu Claro;Reta
quarta-feira;RS;Falta de Atencao Conducao;Colisao transversal;Sem Vitimas;Plena Noite;Ceu Claro;Rotatoria
quarta-feira;GO;Falta de Atencao Conducao;Colisao traseira;Sem Vitimas;Amanhecer;Ceu Claro;Reta
quarta-feira;CE;Falta de Atencao do Pedestre;Atropelamento de Pedestre;Com Vitimas Fatais;Plena Noite;Nublado;Reta
quarta-feira;MT;Falta de Atencao Conducao;Tombamento;Com Vitimas Feridas;Pleno dia;Sol;Reta
quarta-feira;PI;Falta de Atencao do Pedestre;Atropelamento de Pedestre;Com Vitimas Feridas;Pleno dia;Sol;Reta
quarta-feira;RS;Desobediencia nas normas de transito pelo condutor;Colisao frontal;Com Vitimas Feridas;Plena Noite;Ceu Claro;Curva
quarta-feira;DF;Pista Escorregadia;Saida de leito carrocavel;Com Vitimas Feridas;Plena Noite;Nublado;Reta
quarta-feira;RS;Defeito Mecanico no Veiculo;Tombamento;Com Vitimas Feridas;Pleno dia;Nublado;Curva
quarta-feira;GO;Desobediencia nas normas de transito pelo condutor;Colisao traseira;Sem Vitimas;Plena Noite;Nublado;Reta
quarta-feira;RN;Nao guardar distancia de seguranca;Colisao traseira;Com Vitimas Feridas;Plena Noite;Ceu Claro;Reta
quarta-feira;RJ;Falta de Atencao Conducao;Colisao lateral;Com Vitimas Feridas;Anoitecer;Ceu Claro;Nao Informado
quarta-feira;BA;Falta de Atencao do Pedestre;Atropelamento de Pedestre;Com Vitimas Feridas;Plena Noite;Nublado;Reta
quarta-feira;BA;Falta de Atencao Conducao;Colisao transversal;Com Vitimas Feridas;Plena Noite;Ceu Claro;Reta
quarta-feira;RJ;Defeito Mecanico no Veiculo;Atropelamento de Pedestre;Com Vitimas Feridas;Plena Noite;Ceu Claro;Reta
quarta-feira;SP;Velocidade Incompativel;Tombamento;Com Vitimas Feridas;Anoitecer;Nublado;Curva
quarta-feira;SC;Desobediencia nas normas de transito pelo condutor;Colisao frontal;Com Vitimas Feridas;Anoitecer;Ceu Claro;Intersecao de vias
quarta-feira;GO;Defeito Mecanico no Veiculo;Queda de ocupante de veiculo;Com Vitimas Feridas;Pleno dia;Nublado;Curva
quinta-feira;RS;Ingestao de Alcool;Colisao lateral;Sem Vitimas;Amanhecer;Ceu Claro;Reta
quarta-feira;RS;Falta de Atencao do Pedestre;Atropelamento de Pedestre;Com Vitimas Feridas;Plena Noite;Garoa/Chuvisco;Reta
quarta-feira;CE;Falta de Atencao Conducao;Colisao transversal;Com Vitimas Feridas;Pleno dia;Ceu Claro;Reta
quarta-feira;RR;Restricao de Visibilidade;Colisao transversal;Com Vitimas Feridas;Plena Noite;Ceu Claro;Viaduto
quarta-feira;MG;Falta de Atencao do Pedestre;Atropelamento de Pedestre;Com Vitimas Feridas;Plena Noite;Ceu Claro;Desvio Temporario
quarta-feira;MT;Pista Escorregadia;Colisao com objeto estatico;Sem Vitimas;Plena Noite;Chuva;Curva
quarta-feira;PA;Desobediencia nas normas de transito pelo condutor;Colisao transversal;Com Vitimas Feridas;Anoitecer;Ceu Claro;Reta
quarta-feira;MS;Falta de Atencao Conducao;Colisao traseira;Com Vitimas Feridas;Plena Noite;Nublado;Reta
quarta-feira;PE;Falta de Atencao Conducao;Colisao traseira;Sem Vitimas;Plena Noite;Chuva;Reta
quarta-feira;RO;Desobediencia nas normas de transito pelo condutor;Colisao frontal;Com Vitimas Feridas;Pleno dia;Chuva;Nao Informado
quarta-feira;BA;Nao guardar distancia de seguranca;Colisao traseira;Com Vitimas Feridas;Plena Noite;Chuva;Reta
quarta-feira;SE;Defeito Mecanico no Veiculo;Capotamento;Sem Vitimas;Plena Noite;Chuva;Nao Informado
quarta-feira;ES;Velocidade Incompativel;Saida de leito carrocavel;Com Vitimas Feridas;Plena Noite;Chuva;Reta
quarta-feira;PR;Defeito Mecanico no Veiculo;Saida de leito carrocavel;Com Vitimas Feridas;Plena Noite;Ceu Claro;Reta
quarta-feira;SC;Desobediencia nas normas de transito pelo condutor;Colisao frontal;Com Vitimas Feridas;Plena Noite;Nublado;Reta
quarta-feira;SC;Falta de Atencao Conducao;Colisao traseira;Com Vitimas Fatais;Plena Noite;Ceu Claro;Nao Informado
quarta-feira;PI;Ingestao de Alcool;Colisao frontal;Com Vitimas Feridas;Pleno dia;Ceu Claro;Curva
quarta-feira;DF;Desobediencia nas normas de transito pelo condutor;Colisao transversal;Com Vitimas Feridas;Plena Noite;Chuva;Reta
quarta-feira;SC;Falta de Atencao do Pedestre;Atropelamento de Pedestre;Com Vitimas Feridas;Plena Noite;Garoa/Chuvisco;Reta
quarta-feira;BA;Ingestao de Alcool;Colisao traseira;Sem Vitimas;Plena Noite;Nublado;Reta
quarta-feira;MG;Velocidade Incompativel;Tombamento;Com Vitimas Feridas;Plena Noite;Ceu Claro;Nao Informado
quarta-feira;PR;Falta de Atencao Conducao;Colisao transversal;Com Vitimas Feridas;Pleno dia;Nublado;Intersecao de vias
quarta-feira;PI;Desobediencia nas normas de transito pelo condutor;Colisao transversal;Com Vitimas Feridas;Anoitecer;Nublado;Reta
quarta-feira;SP;Velocidade Incompativel;Colisao traseira;Sem Vitimas;Plena Noite;Garoa/Chuvisco;Curva
quarta-feira;RJ;Falta de Atencao Conducao;Colisao com objeto estatico;Sem Vitimas;Plena Noite;Nublado;Reta
quarta-feira;AC;Desobediencia nas normas de transito pelo condutor;Colisao transversal;Com Vitimas Feridas;Plena Noite;Garoa/Chuvisco;Rotatoria
quarta-feira;SC;Falta de Atencao Conducao;Colisao traseira;Com Vitimas Feridas;Plena Noite;Nublado;Reta
quarta-feira;MT;Ultrapassagem Indevida;Colisao frontal;Com Vitimas Feridas;Pleno dia;Chuva;Reta
quarta-feira;MS;Falta de Atencao Conducao;Colisao frontal;Com Vitimas Feridas;Anoitecer;Ceu Claro;Curva
quarta-feira;PE;Condutor Dormindo;Capotamento;Com Vitimas Feridas;Plena Noite;Nublado;Curva
quarta-feira;MG;Velocidade Incompativel;Saida de leito carrocavel;Sem Vitimas;Pleno dia;Ceu Claro;Reta
terca-feira;MS;Falta de Atencao Conducao;Colisao traseira;Com Vitimas Feridas;Pleno dia;Chuva;Reta
quinta-feira;PR;Falta de Atencao do Pedestre;Atropelamento de Pedestre;Com Vitimas Fatais;Plena Noite;Nublado;Curva
quarta-feira;MT;Ultrapassagem Indevida;Colisao frontal;Com Vitimas Feridas;Plena Noite;Ceu Claro;Reta
quarta-feira;AL;Velocidade Incompativel;Derramamento de carga;Sem Vitimas;Plena Noite;Ceu Claro;Curva
quinta-feira;PI;Falta de Atencao Conducao;Colisao transversal;Com Vitimas Feridas;Plena Noite;Nublado;Rotatoria
quarta-feira;RS;Animais na Pista;Colisao com objeto estatico;Com Vitimas Feridas;Plena Noite;Ceu Claro;Reta
quinta-feira;PR;Condutor Dormindo;Colisao frontal;Com Vitimas Feridas;Plena Noite;Ceu Claro;Reta
quarta-feira;MT;Animais na Pista;Tombamento;Sem Vitimas;Plena Noite;Nublado;Reta
quinta-feira;PE;Animais na Pista;Atropelamento de Animal;Sem Vitimas;Plena Noite;Ceu Claro;Reta
quinta-feira;SC;Desobediencia nas normas de transito pelo condutor;Colisao lateral;Sem Vitimas;Plena Noite;Nublado;Intersecao de vias
quinta-feira;SP;Desobediencia nas normas de transito pelo condutor;Colisao frontal;Com Vitimas Fatais;Amanhecer;Ceu Claro;Reta
quinta-feira;PR;Animais na Pista;Atropelamento de Animal;Com Vitimas Feridas;Amanhecer;Ceu Claro;Reta
quinta-feira;RS;Falta de Atencao Conducao;Colisao traseira;Com Vitimas Feridas;Plena Noite;Ceu Claro;Reta
quinta-feira;PA;Defeito na Via;Colisao lateral;Com Vitimas Feridas;Amanhecer;Nublado;Reta
quinta-feira;SC;Falta de Atencao Conducao;Capotamento;Com Vitimas Feridas;Plena Noite;Chuva;Curva
quinta-feira;MG;Condutor Dormindo;Saida de leito carrocavel;Com Vitimas Feridas;Plena Noite;Ceu Claro;Reta
quinta-feira;SC;Falta de Atencao Conducao;Colisao lateral;Com Vitimas Feridas;Pleno dia;Nublado;Intersecao de vias
quinta-feira;ES;Velocidade Incompativel;Colisao com objeto estatico;Com Vitimas Feridas;Amanhecer;Chuva;Curva
quinta-feira;PR;Desobediencia nas normas de transito pelo condutor;Colisao lateral;Com Vitimas Feridas;Pleno dia;Nublado;Intersecao de vias
quinta-feira;PA;Animais na Pista;Atropelamento de Animal;Com Vitimas Feridas;Pleno dia;Nublado;Reta
quinta-feira;MS;Nao guardar distancia de seguranca;Colisao traseira;Com Vitimas Feridas;Pleno dia;Ceu Claro;Reta
quinta-feira;ES;Falta de Atencao Conducao;Colisao transversal;Com Vitimas Feridas;Pleno dia;Ceu Claro;Retorno Regulamentado
quinta-feira;PR;Falta de Atencao Conducao;Colisao lateral;Com Vitimas Feridas;Pleno dia;Ceu Claro;Reta
quinta-feira;MG;Velocidade Incompativel;Tombamento;Com Vitimas Feridas;Amanhecer;Chuva;Reta
quinta-feira;SP;Falta de Atencao Conducao;Queda de ocupante de veiculo;Com Vitimas Feridas;Pleno dia;Nublado;Reta
quinta-feira;MT;Falta de Atencao Conducao;Colisao transversal;Com Vitimas Feridas;Pleno dia;Ceu Claro;Reta
quinta-feira;ES;Falta de Atencao Conducao;Saida de leito carrocavel;Com Vitimas Feridas;Pleno dia;Sol;Nao Informado
quinta-feira;AL;Velocidade Incompativel;Saida de leito carrocavel;Com Vitimas Feridas;Pleno dia;Ceu Claro;Viaduto
quinta-feira;SP;Avarias e/ou desgaste excessivo no pneu;Queda de ocupante de veiculo;Com Vitimas Feridas;Pleno dia;Ceu Claro;Reta
quinta-feira;RJ;Defeito Mecanico no Veiculo;Incendio;Sem Vitimas;Plena Noite;Nublado;Curva
quinta-feira;RS;Falta de Atencao Conducao;Colisao lateral;Sem Vitimas;Pleno dia;Ceu Claro;Nao Informado
quinta-feira;PR;Falta de Atencao Conducao;Saida de leito carrocavel;Sem Vitimas;Plena Noite;Garoa/Chuvisco;Nao Informado
quinta-feira;MG;Falta de Atencao Conducao;Saida de leito carrocavel;Com Vitimas Feridas;Pleno dia;Ceu Claro;Reta
quinta-feira;SC;Falta de Atencao Conducao;Queda de ocupante de veiculo;Com Vitimas Feridas;Pleno dia;Nublado;Reta
quinta-feira;SC;Nao guardar distancia de seguranca;Tombamento;Com Vitimas Feridas;Pleno dia;Garoa/Chuvisco;Reta
quinta-feira;AL;Ultrapassagem Indevida;Colisao frontal;Com Vitimas Fatais;Pleno dia;Ceu Claro;Reta
quinta-feira;SP;Nao guardar distancia de seguranca;Colisao traseira;Com Vitimas Feridas;Amanhecer;Nublado;Reta
quinta-feira;RS;Falta de Atencao Conducao;Saida de leito carrocavel;Com Vitimas Feridas;Pleno dia;Ceu Claro;Reta
quinta-feira;GO;Falta de Atencao Conducao;Colisao lateral;Com Vitimas Feridas;Pleno dia;Chuva;Reta
quinta-feira;MG;Desobediencia nas normas de transito pelo condutor;Colisao lateral;Com Vitimas Feridas;Amanhecer;Nublado;Curva
quinta-feira;CE;Pista Escorregadia;Tombamento;Com Vitimas Feridas;Pleno dia;Nublado;Reta
quinta-feira;BA;Desobediencia nas normas de transito pelo condutor;Colisao transversal;Com Vitimas Feridas;Pleno dia;Ceu Claro;Reta
quinta-feira;SC;Velocidade Incompativel;Capotamento;Com Vitimas Feridas;Pleno dia;Ceu Claro;Reta
quinta-feira;SC;Desobediencia nas normas de transito pelo condutor;Queda de ocupante de veiculo;Com Vitimas Feridas;Amanhecer;Ceu Claro;Reta
quinta-feira;PR;Falta de Atencao Conducao;Colisao traseira;Com Vitimas Feridas;Pleno dia;Ceu Claro;Reta
quinta-feira;PR;Falta de Atencao Conducao;Queda de ocupante de veiculo;Com Vitimas Feridas;Pleno dia;Ceu Claro;Reta
quinta-feira;PA;Desobediencia nas normas de transito pelo condutor;Colisao transversal;Com Vitimas Feridas;Pleno dia;Garoa/Chuvisco;Intersecao de vias
sexta-feira;ES;Desobediencia nas normas de transito pelo condutor;Colisao frontal;Com Vitimas Feridas;Pleno dia;Ceu Claro;Reta
quinta-feira;CE;Agressao Externa;Saida de leito carrocavel;Sem Vitimas;Pleno dia;Nublado;Reta
quinta-feira;RJ;Falta de Atencao Conducao;Colisao traseira;Com Vitimas Feridas;Pleno dia;Ceu Claro;Reta
quinta-feira;PR;Defeito Mecanico no Veiculo;Colisao com objeto estatico;Sem Vitimas;Pleno dia;Ceu Claro;Reta
quinta-feira;RJ;Avarias e/ou desgaste excessivo no pneu;Colisao transversal;Com Vitimas Feridas;Pleno dia;Chuva;Reta
quinta-feira;RJ;Velocidade Incompativel;Tombamento;Sem Vitimas;Pleno dia;Ceu Claro;Curva
quinta-feira;MG;Velocidade Incompativel;Capotamento;Com Vitimas Feridas;Pleno dia;Ceu Claro;Reta
quinta-feira;PR;Nao guardar distancia de seguranca;Saida de leito carrocavel;Sem Vitimas;Pleno dia;Ceu Claro;Reta
quinta-feira;PI;Falta de Atencao Conducao;Colisao traseira;Sem Vitimas;Pleno dia;Sol;Reta
quinta-feira;PR;Nao guardar distancia de seguranca;Colisao traseira;Com Vitimas Feridas;Pleno dia;Nublado;Reta
quarta-feira;MT;Falta de Atencao Conducao;Saida de leito carrocavel;Com Vitimas Feridas;Plena Noite;Ceu Claro;Reta
quinta-feira;RJ;Nao guardar distancia de seguranca;Colisao traseira;Com Vitimas Feridas;Pleno dia;Ceu Claro;Reta
quinta-feira;MG;Falta de Atencao Conducao;Colisao traseira;Com Vitimas Feridas;Pleno dia;Nublado;Reta
terca-feira;RJ;Pista Escorregadia;Colisao com objeto estatico;Sem Vitimas;Pleno dia;Nublado;Curva
quinta-feira;RS;Falta de Atencao Conducao;Tombamento;Sem Vitimas;Pleno dia;Ceu Claro;Reta
sexta-feira;MG;Desobediencia nas normas de transito pelo condutor;Colisao transversal;Com Vitimas Feridas;Plena Noite;Ceu Claro;Intersecao de vias
quinta-feira;PE;Desobediencia nas normas de transito pelo condutor;Colisao transversal;Com Vitimas Feridas;Pleno dia;Nublado;Reta
quinta-feira;SC;Defeito Mecanico no Veiculo;Capotamento;Sem Vitimas;Pleno dia;Sol;Nao Informado
quinta-feira;GO;Falta de Atencao Conducao;Saida de leito carrocavel;Sem Vitimas;Pleno dia;Ceu Claro;Reta
quinta-feira;SC;Falta de Atencao Conducao;Colisao lateral;Com Vitimas Feridas;Pleno dia;Nublado;Reta
quinta-feira;MG;Defeito Mecanico no Veiculo;Colisao com objeto em movimento;Com Vitimas Feridas;Pleno dia;Ceu Claro;Reta
quinta-feira;BA;Avarias e/ou desgaste excessivo no pneu;Tombamento;Com Vitimas Feridas;Pleno dia;Ceu Claro;Curva
quinta-feira;RS;Nao guardar distancia de seguranca;Saida de leito carrocavel;Com Vitimas Feridas;Pleno dia;Ceu Claro;Reta
quinta-feira;MG;Condutor Dormindo;Saida de leito carrocavel;Com Vitimas Feridas;Pleno dia;Nublado;Reta
quinta-feira;RO;Falta de Atencao Conducao;Colisao traseira;Com Vitimas Feridas;Pleno dia;Nublado;Intersecao de vias
quinta-feira;MG;Mal Subito;Colisao traseira;Sem Vitimas;Pleno dia;Ceu Claro;Reta
quinta-feira;SC;Nao guardar distancia de seguranca;Colisao lateral;Com Vitimas Feridas;Pleno dia;Nublado;Reta
quinta-feira;MG;Condutor Dormindo;Saida de leito carrocavel;Com Vitimas Feridas;Amanhecer;Ceu Claro;Reta
quinta-feira;PR;Falta de Atencao Conducao;Colisao traseira;Com Vitimas Feridas;Pleno dia;Ceu Claro;Reta
quinta-feira;MG;Falta de Atencao Conducao;Colisao lateral;Com Vitimas Feridas;Pleno dia;Sol;Reta
quinta-feira;SE;Desobediencia nas normas de transito pelo condutor;Colisao lateral;Com Vitimas Feridas;Pleno dia;Ceu Claro;Reta
quinta-feira;TO;Defeito Mecanico no Veiculo;Colisao lateral;Com Vitimas Feridas;Pleno dia;Ceu Claro;Intersecao de vias
quinta-feira;RJ;Falta de Atencao Conducao;Tombamento;Com Vitimas Feridas;Pleno dia;Ceu Claro;Curva
quinta-feira;SC;Falta de Atencao Conducao;Colisao frontal;Com Vitimas Feridas;Pleno dia;Nublado;Reta
quinta-feira;AC;Falta de Atencao Conducao;Colisao lateral;Sem Vitimas;Pleno dia;Ceu Claro;Rotatoria
quinta-feira;MG;Falta de Atencao Conducao;Colisao traseira;Com Vitimas Feridas;Pleno dia;Ceu Claro;Reta
quinta-feira;RS;Falta de Atencao Conducao;Saida de leito carrocavel;Sem Vitimas;Pleno dia;Ceu Claro;Reta
quinta-feira;RJ;Falta de Atencao Conducao;Colisao lateral;Sem Vitimas;Pleno dia;Chuva;Curva
quinta-feira;PR;Falta de Atencao Conducao;Colisao traseira;Com Vitimas Feridas;Pleno dia;Ceu Claro;Nao Informado
quinta-feira;RS;Defeito Mecanico no Veiculo;Incendio;Sem Vitimas;Pleno dia;Ceu Claro;Reta
quinta-feira;SC;Falta de Atencao Conducao;Capotamento;Sem Vitimas;Pleno dia;Nublado;Reta
quinta-feira;SP;Falta de Atencao Conducao;Atropelamento de Pedestre;Com Vitimas Feridas;Pleno dia;Nublado;Reta
quinta-feira;MA;Nao guardar distancia de seguranca;Colisao traseira;Sem Vitimas;Pleno dia;Ceu Claro;Reta
quinta-feira;SE;Falta de Atencao Conducao;Colisao lateral;Com Vitimas Feridas;Pleno dia;Ceu Claro;Nao Informado
domingo;PB;Restricao de Visibilidade;Atropelamento de Pedestre;Com Vitimas Feridas;Plena Noite;Ceu Claro;Reta
quinta-feira;SC;Falta de Atencao Conducao;Colisao transversal;Com Vitimas Feridas;Pleno dia;Ceu Claro;Reta
quinta-feira;PR;Condutor Dormindo;Colisao com objeto estatico;Com Vitimas Feridas;Amanhecer;Garoa/Chuvisco;Nao Informado
quinta-feira;PA;Falta de Atencao Conducao;Colisao transversal;Com Vitimas Feridas;Pleno dia;Ceu Claro;Reta
quinta-feira;CE;Defeito Mecanico no Veiculo;Incendio;Sem Vitimas;Pleno dia;Chuva;Curva
quinta-feira;ES;Falta de Atencao Conducao;Colisao transversal;Com Vitimas Feridas;Plena Noite;Ceu Claro;Reta
quinta-feira;PE;Falta de Atencao do Pedestre;Atropelamento de Pedestre;Com Vitimas Feridas;Pleno dia;Ignorado;Reta
quinta-feira;MG;Falta de Atencao do Pedestre;Atropelamento de Pedestre;Com Vitimas Feridas;Pleno dia;Ceu Claro;Curva
quinta-feira;RS;Falta de Atencao Conducao;Colisao lateral;Com Vitimas Feridas;Pleno dia;Ceu Claro;Reta
quinta-feira;RS;Nao guardar distancia de seguranca;Colisao lateral;Com Vitimas Feridas;Pleno dia;Ceu Claro;Viaduto
quinta-feira;RN;Desobediencia nas normas de transito pelo condutor;Colisao transversal;Com Vitimas Feridas;Pleno dia;Ceu Claro;Curva
quinta-feira;BA;Falta de Atencao Conducao;Colisao transversal;Com Vitimas Fatais;Pleno dia;Ceu Claro;Reta
quinta-feira;RS;Falta de Atencao Conducao;Colisao transversal;Com Vitimas Feridas;Pleno dia;Sol;Retorno Regulamentado
quinta-feira;SE;Ingestao de Alcool;Colisao traseira;Sem Vitimas;Anoitecer;Ignorado;Reta
quinta-feira;SP;Velocidade Incompativel;Capotamento;Com Vitimas Feridas;Pleno dia;Chuva;Curva
quinta-feira;BA;Falta de Atencao Conducao;Colisao lateral;Com Vitimas Feridas;Pleno dia;Ceu Claro;Reta
quinta-feira;PR;Nao guardar distancia de seguranca;Colisao lateral;Com Vitimas Feridas;Pleno dia;Nublado;Reta
quinta-feira;SC;Falta de Atencao Conducao;Colisao lateral;Com Vitimas Feridas;Plena Noite;Ceu Claro;Reta
quinta-feira;SE;Desobediencia nas normas de transito pelo condutor;Colisao transversal;Com Vitimas Feridas;Plena Noite;Nublado;Intersecao de vias
quinta-feira;PR;Falta de Atencao Conducao;Colisao lateral;Com Vitimas Feridas;Plena Noite;Ceu Claro;Reta
quinta-feira;PR;Velocidade Incompativel;Colisao traseira;Com Vitimas Feridas;Anoitecer;Chuva;Reta
quinta-feira;RS;Falta de Atencao Conducao;Colisao traseira;Com Vitimas Feridas;Plena Noite;Ceu Claro;Reta
quinta-feira;PI;Defeito na Via;Saida de leito carrocavel;Com Vitimas Feridas;Pleno dia;Chuva;Reta
quinta-feira;PR;Falta de Atencao Conducao;Colisao lateral;Com Vitimas Feridas;Plena Noite;Nublado;Reta
quinta-feira;CE;Ingestao de Alcool;Colisao lateral;Sem Vitimas;Anoitecer;Nublado;Curva
quinta-feira;MG;Falta de Atencao Conducao;Colisao traseira;Com Vitimas Feridas;Anoitecer;Ceu Claro;Reta
quinta-feira;SC;Defeito Mecanico no Veiculo;Colisao traseira;Sem Vitimas;Pleno dia;Nublado;Reta
quinta-feira;PR;Falta de Atencao Conducao;Colisao transversal;Com Vitimas Fatais;Plena Noite;Ceu Claro;Nao Informado
quinta-feira;SC;Desobediencia nas normas de transito pelo condutor;Colisao transversal;Com Vitimas Feridas;Plena Noite;Nublado;Reta
quinta-feira;MG;Falta de Atencao Conducao;Colisao traseira;Com Vitimas Feridas;Plena Noite;Ceu Claro;Reta
quinta-feira;PI;Falta de Atencao Conducao;Saida de leito carrocavel;Sem Vitimas;Anoitecer;Chuva;Reta