dia_semana;uf;causa_acidente;tipo_acidente;classificacao_acidente;fase_dia;condicao_metereologica;tracado_via
quinta-feira;PR;Desobediencia nas normas de transito pelo condutor;Colisao transversal;Com Vitimas Feridas;Plena Noite;Ceu Claro;Intersecao de vias
quinta-feira;MG;Condutor Dormindo;Colisao traseira;Com Vitimas Feridas;Plena Noite;Ceu Claro;Reta
quinta-feira;PB;Falta de Atencao Conducao;Queda de ocupante de veiculo;Com Vitimas Feridas;Plena Noite;Ceu Claro;Reta
quinta-feira;MG;Ingestao de Alcool;Colisao frontal;Com Vitimas Fatais;Plena Noite;Ceu Claro;Curva
quinta-feira;RO;Desobediencia nas normas de transito pelo condutor;Colisao transversal;Com Vitimas Feridas;Plena Noite;Ceu Claro;Reta
quinta-feira;MA;Falta de Atencao Conducao;Colisao transversal;Com Vitimas Feridas;Plena Noite;Chuva;Reta
quinta-feira;ES;Falta de Atencao do Pedestre;Atropelamento de Pedestre;Com Vitimas Feridas;Anoitecer;Ceu Claro;Nao Informado
quinta-feira;RS;Velocidade Incompativel;Colisao com objeto estatico;Sem Vitimas;Plena Noite;Ceu Claro;Reta
quinta-feira;SC;Falta de Atencao Conducao;Colisao transversal;Com Vitimas Feridas;Plena Noite;Nublado;Reta
quinta-feira;GO;Ingestao de Alcool;Saida de leito carrocavel;Sem Vitimas;Anoitecer;Nublado;Retorno Regulamentado
quinta-feira;SC;Falta de Atencao Conducao;Colisao com objeto estatico;Com Vitimas Feridas;Plena Noite;Nublado;Curva
quinta-feira;PR;Velocidade Incompativel;Colisao traseira;Com Vitimas Feridas;Plena Noite;Ceu Claro;Reta
quinta-feira;MS;Deficincia ou nao Acionamento do Sistema de Iluminacao/Sinalizacao do Veiculo;Colisao traseira;Com Vitimas Feridas;Plena Noite;Ceu Claro;Reta
quinta-feira;SC;Falta de Atencao Conducao;Colisao transversal;Com Vitimas Feridas;Plena Noite;Ceu Claro;Curva
quinta-feira;MT;Falta de Atencao Conducao;Colisao traseira;Sem Vitimas;Pleno dia;Chuva;Reta
quinta-feira;RO;Nao guardar distancia de seguranca;Colisao traseira;Com Vitimas Feridas;Plena Noite;Chuva;Reta
quinta-feira;MG;Falta de Atencao Conducao;Colisao lateral;Com Vitimas Feridas;Plena Noite;Ignorado;Reta
quinta-feira;BA;Desobediencia nas normas de transito pelo condutor;Colisao transversal;Com Vitimas Feridas;Plena Noite;Ceu Claro;Reta
quinta-feira;RJ;Defeito na Via;Colisao traseira;Com Vitimas Feridas;Plena Noite;Chuva;Reta
segunda-feira;RJ;Pista Escorregadia;Colisao com objeto estatico;Com Vitimas Feridas;Pleno dia;Nublado;Curva
quinta-feira;RN;Desobediencia nas normas de transito pelo condutor;Colisao frontal;Com Vitimas Feridas;Plena Noite;Garoa/Chuvisco;Desvio Temporario
quinta-feira;RO;Falta de Atencao Conducao;Saida de leito carrocavel;Com Vitimas Feridas;Plena Noite;Ceu Claro;Curva
quinta-feira;MG;Falta de Atencao do Pedestre;Atropelamento de Pedestre;Com Vitimas Fatais;Plena Noite;Ceu Claro;Reta
sexta-feira;MG;Condutor Dormindo;Colisao com objeto estatico;Com Vitimas Feridas;Plena Noite;Ceu Claro;Reta
sexta-feira;RS;Falta de Atencao Conducao;Saida de leito carrocavel;Com Vitimas Feridas;Plena Noite;Ceu Claro;Desvio Temporario
quinta-feira;PI;Desobediencia nas normas de transito pelo condutor;Colisao frontal;Com Vitimas Fatais;Plena Noite;Nublado;Nao Informado
sexta-feira;GO;Falta de Atencao Conducao;Colisao traseira;Com Vitimas Feridas;Plena Noite;Nublado;Nao Informado
quinta-feira;SC;Falta de Atencao do Pedestre;Atropelamento de Pedestre;Com Vitimas Fatais;Plena Noite;Nublado;Reta
sexta-feira;MT;Ingestao de Alcool;Colisao lateral;Com Vitimas Feridas;Plena Noite;Garoa/Chuvisco;Desvio Temporario
quinta-feira;SC;Falta de Atencao Conducao;Colisao traseira;Com Vitimas Feridas;Plena Noite;Nublado;Nao Informado
sexta-feira;SC;Pista Escorregadia;Capotamento;Com Vitimas Feridas;Plena Noite;Chuva;Desvio Temporario
quinta-feira;MG;Falta de Atencao Conducao;Colisao traseira;Sem Vitimas;Pleno dia;Ceu Claro;Curva
quinta-feira;SC;Defeito Mecanico no Veiculo;Incendio;Sem Vitimas;Plena Noite;Nublado;Nao Informado
sexta-feira;RS;Ingestao de Alcool;Tombamento;Com Vitimas Feridas;Plena Noite;Ceu Claro;Reta
sexta-feira;RS;Desobediencia nas normas de transito pelo condutor;Colisao frontal;Com Vitimas Feridas;Plena Noite;Ceu Claro;Curva
sexta-feira;MS;Falta de Atencao Conducao;Saida de leito carrocavel;Com Vitimas Feridas;Plena Noite;Ceu Claro;Rotatoria
quinta-feira;SC;Defeito Mecanico no Veiculo;Tombamento;Sem Vitimas;Plena Noite;Chuva;Reta
sexta-feira;PE;Falta de Atencao Conducao;Colisao lateral;Com Vitimas Feridas;Amanhecer;Chuva;Reta
sexta-feira;MG;Defeito Mecanico no Veiculo;Queda de ocupante de veiculo;Com Vitimas Feridas;Amanhecer;Ceu Claro;Reta
sexta-feira;MG;Defeito Mecanico no Veiculo;Incendio;Sem Vitimas;Plena Noite;Ceu Claro;Reta
sexta-feira;SP;Ultrapassagem Indevida;Saida de leito carrocavel;Com Vitimas Feridas;Pleno dia;Ceu Claro;Reta
sexta-feira;ES;Agressao Externa;Colisao com objeto em movimento;Com Vitimas Feridas;Pleno dia;Ceu Claro;Reta
sexta-feira;PR;Falta de Atencao Conducao;Colisao frontal;Com Vitimas Feridas;Pleno dia;Sol;Reta
sexta-feira;MG;Condutor Dormindo;Colisao frontal;Com Vitimas Feridas;Pleno dia;Ceu Claro;Curva
sexta-feira;RS;Ultrapassagem Indevida;Saida de leito carrocavel;Com Vitimas Feridas;Amanhecer;Ceu Claro;Nao Informado
sexta-feira;GO;Falta de Atencao Conducao;Queda de ocupante de veiculo;Com Vitimas Feridas;Amanhecer;Ceu Claro;Retorno Regulamentado
quinta-feira;SC;Velocidade Incompativel;Capotamento;Com Vitimas Feridas;Plena Noite;Ceu Claro;Curva
sexta-feira;SP;Desobediencia nas normas de transito pelo condutor;Colisao transversal;Com Vitimas Feridas;Amanhecer;Nublado;Reta
quarta-feira;SC;Desobediencia nas normas de transito pelo condutor;Colisao traseira;Com Vitimas Feridas;Plena Noite;Nublado;Reta
quinta-feira;PE;Animais na Pista;Atropelamento de Animal;Sem Vitimas;Plena Noite;Ceu Claro;Reta
sexta-feira;SC;Velocidade Incompativel;Saida de leito carrocavel;Com Vitimas Feridas;Amanhecer;Garoa/Chuvisco;Curva
sexta-feira;PR;Desobediencia nas normas de transito pelo condutor;Colisao transversal;Com Vitimas Feridas;Pleno dia;Ceu Claro;Intersecao de vias
sexta-feira;PI;Desobediencia nas normas de transito pelo condutor;Colisao transversal;Com Vitimas Feridas;Pleno dia;Ceu Claro;Rotatoria
sexta-feira;SC;Falta de Atencao Conducao;Engavetamento;Com Vitimas Feridas;Pleno dia;Garoa/Chuvisco;Reta
sexta-feira;RS;Nao guardar distancia de seguranca;Colisao transversal;Com Vitimas Feridas;Pleno dia;Ceu Claro;Reta
sexta-feira;RS;Nao guardar distancia de seguranca;Colisao traseira;Com Vitimas Feridas;Pleno dia;Sol;Reta
sexta-feira;GO;Nao guardar distancia de seguranca;Atropelamento de Pedestre;Com Vitimas Feridas;Pleno dia;Ceu Claro;Reta
sexta-feira;MG;Velocidade Incompativel;Tombamento;Com Vitimas Feridas;Pleno dia;Nublado;Curva
sexta-feira;RJ;Falta de Atencao Conducao;Colisao transversal;Com Vitimas Feridas;Pleno dia;Chuva;Intersecao de vias
sexta-feira;MA;Falta de Atencao Conducao;Colisao traseira;Com Vitimas Feridas;Pleno dia;Nublado;Reta
sexta-feira;MS;Animais na Pista;Atropelamento de Animal;Com Vitimas Feridas;Plena Noite;Ceu Claro;Reta
sexta-feira;MG;Falta de Atencao Conducao;Colisao transversal;Com Vitimas Feridas;Pleno dia;Ceu Claro;Reta
sexta-feira;AL;Falta de Atencao Conducao;Colisao transversal;Com Vitimas Feridas;Pleno dia;Ceu Claro;Intersecao de vias
sexta-feira;GO;Defeito Mecanico no Veiculo;Derramamento de carga;Sem Vitimas;Plena Noite;Ceu Claro;Reta
sexta-feira;MT;Nao guardar distancia de seguranca;Colisao traseira;Com Vitimas Feridas;Pleno dia;Ceu Claro;Reta
sexta-feira;CE;Desobediencia nas normas de transito pelo condutor;Colisao lateral;Com Vitimas Feridas;Pleno dia;Nublado;Reta
sexta-feira;SP;Falta de Atencao Conducao;Colisao traseira;Com Vitimas Feridas;Pleno dia;Ceu Claro;Reta
quarta-feira;PR;Falta de Atencao Conducao;Colisao transversal;Sem Vitimas;Pleno dia;Ceu Claro;Reta
sexta-feira;PB;Carga excessiva e/ou mal acondicionada;Derramamento de carga;Sem Vitimas;Pleno dia;Ceu Claro;Curva
sexta-feira;RS;Nao guardar distancia de seguranca;Colisao traseira;Com Vitimas Feridas;Pleno dia;Sol;Reta
sexta-feira;MS;Desobediencia nas normas de transito pelo condutor;Colisao traseira;Com Vitimas Fatais;Pleno dia;Ceu Claro;Curva
domingo;MG;Desobediencia nas normas de transito pelo condutor;Colisao traseira;Com Vitimas Feridas;Pleno dia;Ceu Claro;Desvio Temporario
sexta-feira;PE;Defeito Mecanico no Veiculo;Queda de ocupante de veiculo;Com Vitimas Feridas;Pleno dia;Nublado;Nao Informado
quinta-feira;MG;Falta de Atencao Conducao;Colisao frontal;Com Vitimas Feridas;Plena Noite;Nublado;Reta
sexta-feira;PE;Ingestao de Alcool;Colisao frontal;Com Vitimas Feridas;Amanhecer;Ceu Claro;Reta
sexta-feira;RN;Desobediencia nas normas de transito pelo condutor;Colisao lateral;Com Vitimas Feridas;Pleno dia;Ceu Claro;Reta
sexta-feira;SC;Pista Escorregadia;Tombamento;Com Vitimas Feridas;Pleno dia;Chuva;Reta
sexta-feira;MS;Falta de Atencao Conducao;Colisao transversal;Com Vitimas Feridas;Pleno dia;Sol;Nao Informado
sexta-feira;SC;Falta de Atencao Conducao;Colisao lateral;Com Vitimas Feridas;Pleno dia;Chuva;Reta
sexta-feira;MG;Condutor Dormindo;Saida de leito carrocavel;Com Vitimas Feridas;Pleno dia;Nublado;Reta
sexta-feira;MA;Falta de Atencao Conducao;Colisao lateral;Com Vitimas Feridas;Pleno dia;Ceu Claro;Reta
sexta-feira;MG;Desobediencia nas normas de transito pelo condutor;Colisao lateral;Com Vitimas Feridas;Pleno dia;Ceu Claro;Reta
sexta-feira;PR;Falta de Atencao Conducao;Colisao frontal;Com Vitimas Feridas;Pleno dia;Ceu Claro;Reta
quinta-feira;GO;Falta de Atencao Conducao;Saida de leito carrocavel;Com Vitimas Feridas;Plena Noite;Ignorado;Curva
quinta-feira;PR;Falta de Atencao Conducao;Saida de leito carrocavel;Sem Vitimas;Plena Noite;Ceu Claro;Reta
sexta-feira;RO;Falta de Atencao Conducao;Colisao lateral;Com Vitimas Feridas;Pleno dia;Ceu Claro;Reta
sexta-feira;RS;Desobediencia nas normas de transito pelo condutor;Colisao transversal;Sem Vitimas;Pleno dia;Ceu Claro;Rotatoria
sexta-feira;RS;Nao guardar distancia de seguranca;Colisao traseira;Com Vitimas Feridas;Pleno dia;Ceu Claro;Reta
sexta-feira;ES;Falta de Atencao Conducao;Colisao transversal;Com Vitimas Feridas;Pleno dia;Ceu Claro;Reta
sexta-feira;PB;Nao guardar distancia de seguranca;Colisao traseira;Com Vitimas Feridas;Pleno dia;Nublado;Reta
sexta-feira;MS;Defeito Mecanico no Veiculo;Tombamento;Com Vitimas Feridas;Pleno dia;Ceu Claro;Curva
sexta-feira;PR;Desobediencia nas normas de transito pelo condutor;Colisao transversal;Com Vitimas Feridas;Pleno dia;Ceu Claro;Nao Informado
sexta-feira;RS;Desobediencia nas normas de transito pelo condutor;Colisao transversal;Com Vitimas Feridas;Pleno dia;Ceu Claro;Intersecao de vias
sexta-feira;PB;Falta de Atencao Conducao;Colisao com objeto estatico;Sem Vitimas;Pleno dia;Nublado;Retorno Regulamentado
sexta-feira;PR;Desobediencia nas normas de transito pelo condutor;Colisao transversal;Com Vitimas Feridas;Pleno dia;Sol;Intersecao de vias
sexta-feira;MG;Falta de Atencao Conducao;Colisao lateral;Com Vitimas Feridas;Pleno dia;Ceu Claro;Nao Informado
sexta-feira;SC;Falta de Atencao Conducao;Engavetamento;Com Vitimas Feridas;Pleno dia;Ceu Claro;Reta
sexta-feira;PR;Velocidade Incompativel;Saida de leito carrocavel;Sem Vitimas;Pleno dia;Chuva;Nao Informado
sexta-feira;ES;Falta de Atencao Conducao;Atropelamento de Pedestre;Com Vitimas Feridas;Pleno dia;Chuva;Reta
segunda-feira;MS;Falta de Atencao Conducao;Colisao frontal;Com Vitimas Feridas;Pleno dia;Ceu Claro;Curva
sexta-feira;CE;Falta de Atencao Conducao;Colisao traseira;Com Vitimas Feridas;Pleno dia;Ceu Claro;Reta
sexta-feira;PR;Falta de Atencao Conducao;Colisao transversal;Com Vitimas Feridas;Pleno dia;Ceu Claro;Intersecao de vias
sexta-feira;MT;Condutor Dormindo;Saida de leito carrocavel;Com Vitimas Fatais;Pleno dia;Ceu Claro;Reta
sexta-feira;PR;Velocidade Incompativel;Colisao traseira;Com Vitimas Feridas;Pleno dia;Ceu Claro;Reta
terca-feira;MG;Desobediencia nas normas de transito pelo condutor;Colisao traseira;Com Vitimas Feridas;Pleno dia;Sol;Curva
sexta-feira;PR;Falta de Atencao Conducao;Colisao frontal;Com Vitimas Feridas;Pleno dia;Ceu Claro;Ponte
sexta-feira;PE;Desobediencia nas normas de transito pelo condutor;Colisao transversal;Com Vitimas Feridas;Pleno dia;Ceu Claro;Reta
sexta-feira;SC;Falta de Atencao Conducao;Colisao transversal;Com Vitimas Feridas;Pleno dia;Nublado;Intersecao de vias
domingo;PR;Ingestao de Alcool;Colisao traseira;Com Vitimas Feridas;Pleno dia;Ceu Claro;Reta
sexta-feira;PR;Desobediencia nas normas de transito pelo condutor;Colisao lateral;Com Vitimas Feridas;Pleno dia;Ceu Claro;Intersecao de vias
sexta-feira;MG;Falta de Atencao Conducao;Colisao traseira;Com Vitimas Feridas;Pleno dia;Ceu Claro;Nao Informado
sexta-feira;PI;Falta de Atencao Conducao;Colisao traseira;Com Vitimas Feridas;Pleno dia;Nublado;Intersecao de vias
sexta-feira;CE;Nao guardar distancia de seguranca;Colisao lateral;Com Vitimas Feridas;Pleno dia;Nublado;Reta
sexta-feira;RN;Sinalizacao da via insuficiente ou inadequada;Colisao lateral;Com Vitimas Feridas;Pleno dia;Nublado;Reta
sexta-feira;MS;Defeito Mecanico no Veiculo;Saida de leito carrocavel;Com Vitimas Feridas;Pleno dia;Ceu Claro;Reta
sexta-feira;GO;Defeito Mecanico no Veiculo;Saida de leito carrocavel;Com Vitimas Feridas;Pleno dia;Sol;Reta
sabado;SC;Falta de Atencao Conducao;Colisao transversal;Com Vitimas Feridas;Plena Noite;Nublado;Intersecao de vias
segunda-feira;BA;Animais na Pista;Atropelamento de Animal;Com Vitimas Feridas;Amanhecer;Ignorado;Reta
sexta-feira;PE;Falta de Atencao Conducao;Capotamento;Com Vitimas Feridas;Pleno dia;Ceu Claro;Reta
sexta-feira;BA;Defeito na Via;Tombamento;Com Vitimas Feridas;Amanhecer;Ceu Claro;Reta
sexta-feira;MA;Falta de Atencao Conducao;Colisao lateral;Com Vitimas Feridas;Pleno dia;Sol;Nao Informado
sexta-feira;RJ;Falta de Atencao Conducao;Colisao traseira;Com Vitimas Feridas;Pleno dia;Nublado;Intersecao de vias
sexta-feira;PR;Nao guardar distancia de seguranca;Saida de leito carrocavel;Com Vitimas Feridas;Pleno dia;Garoa/Chuvisco;Nao Informado
quinta-feira;DF;Ingestao de Alcool;Saida de leito carrocavel;Sem Vitimas;Pleno dia;Nublado;Reta
sexta-feira;PR;Falta de Atencao Conducao;Colisao lateral;Com Vitimas Feridas;Pleno dia;Ceu Claro;Reta
sexta-feira;DF;Falta de Atencao Conducao;Colisao lateral;Com Vitimas Feridas;Pleno dia;Ceu Claro;Reta
sexta-feira;RO;Desobediencia nas normas de transito pelo condutor;Saida de leito carrocavel;Sem Vitimas;Pleno dia;Nublado;Reta
sexta-feira;GO;Desobediencia nas normas de transito pelo condutor;Saida de leito carrocavel;Com Vitimas Feridas;Pleno dia;Ceu Claro;Retorno Regulamentado
sexta-feira;SE;Defeito na Via;Saida de leito carrocavel;Com Vitimas Feridas;Pleno dia;Ceu Claro;Ponte
sexta-feira;TO;Falta de Atencao Conducao;Colisao transversal;Com Vitimas Fatais;Pleno dia;Ceu Claro;Reta
sexta-feira;BA;Mal Subito;Saida de leito carrocavel;Com Vitimas Feridas;Pleno dia;Ceu Claro;Reta
sexta-feira;SC;Falta de Atencao Conducao;Colisao lateral;Com Vitimas Feridas;Pleno dia;Garoa/Chuvisco;Reta
sexta-feira;PE;Falta de Atencao Conducao;Saida de leito carrocavel;Com Vitimas Feridas;Pleno dia;Ceu Claro;Reta
sexta-feira;DF;Falta de Atencao Conducao;Colisao lateral;Sem Vitimas;Pleno dia;Ceu Claro;Reta
sexta-feira;PB;Desobediencia nas normas de transito pelo condutor;Colisao transversal;Com Vitimas Feridas;Pleno dia;Sol;Desvio Temporario
sexta-feira;SC;Ingestao de Alcool;Colisao transversal;Sem Vitimas;Pleno dia;Ceu Claro;Nao Informado
sexta-feira;BA;Velocidade Incompativel;Saida de leito carrocavel;Com Vitimas Feridas;Pleno dia;Nublado;Nao Informado
sexta-feira;PI;Falta de Atencao do Pedestre;Atropelamento de Pedestre;Com Vitimas Feridas;Anoitecer;Ceu Claro;Reta
sexta-feira;SP;Sinalizacao da via insuficiente ou inadequada;Colisao lateral;Com Vitimas Feridas;Anoitecer;Ceu Claro;Reta
sexta-feira;GO;Defeito Mecanico no Veiculo;Saida de leito carrocavel;Sem Vitimas;Plena Noite;Ceu Claro;Reta
sexta-feira;RS;Desobediencia nas normas de transito pelo condutor;Colisao transversal;Com Vitimas Feridas;Pleno dia;Sol;Reta
sexta-feira;PE;Falta de Atencao Conducao;Colisao traseira;Sem Vitimas;Amanhecer;Ceu Claro;Nao Informado
sexta-feira;PB;Nao guardar distancia de seguranca;Colisao traseira;Com Vitimas Feridas;Plena Noite;Nublado;Reta
sexta-feira;ES;Desobediencia nas normas de transito pelo condutor;Colisao transversal;Com Vitimas Feridas;Plena Noite;Ceu Claro;Reta
sexta-feira;RS;Nao guardar distancia de seguranca;Tombamento;Com Vitimas Feridas;Plena Noite;Ceu Claro;Ponte
sexta-feira;MG;Falta de Atencao Conducao;Atropelamento de Pedestre;Com Vitimas Feridas;Pleno dia;Ceu Claro;Intersecao de vias
sexta-feira;BA;Desobediencia nas normas de transito pelo condutor;Colisao traseira;Com Vitimas Fatais;Plena Noite;Ceu Claro;Reta
sexta-feira;PB;Defeito na Via;Tombamento;Com Vitimas Feridas;Plena Noite;Chuva;Nao Informado
sexta-feira;RO;Nao guardar distancia de seguranca;Colisao traseira;Com Vitimas Feridas;Anoitecer;Ceu Claro;Reta
sexta-feira;RS;Falta de Atencao Conducao;Colisao frontal;Com Vitimas Feridas;Plena Noite;Ceu Claro;Reta
sexta-feira;MT;Falta de Atencao Conducao;Colisao lateral;Sem Vitimas;Pleno dia;Nublado;Reta
sexta-feira;SE;Falta de Atencao Conducao;Colisao lateral;Com Vitimas Feridas;Plena Noite;Ceu Claro;Nao Informado
sexta-feira;MA;Ultrapassagem Indevida;Colisao frontal;Com Vitimas Feridas;Pleno dia;Chuva;Reta
sexta-feira;GO;Condutor Dormindo;Colisao frontal;Sem Vitimas;Pleno dia;Ceu Claro;Reta
sexta-feira;PR;Velocidade Incompativel;Saida de leito carrocavel;Sem Vitimas;Plena Noite;Garoa/Chuvisco;Curva
sexta-feira;RS;Velocidade Incompativel;Saida de leito carrocavel;Com Vitimas Feridas;Plena Noite;Ceu Claro;Curva
sexta-feira;MT;Falta de Atencao Conducao;Saida de leito carrocavel;Com Vitimas Feridas;Plena Noite;Chuva;Curva
sexta-feira;RS;Condutor Dormindo;Saida de leito carrocavel;Com Vitimas Feridas;Plena Noite;Ceu Claro;Reta
sexta-feira;BA;Desobediencia nas normas de transito pelo condutor;Colisao frontal;Com Vitimas Feridas;Plena Noite;Nublado;Reta
sexta-feira;AL;Restricao de Visibilidade;Queda de ocupante de veiculo;Com Vitimas Feridas;Plena Noite;Ceu Claro;Reta
sexta-feira;RJ;Pista Escorregadia;Saida de leito carrocavel;Com Vitimas Feridas;Pleno dia;Chuva;Curva
sexta-feira;SC;Falta de Atencao Conducao;Colisao transversal;Com Vitimas Feridas;Plena Noite;Nublado;Viaduto
sexta-feira;MG;Velocidade Incompativel;Colisao traseira;Com Vitimas Fatais;Pleno dia;Ceu Claro;Curva
sexta-feira;ES;Desobediencia nas normas de transito pelo condutor;Saida de leito carrocavel;Com Vitimas Feridas;Pleno dia;Nublado;Reta
sexta-feira;MG;Nao guardar distancia de seguranca;Colisao traseira;Sem Vitimas;Pleno dia;Sol;Reta
terca-feira;RO;Defeito Mecanico no Veiculo;Queda de ocupante de veiculo;Com Vitimas Feridas;Amanhecer;Ceu Claro;Reta
sexta-feira;RS;Ingestao de Alcool e/ou substancias psicoativas pelo pedestre;Atropelamento de Pedestre;Com Vitimas Feridas;Plena Noite;Ceu Claro;Intersecao de vias
sexta-feira;MT;Pista Escorregadia;Colisao frontal;Sem Vitimas;Pleno dia;Chuva;Reta
sexta-feira;DF;Falta de Atencao Conducao;Engavetamento;Com Vitimas Feridas;Plena Noite;Ceu Claro;Reta
sexta-feira;SC;Falta de Atencao Conducao;Colisao traseira;Com Vitimas Feridas;Plena Noite;Garoa/Chuvisco;Reta
sexta-feira;RS;Carga excessiva e/ou mal acondicionada;Derramamento de carga;Sem Vitimas;Pleno dia;Ceu Claro;Reta
sexta-feira;RS;Falta de Atencao Conducao;Colisao transversal;Com Vitimas Feridas;Plena Noite;Ceu Claro;Reta
sexta-feira;RO;Defeito na Via;Colisao frontal;Com Vitimas Feridas;Pleno dia;Sol;Reta
sexta-feira;SC;Falta de Atencao Conducao;Colisao frontal;Com Vitimas Feridas;Plena Noite;Nublado;Rotatoria
sexta-feira;SP;Falta de Atencao Conducao;Colisao transversal;Com Vitimas Feridas;Plena Noite;Ceu Claro;Curva
sexta-feira;MG;Nao guardar distancia de seguranca;Colisao traseira;Com Vitimas Feridas;Plena Noite;Nublado;Reta
sexta-feira;RJ;Falta de Atencao Conducao;Capotamento;Com Vitimas Feridas;Plena Noite;Nublado;Reta
sexta-feira;SP;Defeito na Via;Queda de ocupante de veiculo;Com Vitimas Feridas;Plena Noite;Nublado;Reta
sexta-feira;SC;Animais na Pista;Colisao com objeto estatico;Com Vitimas Feridas;Plena Noite;Nublado;Reta
sexta-feira;RJ;Falta de Atencao Conducao;Queda de ocupante de veiculo;Com Vitimas Feridas;Pleno dia;Ignorado;Reta
sexta-feira;PR;Ingestao de Alcool;Saida de leito carrocavel;Sem Vitimas;Plena Noite;Nublado;Reta
sexta-feira;PR;Falta de Atencao Conducao;Colisao transversal;Com Vitimas Feridas;Plena Noite;Ceu Claro;Reta
sexta-feira;MG;Desobediencia nas normas de transito pelo condutor;Capotamento;Com Vitimas Feridas;Plena Noite;Nublado;Curva
sexta-feira;PI;Animais na Pista;Colisao traseira;Com Vitimas Feridas;Plena Noite;Ceu Claro;Reta
sexta-feira;RN;Desobediencia nas normas de transito pelo condutor;Colisao frontal;Com Vitimas Feridas;Plena Noite;Ceu Claro;Intersecao de vias
sexta-feira;SC;Falta de Atencao Conducao;Colisao traseira;Com Vitimas Feridas;Pleno dia;Nublado;Reta
sabado;BA;Ingestao de Alcool;Colisao lateral;Com Vitimas Feridas;Anoitecer;Ceu Claro;Reta
sexta-feira;PR;Falta de Atencao Conducao;Colisao frontal;Com Vitimas Feridas;Plena Noite;Ceu Claro;Intersecao de vias
sexta-feira;PR;Falta de Atencao Conducao;Saida de leito carrocavel;Com Vitimas Feridas;Plena Noite;Ceu Claro;Reta
sexta-feira;RJ;Falta de Atencao Conducao;Derramamento de carga;Sem Vitimas;Plena Noite;Ceu Claro;Reta
sexta-feira;ES;Desobediencia nas normas de transito pelo condutor;Colisao traseira;Com Vitimas Feridas;Plena Noite;Ceu Claro;Reta
sexta-feira;GO;Velocidade Incompativel;Saida de leito carrocavel;Sem Vitimas;Plena Noite;Ceu Claro;Nao Informado
sexta-feira;MG;Avarias e/ou desgaste excessivo no pneu;Capotamento;Com Vitimas Feridas;Plena Noite;Chuva;Nao Informado
sexta-feira;PE;Ingestao de Alcool;Colisao frontal;Com Vitimas Feridas;Plena Noite;Ceu Claro;Reta
sexta-feira;PR;Falta de Atencao do Pedestre;Atropelamento de Pedestre;Com Vitimas Fatais;Plena Noite;Ceu Claro;Reta
sexta-feira;RS;Ingestao de Alcool;Colisao com objeto estatico;Com Vitimas Feridas;Plena Noite;Ceu Claro;Reta
sexta-feira;RJ;Falta de Atencao Conducao;Atropelamento de Pedestre;Com Vitimas Feridas;Plena Noite;Nublado;Curva
sexta-feira;RJ;Nao guardar distancia de seguranca;Colisao traseira;Sem Vitimas;Plena Noite;Nublado;Reta
sexta-feira;RJ;Defeito Mecanico no Veiculo;Capotamento;Com Vitimas Feridas;Plena Noite;Chuva;Reta
sexta-feira;BA;Falta de Atencao Conducao;Colisao traseira;Com Vitimas Feridas;Plena Noite;Ceu Claro;Nao Informado
sexta-feira;MT;Falta de Atencao Conducao;Colisao lateral;Com Vitimas Feridas;Plena Noite;Ceu Claro;Intersecao de vias
sexta-feira;MT;Ultrapassagem Indevida;Colisao lateral;Sem Vitimas;Plena Noite;Ceu Claro;Reta
sabado;SP;Desobediencia nas normas de transito pelo condutor;Capotamento;Sem Vitimas;Plena Noite;Ceu Claro;Reta
sabado;PE;Falta de Atencao Conducao;Queda de ocupante de veiculo;Com Vitimas Feridas;Plena Noite;Ceu Claro;Rotatoria
sexta-feira;RS;Ingestao de Alcool;Saida de leito carrocavel;Sem Vitimas;Plena Noite;Ceu Claro;Reta
sabado;RS;Desobediencia nas normas de transito pelo condutor;Colisao frontal;Com Vitimas Feridas;Plena Noite;Ceu Claro;Reta
sexta-feira;MG;Defeito Mecanico no Veiculo;Incendio;Sem Vitimas;Plena Noite;Ceu Claro;Reta
sexta-feira;RJ;Falta de Atencao Conducao;Colisao lateral;Com Vitimas Feridas;Plena Noite;Nublado;Reta
sexta-feira;PB;Mal Subito;Saida de leito carrocavel;Com Vitimas Feridas;Plena Noite;Ceu Claro;Reta
sabado;RJ;Nao guardar distancia de seguranca;Colisao traseira;Com Vitimas Feridas;Plena Noite;Nublado;Reta
sabado;SC;Falta de Atencao Conducao;Colisao frontal;Com Vitimas Feridas;Plena Noite;Garoa/Chuvisco;Reta
sabado;PI;Desobediencia nas normas de transito pelo condutor;Colisao frontal;Com Vitimas Feridas;Plena Noite;Nublado;Reta
sabado;MG;Condutor Dormindo;Colisao traseira;Com Vitimas Feridas;Plena Noite;Ceu Claro;Reta
sabado;PB;Falta de Atencao Conducao;Queda de ocupante de veiculo;Com Vitimas Feridas;Plena Noite;Garoa/Chuvisco;Reta