dia_semana;uf;causa_acidente;tipo_acidente;classificacao_acidente;fase_dia;condicao_metereologica;tracado_via
domingo;GO;Desobediencia nas normas de transito pelo condutor;Colisao traseira;Com Vitimas Feridas;Plena Noite;Garoa/Chuvisco;Reta
domingo;BA;Desobediencia nas normas de transito pelo condutor;Saida de leito carrocavel;Sem Vitimas;Plena Noite;Ceu Claro;Curva
domingo;PR;Ingestao de Alcool;Colisao traseira;Sem Vitimas;Plena Noite;Nublado;Reta
domingo;GO;Ingestao de Alcool;Atropelamento de Pedestre;Com Vitimas Feridas;Plena Noite;Ceu Claro;Desvio Temporario
domingo;PB;Velocidade Incompativel;Colisao com objeto estatico;Com Vitimas Feridas;Plena Noite;Chuva;Curva
domingo;SC;Falta de Atencao Conducao;Saida de leito carrocavel;Com Vitimas Feridas;Plena Noite;Ceu Claro;Reta
domingo;MG;Desobediencia nas normas de transito pelo condutor;Colisao transversal;Com Vitimas Fatais;Amanhecer;Ceu Claro;Nao Informado
sabado;SC;Desobediencia nas normas de transito pelo condutor;Colisao traseira;Com Vitimas Feridas;Pleno dia;Ceu Claro;Reta
domingo;SC;Falta de Atencao Conducao;Saida de leito carrocavel;Sem Vitimas;Amanhecer;Ceu Claro;Reta
domingo;PR;Falta de Atencao Conducao;Colisao traseira;Com Vitimas Feridas;Plena Noite;Nublado;Reta
domingo;BA;Velocidade Incompativel;Colisao traseira;Com Vitimas Feridas;Plena Noite;Garoa/Chuvisco;Reta
domingo;MG;Condutor Dormindo;Colisao traseira;Com Vitimas Fatais;Amanhecer;Ceu Claro;Reta
domingo;PR;Falta de Atencao Conducao;Colisao traseira;Com Vitimas Feridas;Amanhecer;Nublado;Nao Informado
domingo;RJ;Falta de Atencao Conducao;Atropelamento de Pedestre;Com Vitimas Feridas;Plena Noite;Ceu Claro;Curva
domingo;TO;Falta de Atencao Conducao;Tombamento;Com Vitimas Feridas;Amanhecer;Nevoeiro/Neblina;Reta
domingo;ES;Nao guardar distancia de seguranca;Colisao traseira;Com Vitimas Feridas;Amanhecer;Ceu Claro;Reta
domingo;RS;Condutor Dormindo;Saida de leito carrocavel;Sem Vitimas;Amanhecer;Nublado;Reta
domingo;SC;Velocidade Incompativel;Saida de leito carrocavel;Sem Vitimas;Plena Noite;Ceu Claro;Curva
domingo;MT;Falta de Atencao Conducao;Saida de leito carrocavel;Com Vitimas Feridas;Amanhecer;Nublado;Curva
sabado;MT;Falta de Atencao Conducao;Queda de ocupante de veiculo;Com Vitimas Feridas;Plena Noite;Nublado;Reta
domingo;DF;Velocidade Incompativel;Saida de leito carrocavel;Sem Vitimas;Pleno dia;Ceu Claro;Reta
domingo;RN;Pista Escorregadia;Saida de leito carrocavel;Com Vitimas Feridas;Pleno dia;Chuva;Curva
domingo;CE;Ingestao de Alcool;Colisao frontal;Com Vitimas Feridas;Amanhecer;Nublado;Curva
domingo;BA;Defeito Mecanico no Veiculo;Incendio;Sem Vitimas;Plena Noite;Ceu Claro;Nao Informado
domingo;MG;Restricao de Visibilidade;Saida de leito carrocavel;Com Vitimas Feridas;Plena Noite;Ceu Claro;Reta
sabado;MA;Desobediencia nas normas de transito pelo condutor;Colisao lateral;Com Vitimas Feridas;Plena Noite;Ceu Claro;Reta
domingo;BA;Falta de Atencao Conducao;Colisao frontal;Com Vitimas Fatais;Amanhecer;Sol;Reta
domingo;RJ;Falta de Atencao Conducao;Colisao traseira;Sem Vitimas;Pleno dia;Ceu Claro;Reta
domingo;BA;Falta de Atencao Conducao;Saida de leito carrocavel;Com Vitimas Feridas;Amanhecer;Ceu Claro;Reta
domingo;GO;Falta de Atencao Conducao;Saida de leito carrocavel;Com Vitimas Feridas;Pleno dia;Ceu Claro;Curva
domingo;PR;Falta de Atencao Conducao;Saida de leito carrocavel;Sem Vitimas;Pleno dia;Ceu Claro;Curva
domingo;SC;Falta de Atencao Conducao;Colisao traseira;Com Vitimas Feridas;Plena Noite;Nublado;Curva
domingo;MG;Condutor Dormindo;Capotamento;Com Vitimas Feridas;Plena Noite;Nublado;Curva
terca-feira;PB;Ultrapassagem Indevida;Colisao frontal;Com Vitimas Fatais;Plena Noite;Ceu Claro;Reta
domingo;SP;Falta de Atencao Conducao;Colisao traseira;Com Vitimas Feridas;Plena Noite;Ceu Claro;Nao Informado
domingo;PR;Condutor Dormindo;Saida de leito carrocavel;Com Vitimas Feridas;Pleno dia;Nublado;Reta
quarta-feira;MT;Desobediencia nas normas de transito pelo condutor;Colisao traseira;Com Vitimas Feridas;Anoitecer;Nublado;Reta
domingo;RJ;Agressao Externa;Queda de ocupante de veiculo;Com Vitimas Feridas;Pleno dia;Ceu Claro;Reta
domingo;SP;Falta de Atencao Conducao;Capotamento;Com Vitimas Feridas;Pleno dia;Ceu Claro;Reta
domingo;SC;Velocidade Incompativel;Colisao transversal;Sem Vitimas;Pleno dia;Nublado;Intersecao de vias
domingo;PR;Condutor Dormindo;Capotamento;Com Vitimas Feridas;Pleno dia;Ceu Claro;Nao Informado
domingo;MG;Falta de Atencao Conducao;Colisao frontal;Com Vitimas Feridas;Pleno dia;Ceu Claro;Curva
domingo;GO;Falta de Atencao Conducao;Colisao frontal;Com Vitimas Fatais;Pleno dia;Ceu Claro;Reta
domingo;MG;Desobediencia nas normas de transito pelo condutor;Colisao transversal;Com Vitimas Feridas;Pleno dia;Ceu Claro;Reta
domingo;SE;Desobediencia nas normas de transito pelo condutor;Colisao lateral;Com Vitimas Feridas;Pleno dia;Chuva;Reta
domingo;MG;Defeito Mecanico no Veiculo;Queda de ocupante de veiculo;Com Vitimas Feridas;Pleno dia;Sol;Reta
domingo;PI;Defeito Mecanico no Veiculo;Colisao com objeto estatico;Sem Vitimas;Pleno dia;Ceu Claro;Curva
domingo;MG;Falta de Atencao Conducao;Colisao lateral;Sem Vitimas;Pleno dia;Ceu Claro;Nao Informado
domingo;PR;Falta de Atencao Conducao;Saida de leito carrocavel;Com Vitimas Feridas;Pleno dia;Ceu Claro;Curva
quinta-feira;DF;Falta de Atencao Conducao;Capotamento;Sem Vitimas;Anoitecer;Chuva;Reta
domingo;MG;Falta de Atencao Conducao;Saida de leito carrocavel;Com Vitimas Feridas;Pleno dia;Ceu Claro;Reta
domingo;PR;Velocidade Incompativel;Queda de ocupante de veiculo;Com Vitimas Feridas;Pleno dia;Sol;Curva
domingo;PE;Ultrapassagem Indevida;Colisao lateral;Com Vitimas Feridas;Pleno dia;Nublado;Curva
domingo;ES;Defeito Mecanico no Veiculo;Colisao com objeto em movimento;Com Vitimas Feridas;Pleno dia;Nublado;Reta
domingo;MG;Falta de Atencao Conducao;Colisao traseira;Sem Vitimas;Pleno dia;Ceu Claro;Reta
domingo;RS;Desobediencia nas normas de transito pelo condutor;Colisao transversal;Sem Vitimas;Pleno dia;Nublado;Intersecao de vias
domingo;PE;Falta de Atencao Conducao;Colisao frontal;Com Vitimas Fatais;Pleno dia;Ceu Claro;Curva
domingo;SE;Falta de Atencao Conducao;Saida de leito carrocavel;Com Vitimas Feridas;Pleno dia;Ceu Claro;Curva
domingo;SP;Falta de Atencao Conducao;Colisao lateral;Com Vitimas Feridas;Pleno dia;Ceu Claro;Reta
domingo;GO;Nao guardar distancia de seguranca;Colisao lateral;Com Vitimas Feridas;Pleno dia;Ceu Claro;Reta
domingo;RJ;Falta de Atencao Conducao;Colisao transversal;Com Vitimas Fatais;Pleno dia;Sol;Nao Informado
domingo;MG;Condutor Dormindo;Saida de leito carrocavel;Com Vitimas Feridas;Amanhecer;Nublado;Reta
domingo;MG;Falta de Atencao Conducao;Colisao com objeto estatico;Sem Vitimas;Pleno dia;Ceu Claro;Curva
quarta-feira;BA;Falta de Atencao Conducao;Colisao com objeto estatico;Com Vitimas Feridas;Plena Noite;Chuva;Reta
quarta-feira;MG;Falta de Atencao Conducao;Colisao transversal;Com Vitimas Feridas;Plena Noite;Nublado;Intersecao de vias
quarta-feira;MG;Falta de Atencao Conducao;Colisao transversal;Com Vitimas Feridas;Pleno dia;Ceu Claro;Curva
sabado;BA;Defeito Mecanico no Veiculo;Incendio;Sem Vitimas;Plena Noite;Ceu Claro;Reta
domingo;RO;Falta de Atencao Conducao;Colisao transversal;Com Vitimas Feridas;Pleno dia;Nublado;Reta
domingo;SC;Falta de Atencao Conducao;Colisao traseira;Sem Vitimas;Pleno dia;Ceu Claro;Desvio Temporario
domingo;ES;Falta de Atencao Conducao;Colisao traseira;Com Vitimas Feridas;Pleno dia;Ceu Claro;Reta
domingo;PB;Ingestao de Alcool;Colisao frontal;Com Vitimas Fatais;Pleno dia;Ceu Claro;Reta
domingo;TO;Desobedincia nas normas de transito pelo pedestre;Atropelamento de Pedestre;Com Vitimas Fatais;Pleno dia;Nublado;Reta
domingo;PB;Ingestao de Alcool;Colisao com objeto estatico;Com Vitimas Fatais;Pleno dia;Ceu Claro;Curva
sexta-feira;SC;Falta de Atencao Conducao;Colisao lateral;Com Vitimas Feridas;Pleno dia;Ceu Claro;Curva
domingo;SC;Falta de Atencao Conducao;Tombamento;Com Vitimas Feridas;Pleno dia;Ceu Claro;Reta
domingo;PE;Desobediencia nas normas de transito pelo condutor;Colisao frontal;Com Vitimas Feridas;Pleno dia;Nublado;Curva
domingo;SP;Defeito Mecanico no Veiculo;Colisao com objeto estatico;Com Vitimas Feridas;Pleno dia;Ceu Claro;Reta
quarta-feira;PE;Fenomenos da Natureza;Tombamento;Com Vitimas Feridas;Pleno dia;Chuva;Reta
domingo;PE;Falta de Atencao Conducao;Colisao frontal;Com Vitimas Feridas;Pleno dia;Nublado;Reta
domingo;MG;Velocidade Incompativel;Queda de ocupante de veiculo;Com Vitimas Feridas;Pleno dia;Sol;Curva
domingo;MG;Velocidade Incompativel;Queda de ocupante de veiculo;Com Vitimas Feridas;Pleno dia;Ceu Claro;Curva
domingo;MT;Pista Escorregadia;Saida de leito carrocavel;Sem Vitimas;Pleno dia;Chuva;Curva
domingo;PE;Falta de Atencao Conducao;Colisao lateral;Com Vitimas Feridas;Pleno dia;Ceu Claro;Rotatoria
domingo;TO;Ultrapassagem Indevida;Saida de leito carrocavel;Com Vitimas Feridas;Pleno dia;Ceu Claro;Desvio Temporario
domingo;SP;Avarias e/ou desgaste excessivo no pneu;Tombamento;Com Vitimas Feridas;Pleno dia;Ceu Claro;Reta
domingo;GO;Avarias e/ou desgaste excessivo no pneu;Saida de leito carrocavel;Com Vitimas Feridas;Pleno dia;Ceu Claro;Reta
domingo;PA;Desobediencia nas normas de transito pelo condutor;Saida de leito carrocavel;Com Vitimas Feridas;Pleno dia;Ceu Claro;Reta
domingo;SP;Velocidade Incompativel;Colisao traseira;Com Vitimas Feridas;Pleno dia;Ceu Claro;Reta
domingo;SC;Falta de Atencao Conducao;Colisao transversal;Com Vitimas Feridas;Pleno dia;Ceu Claro;Intersecao de vias
domingo;BA;Ingestao de Alcool;Colisao transversal;Com Vitimas Feridas;Pleno dia;Nublado;Reta
segunda-feira;PB;Falta de Atencao Conducao;Colisao traseira;Com Vitimas Feridas;Pleno dia;Chuva;Nao Informado
domingo;RS;Falta de Atencao Conducao;Saida de leito carrocavel;Com Vitimas Feridas;Pleno dia;Ceu Claro;Reta
domingo;SP;Nao guardar distancia de seguranca;Colisao traseira;Com Vitimas Feridas;Pleno dia;Ceu Claro;Nao Informado
domingo;RN;Desobediencia nas normas de transito pelo condutor;Colisao transversal;Com Vitimas Feridas;Pleno dia;Nublado;Reta
domingo;PE;Falta de Atencao Conducao;Queda de ocupante de veiculo;Com Vitimas Feridas;Pleno dia;Ceu Claro;Reta
domingo;MG;Animais na Pista;Atropelamento de Animal;Com Vitimas Feridas;Pleno dia;Ceu Claro;Curva
domingo;SP;Falta de Atencao Conducao;Saida de leito carrocavel;Com Vitimas Feridas;Pleno dia;Ceu Claro;Curva
domingo;BA;Falta de Atencao Conducao;Tombamento;Com Vitimas Feridas;Pleno dia;Sol;Reta
domingo;ES;Nao guardar distancia de seguranca;Colisao traseira;Com Vitimas Feridas;Anoitecer;Ceu Claro;Reta
domingo;GO;Falta de Atencao Conducao;Saida de leito carrocavel;Com Vitimas Feridas;Pleno dia;Ceu Claro;Curva
domingo;MG;Mal Subito;Saida de leito carrocavel;Com Vitimas Feridas;Pleno dia;Ceu Claro;Reta
domingo;MG;Desobediencia nas normas de transito pelo condutor;Colisao transversal;Com Vitimas Feridas;Pleno dia;Ceu Claro;Intersecao de vias
domingo;GO;Falta de Atencao Conducao;Saida de leito carrocavel;Com Vitimas Feridas;Pleno dia;Ceu Claro;Nao Informado
domingo;MG;Falta de Atencao Conducao;Tombamento;Com Vitimas Feridas;Anoitecer;Ceu Claro;Reta
domingo;PE;Falta de Atencao Conducao;Colisao traseira;Com Vitimas Feridas;Plena Noite;Ceu Claro;Reta
domingo;SC;Velocidade Incompativel;Saida de leito carrocavel;Com Vitimas Feridas;Pleno dia;Nublado;Nao Informado
domingo;PR;Desobediencia nas normas de transito pelo condutor;Colisao lateral;Com Vitimas Feridas;Pleno dia;Ceu Claro;Reta
domingo;PR;Avarias e/ou desgaste excessivo no pneu;Queda de ocupante de veiculo;Com Vitimas Feridas;Anoitecer;Ceu Claro;Reta
domingo;MG;Falta de Atencao Conducao;Saida de leito carrocavel;Com Vitimas Feridas;Pleno dia;Sol;Nao Informado
domingo;MG;Nao guardar distancia de seguranca;Colisao traseira;Com Vitimas Feridas;Plena Noite;Ceu Claro;Reta
domingo;MG;Nao guardar distancia de seguranca;Engavetamento;Com Vitimas Feridas;Plena Noite;Ceu Claro;Reta
domingo;PR;Falta de Atencao Conducao;Colisao transversal;Sem Vitimas;Plena Noite;Nublado;Reta
domingo;RS;Falta de Atencao Conducao;Colisao transversal;Com Vitimas Feridas;Plena Noite;Ceu Claro;Reta
domingo;PR;Falta de Atencao Conducao;Colisao transversal;Com Vitimas Feridas;Pleno dia;Sol;Curva
domingo;TO;Defeito Mecanico no Veiculo;Saida de leito carrocavel;Com Vitimas Feridas;Pleno dia;Nublado;Reta
domingo;SC;Falta de Atencao Conducao;Tombamento;Com Vitimas Feridas;Anoitecer;Ceu Claro;Reta
domingo;PA;Falta de Atencao Conducao;Colisao transversal;Com Vitimas Feridas;Plena Noite;Ceu Claro;Reta
domingo;RJ;Desobediencia nas normas de transito pelo condutor;Colisao lateral;Com Vitimas Feridas;Plena Noite;Nublado;Reta
domingo;PR;Avarias e/ou desgaste excessivo no pneu;Saida de leito carrocavel;Com Vitimas Feridas;Plena Noite;Ceu Claro;Reta
domingo;GO;Ultrapassagem Indevida;Colisao frontal;Com Vitimas Fatais;Anoitecer;Ceu Claro;Reta
domingo;MG;Falta de Atencao do Pedestre;Atropelamento de Pedestre;Com Vitimas Fatais;Plena Noite;Ceu Claro;Desvio Temporario
domingo;ES;Falta de Atencao Conducao;Colisao frontal;Com Vitimas Fatais;Plena Noite;Ceu Claro;Nao Informado
domingo;SE;Ingestao de Alcool;Colisao com objeto em movimento;Com Vitimas Feridas;Plena Noite;Nublado;Reta
domingo;PE;Desobediencia nas normas de transito pelo condutor;Colisao transversal;Com Vitimas Feridas;Plena Noite;Ceu Claro;Reta
domingo;SC;Ingestao de Substancias Psicoativas;Colisao com objeto estatico;Sem Vitimas;Plena Noite;Nublado;Reta
domingo;SP;Falta de Atencao Conducao;Saida de leito carrocavel;Com Vitimas Feridas;Plena Noite;Ceu Claro;Reta
domingo;BA;Ingestao de Alcool;Atropelamento de Animal;Com Vitimas Fatais;Plena Noite;Nublado;Reta
domingo;RN;Falta de Atencao Conducao;Colisao com objeto estatico;Com Vitimas Feridas;Plena Noite;Nublado;Reta
domingo;DF;Falta de Atencao Conducao;Engavetamento;Com Vitimas Feridas;Plena Noite;Ceu Claro;Reta
domingo;MG;Falta de Atencao Conducao;Colisao traseira;Com Vitimas Feridas;Plena Noite;Ceu Claro;Reta
domingo;SP;Ingestao de Alcool;Colisao com objeto estatico;Com Vitimas Feridas;Plena Noite;Ceu Claro;Desvio Temporario
domingo;DF;Falta de Atencao Conducao;Colisao traseira;Com Vitimas Feridas;Plena Noite;Nublado;Reta
domingo;BA;Animais na Pista;Atropelamento de Animal;Sem Vitimas;Plena Noite;Ceu Claro;Reta
domingo;RS;Falta de Atencao do Pedestre;Atropelamento de Pedestre;Com Vitimas Feridas;Plena Noite;Ceu Claro;Reta
domingo;PE;Ingestao de Alcool;Saida de leito carrocavel;Com Vitimas Fatais;Plena Noite;Ceu Claro;Reta
domingo;MS;Sinalizacao da via insuficiente ou inadequada;Saida de leito carrocavel;Com Vitimas Feridas;Plena Noite;Ceu Claro;Retorno Regulamentado
domingo;SC;Ultrapassagem Indevida;Colisao frontal;Com Vitimas Fatais;Plena Noite;Nublado;Reta
domingo;RJ;Ultrapassagem Indevida;Colisao frontal;Com Vitimas Feridas;Plena Noite;Ceu Claro;Reta
domingo;MG;Condutor Dormindo;Saida de leito carrocavel;Com Vitimas Feridas;Plena Noite;Ceu Claro;Reta
domingo;SP;Nao guardar distancia de seguranca;Colisao traseira;Com Vitimas Feridas;Plena Noite;Nublado;Reta
domingo;PR;Desobedincia nas normas de transito pelo pedestre;Atropelamento de Pedestre;Com Vitimas Fatais;Anoitecer;Ceu Claro;Nao Informado
domingo;PR;Desobediencia nas normas de transito pelo condutor;Colisao frontal;Com Vitimas Feridas;Plena Noite;Ceu Claro;Reta
domingo;MG;Carga excessiva e/ou mal acondicionada;Colisao com objeto estatico;Sem Vitimas;Plena Noite;Ceu Claro;Nao Informado
domingo;SP;Ultrapassagem Indevida;Colisao lateral;Com Vitimas Feridas;Plena Noite;Ceu Claro;Reta
domingo;ES;Desobediencia nas normas de transito pelo condutor;Colisao frontal;Com Vitimas Feridas;Plena Noite;Nublado;Curva
domingo;MG;Defeito Mecanico no Veiculo;Saida de leito carrocavel;Com Vitimas Feridas;Pleno dia;Ceu Claro;Reta
domingo;PI;Falta de Atencao Conducao;Atropelamento de Pedestre;Com Vitimas Feridas;Plena Noite;Chuva;Reta
domingo;MA;Falta de Atencao Conducao;Queda de ocupante de veiculo;Com Vitimas Feridas;Plena Noite;Chuva;Reta
domingo;GO;Falta de Atencao Conducao;Saida de leito carrocavel;Com Vitimas Feridas;Plena Noite;Ceu Claro;Nao Informado
domingo;ES;Falta de Atencao Conducao;Saida de leito carrocavel;Com Vitimas Feridas;Plena Noite;Ceu Claro;Reta
domingo;PR;Pista Escorregadia;Queda de ocupante de veiculo;Com Vitimas Feridas;Plena Noite;Nublado;Nao Informado
domingo;PR;Defeito Mecanico no Veiculo;Colisao com objeto em movimento;Com Vitimas Feridas;Plena Noite;Ceu Claro;Reta
domingo;PR;Velocidade Incompativel;Saida de leito carrocavel;Com Vitimas Feridas;Plena Noite;Nublado;Curva
domingo;RS;Velocidade Incompativel;Saida de leito carrocavel;Sem Vitimas;Plena Noite;Nublado;Reta
domingo;PR;Sinalizacao da via insuficiente ou inadequada;Colisao com objeto estatico;Com Vitimas Feridas;Plena Noite;Ceu Claro;Nao Informado
terca-feira;GO;Falta de Atencao Conducao;Queda de ocupante de veiculo;Com Vitimas Feridas;Pleno dia;Ceu Claro;Intersecao de vias
domingo;RN;Condutor Dormindo;Saida de leito carrocavel;Com Vitimas Feridas;Plena Noite;Garoa/Chuvisco;Reta
domingo;SP;Velocidade Incompativel;Tombamento;Com Vitimas Feridas;Plena Noite;Ceu Claro;Reta
domingo;RJ;Desobediencia nas normas de transito pelo condutor;Colisao lateral;Com Vitimas Feridas;Plena Noite;Ceu Claro;Ponte
domingo;RJ;Falta de Atencao Conducao;Colisao lateral;Com Vitimas Feridas;Plena Noite;Ceu Claro;Reta
domingo;RS;Desobediencia nas normas de transito pelo condutor;Colisao transversal;Com Vitimas Feridas;Plena Noite;Ceu Claro;Intersecao de vias
domingo;PR;Defeito Mecanico no Veiculo;Colisao com objeto estatico;Com Vitimas Feridas;Pleno dia;Ceu Claro;Nao Informado
domingo;SE;Desobediencia nas normas de transito pelo condutor;Saida de leito carrocavel;Sem Vitimas;Plena Noite;Nublado;Intersecao de vias
domingo;SP;Velocidade Incompativel;Colisao traseira;Com Vitimas Feridas;Plena Noite;Nublado;Nao Informado
domingo;PI;Falta de Atencao Conducao;Saida de leito carrocavel;Com Vitimas Feridas;Plena Noite;Ceu Claro;Reta
domingo;MG;Desobediencia nas normas de transito pelo condutor;Colisao lateral;Com Vitimas Feridas;Plena Noite;Ceu Claro;Reta
domingo;DF;Falta de Atencao Conducao;Colisao traseira;Com Vitimas Feridas;Plena Noite;Vento;Reta
domingo;DF;Falta de Atencao Conducao;Colisao transversal;Sem Vitimas;Plena Noite;Ceu Claro;Reta
domingo;MS;Falta de Atencao Conducao;Saida de leito carrocavel;Com Vitimas Feridas;Plena Noite;Ceu Claro;Reta
domingo;PR;Defeito Mecanico no Veiculo;Queda de ocupante de veiculo;Com Vitimas Feridas;Plena Noite;Ceu Claro;Curva
domingo;RS;Condutor Dormindo;Saida de leito carrocavel;Com Vitimas Feridas;Plena Noite;Nublado;Reta
domingo;BA;Desobedincia nas normas de transito pelo pedestre;Atropelamento de Pedestre;Com Vitimas Fatais;Plena Noite;Ignorado;Reta
domingo;RJ;Falta de Atencao Conducao;Tombamento;Com Vitimas Feridas;Plena Noite;Nublado;Nao Informado
domingo;PA;Ingestao de Alcool;Colisao frontal;Com Vitimas Feridas;Plena Noite;Nublado;Reta
domingo;MG;Ingestao de Alcool e/ou substancias psicoativas pelo pedestre;Atropelamento de Pedestre;Com Vitimas Feridas;Plena Noite;Nublado;Nao Informado
domingo;MG;Falta de Atencao Conducao;Saida de leito carrocavel;Com Vitimas Feridas;Plena Noite;Ceu Claro;Reta
segunda-feira;ES;Falta de Atencao Conducao;Capotamento;Sem Vitimas;Plena Noite;Ceu Claro;Reta
domingo;MA;Ingestao de Alcool e/ou substancias psicoativas pelo pedestre;Colisao com objeto estatico;Com Vitimas Feridas;Plena Noite;Ceu Claro;Curva
domingo;CE;Ingestao de Alcool;Colisao traseira;Com Vitimas Feridas;Pleno dia;Nublado;Reta
domingo;MT;Falta de Atencao Conducao;Colisao lateral;Com Vitimas Fatais;Pleno dia;Ceu Claro;Reta
domingo;AL;Ingestao de Alcool;Saida de leito carrocavel;Com Vitimas Feridas;Plena Noite;Nublado;Curva
domingo;SC;Falta de Atencao Conducao;Colisao frontal;Com Vitimas Feridas;Plena Noite;Ceu Claro;Reta
segunda-feira;MG;Falta de Atencao Conducao;Colisao frontal;Com Vitimas Fatais;Plena Noite;Ceu Claro;Reta
segunda-feira;ES;Desobediencia nas normas de transito pelo condutor;Colisao lateral;Com Vitimas Feridas;Plena Noite;Ceu Claro;Reta
domingo;MG;Defeito Mecanico no Veiculo;Incendio;Sem Vitimas;Plena Noite;Ceu Claro;Reta
segunda-feira;MT;Ingestao de Alcool;Saida de leito carrocavel;Sem Vitimas;Plena Noite;Ceu Claro;Reta
segunda-feira;SC;Falta de Atencao Conducao;Colisao com objeto estatico;Com Vitimas Feridas;Pleno dia;Ceu Claro;Reta
domingo;RO;Defeito Mecanico no Veiculo;Incendio;Sem Vitimas;Anoitecer;Ceu Claro;Reta
segunda-feira;PR;Falta de Atencao Conducao;Saida de leito carrocavel;Com Vitimas Feridas;Plena Noite;Nublado;Reta
segunda-feira;PI;Ingestao de Alcool;Colisao com objeto estatico;Com Vitimas Feridas;Plena Noite;Ceu Claro;Reta
segunda-feira;GO;Falta de Atencao Conducao;Capotamento;Com Vitimas Feridas;Plena Noite;Ceu Claro;Reta
segunda-feira;MG;Falta de Atencao Conducao;Saida de leito carrocavel;Com Vitimas Feridas;Plena Noite;Ceu Claro;Reta
domingo;SC;Nao guardar distancia de seguranca;Colisao lateral;Sem Vitimas;Plena Noite;Nublado;Reta
domingo;RS;Falta de Atencao do Pedestre;Atropelamento de Pedestre;Com Vitimas Fatais;Plena Noite;Ceu Claro;Reta
segunda-feira;SC;Ingestao de Alcool;Colisao lateral;Sem Vitimas;Plena Noite;Ceu Claro;Curva
segunda-feira;MS;Animais na Pista;Atropelamento de Animal;Com Vitimas Feridas;Plena Noite;Ceu Claro;Reta
segunda-feira;MA;Ingestao de Alcool;Colisao traseira;Com Vitimas Feridas;Plena Noite;Chuva;Reta
segunda-feira;RJ;Sinalizacao da via insuficiente ou inadequada;Atropelamento de Pedestre;Com Vitimas Fatais;Amanhecer;Ceu Claro;Nao Informado
segunda-feira;RJ;Agressao Externa;Colisao com objeto estatico;Sem Vitimas;Pleno dia;Ceu Claro;Nao Informado
segunda-feira;ES;Falta de Atencao Conducao;Saida de leito carrocavel;Com Vitimas Feridas;Plena Noite;Nublado;Curva
segunda-feira;GO;Velocidade Incompativel;Tombamento;Com Vitimas Feridas;Amanhecer;Ceu Claro;Nao Informado
segunda-feira;MG;Falta de Atencao Conducao;Queda de ocupante de veiculo;Com Vitimas Feridas;Pleno dia;Ceu Claro;Reta
segunda-feira;MG;Falta de Atencao Conducao;Colisao lateral;Com Vitimas Feridas;Pleno dia;Ceu Claro;Reta
segunda-feira;PB;Nao guardar distancia de seguranca;Colisao traseira;Com Vitimas Feridas;Pleno dia;Chuva;Reta
segunda-feira;RJ;Falta de Atencao Conducao;Colisao traseira;Com Vitimas Feridas;Pleno dia;Ceu Claro;Reta
segunda-feira;RJ;Desobediencia nas normas de transito pelo condutor;Colisao frontal;Com Vitimas Feridas;Pleno dia;Ceu Claro;Reta
segunda-feira;SC;Falta de Atencao Conducao;Atropelamento de Pedestre;Com Vitimas Feridas;Pleno dia;Ceu Claro;Viaduto
segunda-feira;DF;Ingestao de Alcool;Colisao traseira;Sem Vitimas;Pleno dia;Ceu Claro;Reta
segunda-feira;MG;Falta de Atencao Conducao;Colisao traseira;Com Vitimas Feridas;Pleno dia;Sol;Reta
segunda-feira;RS;Falta de Atencao Conducao;Engavetamento;Com Vitimas Feridas;Pleno dia;Ceu Claro;Reta
segunda-feira;SC;Falta de Atencao Conducao;Colisao traseira;Com Vitimas Feridas;Pleno dia;Ceu Claro;Reta
segunda-feira;MG;Defeito Mecanico no Veiculo;Incendio;Sem Vitimas;Plena Noite;Nublado;Reta
segunda-feira;MG;Condutor Dormindo;Saida de leito carrocavel;Com Vitimas Feridas;Pleno dia;Ceu Claro;Reta
segunda-feira;PB;Falta de Atencao Conducao;Colisao traseira;Com Vitimas Feridas;Pleno dia;Chuva;Reta
segunda-feira;PR;Falta de Atencao Conducao;Colisao traseira;Com Vitimas Feridas;Amanhecer;Ceu Claro;Reta
segunda-feira;SC;Falta de Atencao Conducao;Colisao lateral;Com Vitimas Feridas;Pleno dia;Ceu Claro;Reta
segunda-feira;RJ;Velocidade Incompativel;Saida de leito carrocavel;Com Vitimas Feridas;Plena Noite;Ceu Claro;Curva
segunda-feira;RS;Desobediencia nas normas de transito pelo condutor;Colisao transversal;Com Vitimas Fatais;Pleno dia;Nublado;Reta
segunda-feira;ES;Desobediencia nas normas de transito pelo condutor;Colisao lateral;Sem Vitimas;Pleno dia;Sol;Intersecao de vias
segunda-feira;CE;Falta de Atencao Conducao;Colisao transversal;Com Vitimas Feridas;Pleno dia;Nublado;Nao Informado
segunda-feira;SP;Avarias e/ou desgaste excessivo no pneu;Tombamento;Com Vitimas Feridas;Pleno dia;Ceu Claro;Reta