dia_semana;uf;causa_acidente;tipo_acidente;classificacao_acidente;fase_dia;condicao_metereologica;tracado_via
terca-feira;RO;Defeito Mecanico no Veiculo;Incendio;Com Vitimas Feridas;Pleno dia;Garoa/Chuvisco;Nao Informado
terca-feira;MG;Falta de Atencao Conducao;Colisao traseira;Com Vitimas Feridas;Pleno dia;Ceu Claro;Reta
terca-feira;PR;Falta de Atencao Conducao;Colisao traseira;Com Vitimas Feridas;Anoitecer;Ceu Claro;Reta
terca-feira;PE;Falta de Atencao do Pedestre;Atropelamento de Pedestre;Com Vitimas Feridas;Plena Noite;Ceu Claro;Reta
terca-feira;AL;Velocidade Incompativel;Saida de leito carrocavel;Com Vitimas Feridas;Plena Noite;Ceu Claro;Reta
terca-feira;PB;Desobedincia nas normas de transito pelo pedestre;Atropelamento de Pedestre;Com Vitimas Fatais;Anoitecer;Ceu Claro;Curva
terca-feira;SC;Desobediencia nas normas de transito pelo condutor;Colisao lateral;Com Vitimas Feridas;Plena Noite;Ceu Claro;Reta
terca-feira;PR;Nao guardar distancia de seguranca;Queda de ocupante de veiculo;Com Vitimas Feridas;Plena Noite;Ceu Claro;Reta
terca-feira;DF;Falta de Atencao Conducao;Saida de leito carrocavel;Com Vitimas Feridas;Anoitecer;Nublado;Reta
terca-feira;SC;Falta de Atencao Conducao;Colisao transversal;Com Vitimas Feridas;Pleno dia;Ceu Claro;Reta
terca-feira;ES;Falta de Atencao Conducao;Colisao transversal;Com Vitimas Feridas;Plena Noite;Ceu Claro;Intersecao de vias
terca-feira;MG;Falta de Atencao do Pedestre;Atropelamento de Pedestre;Com Vitimas Feridas;Anoitecer;Nublado;Rotatoria
terca-feira;RJ;Falta de Atencao Conducao;Colisao lateral;Com Vitimas Feridas;Anoitecer;Ceu Claro;Reta
terca-feira;MT;Falta de Atencao Conducao;Colisao transversal;Com Vitimas Feridas;Plena Noite;Nublado;Rotatoria
terca-feira;MG;Desobediencia nas normas de transito pelo condutor;Colisao lateral;Com Vitimas Feridas;Anoitecer;Ceu Claro;Curva
terca-feira;ES;Nao guardar distancia de seguranca;Engavetamento;Sem Vitimas;Plena Noite;Ceu Claro;Reta
terca-feira;SC;Desobediencia nas normas de transito pelo condutor;Colisao transversal;Com Vitimas Feridas;Pleno dia;Chuva;Nao Informado
sabado;MG;Defeito Mecanico no Veiculo;Tombamento;Com Vitimas Feridas;Pleno dia;Ceu Claro;Curva
terca-feira;PR;Animais na Pista;Tombamento;Com Vitimas Feridas;Plena Noite;Ceu Claro;Nao Informado
terca-feira;RS;Velocidade Incompativel;Tombamento;Com Vitimas Feridas;Pleno dia;Ceu Claro;Curva
terca-feira;MG;Nao guardar distancia de seguranca;Colisao traseira;Com Vitimas Feridas;Plena Noite;Nublado;Reta
terca-feira;SC;Desobediencia nas normas de transito pelo condutor;Tombamento;Com Vitimas Feridas;Plena Noite;Nublado;Reta
terca-feira;SC;Falta de Atencao Conducao;Colisao lateral;Com Vitimas Feridas;Plena Noite;Ceu Claro;Reta
terca-feira;SC;Falta de Atencao Conducao;Colisao transversal;Com Vitimas Feridas;Pleno dia;Ceu Claro;Viaduto
terca-feira;MA;Defeito Mecanico no Veiculo;Colisao traseira;Com Vitimas Fatais;Plena Noite;Chuva;Nao Informado
terca-feira;BA;Falta de Atencao Conducao;Queda de ocupante de veiculo;Com Vitimas Feridas;Anoitecer;Ceu Claro;Curva
terca-feira;MS;Animais na Pista;Atropelamento de Animal;Sem Vitimas;Plena Noite;Nublado;Reta
terca-feira;PR;Ingestao de Alcool;Saida de leito carrocavel;Com Vitimas Fatais;Plena Noite;Ceu Claro;Nao Informado
terca-feira;MS;Falta de Atencao Conducao;Colisao transversal;Com Vitimas Feridas;Plena Noite;Ceu Claro;Reta
terca-feira;SC;Falta de Atencao Conducao;Colisao transversal;Com Vitimas Feridas;Anoitecer;Ceu Claro;Reta
terca-feira;MG;Falta de Atencao Conducao;Colisao traseira;Com Vitimas Feridas;Plena Noite;Vento;Retorno Regulamentado
terca-feira;PR;Desobediencia nas normas de transito pelo condutor;Queda de ocupante de veiculo;Com Vitimas Feridas;Plena Noite;Ceu Claro;Reta
terca-feira;SP;Falta de Atencao Conducao;Colisao transversal;Com Vitimas Fatais;Plena Noite;Nublado;Reta
terca-feira;SP;Desobediencia nas normas de transito pelo condutor;Queda de ocupante de veiculo;Com Vitimas Feridas;Plena Noite;Nublado;Reta
terca-feira;BA;Falta de Atencao do Pedestre;Atropelamento de Pedestre;Com Vitimas Fatais;Plena Noite;Nublado;Reta
terca-feira;AM;Falta de Atencao Conducao;Danos eventuais;Sem Vitimas;Pleno dia;Ceu Claro;Desvio Temporario
terca-feira;PR;Defeito Mecanico no Veiculo;Incendio;Sem Vitimas;Plena Noite;Chuva;Reta
terca-feira;MG;Velocidade Incompativel;Colisao transversal;Sem Vitimas;Plena Noite;Ceu Claro;Reta
terca-feira;PI;Falta de Atencao Conducao;Colisao lateral;Sem Vitimas;Plena Noite;Nublado;Rotatoria
terca-feira;MT;Velocidade Incompativel;Colisao com objeto estatico;Com Vitimas Feridas;Plena Noite;Ceu Claro;Curva
terca-feira;PR;Ingestao de Alcool;Saida de leito carrocavel;Com Vitimas Feridas;Plena Noite;Ceu Claro;Nao Informado
terca-feira;RJ;Falta de Atencao Conducao;Colisao lateral;Com Vitimas Feridas;Plena Noite;Ceu Claro;Reta
terca-feira;SE;Falta de Atencao Conducao;Colisao traseira;Com Vitimas Feridas;Plena Noite;Ceu Claro;Reta
terca-feira;SE;Falta de Atencao Conducao;Colisao traseira;Com Vitimas Feridas;Plena Noite;Ceu Claro;Nao Informado
terca-feira;PR;Nao guardar distancia de seguranca;Colisao lateral;Com Vitimas Feridas;Plena Noite;Ceu Claro;Nao Informado
terca-feira;MG;Velocidade Incompativel;Derramamento de carga;Com Vitimas Feridas;Plena Noite;Ceu Claro;Curva
terca-feira;SC;Falta de Atencao Conducao;Colisao transversal;Com Vitimas Feridas;Plena Noite;Ceu Claro;Intersecao de vias
terca-feira;MG;Falta de Atencao Conducao;Colisao traseira;Com Vitimas Feridas;Plena Noite;Ceu Claro;Reta
terca-feira;SP;Falta de Atencao Conducao;Colisao lateral;Com Vitimas Feridas;Pleno dia;Ceu Claro;Reta
terca-feira;MG;Falta de Atencao do Pedestre;Atropelamento de Pedestre;Com Vitimas Fatais;Plena Noite;Ceu Claro;Reta
terca-feira;SC;Falta de Atencao Conducao;Tombamento;Com Vitimas Feridas;Plena Noite;Ceu Claro;Reta
terca-feira;SC;Desobediencia nas normas de transito pelo condutor;Queda de ocupante de veiculo;Com Vitimas Feridas;Plena Noite;Ceu Claro;Reta
terca-feira;SE;Animais na Pista;Atropelamento de Animal;Sem Vitimas;Plena Noite;Ceu Claro;Reta
terca-feira;SC;Ingestao de Alcool;Colisao lateral;Com Vitimas Feridas;Plena Noite;Ceu Claro;Curva
terca-feira;MT;Velocidade Incompativel;Saida de leito carrocavel;Com Vitimas Feridas;Plena Noite;Ceu Claro;Reta
terca-feira;PI;Falta de Atencao Conducao;Colisao traseira;Com Vitimas Feridas;Plena Noite;Garoa/Chuvisco;Reta
terca-feira;SC;Falta de Atencao Conducao;Tombamento;Com Vitimas Feridas;Plena Noite;Ceu Claro;Reta
terca-feira;ES;Defeito Mecanico no Veiculo;Danos eventuais;Sem Vitimas;Plena Noite;Ceu Claro;Reta
terca-feira;RJ;Defeito Mecanico no Veiculo;Incendio;Sem Vitimas;Plena Noite;Ceu Claro;Reta
terca-feira;RJ;Falta de Atencao Conducao;Colisao transversal;Com Vitimas Fatais;Plena Noite;Ceu Claro;Reta
terca-feira;PA;Desobediencia nas normas de transito pelo condutor;Colisao traseira;Com Vitimas Fatais;Plena Noite;Nublado;Reta
terca-feira;SP;Defeito Mecanico no Veiculo;Incendio;Sem Vitimas;Plena Noite;Ceu Claro;Reta
terca-feira;AL;Nao guardar distancia de seguranca;Saida de leito carrocavel;Com Vitimas Fatais;Plena Noite;Nublado;Nao Informado
quarta-feira;PR;Desobediencia nas normas de transito pelo condutor;Colisao transversal;Com Vitimas Feridas;Plena Noite;Ceu Claro;Intersecao de vias
quinta-feira;SP;Falta de Atencao Conducao;Colisao traseira;Com Vitimas Feridas;Plena Noite;Ceu Claro;Reta
terca-feira;RO;Falta de Atencao Conducao;Queda de ocupante de veiculo;Com Vitimas Feridas;Plena Noite;Ignorado;Desvio Temporario
quarta-feira;BA;Condutor Dormindo;Tombamento;Sem Vitimas;Plena Noite;Ceu Claro;Nao Informado
quarta-feira;PR;Falta de Atencao Conducao;Saida de leito carrocavel;Sem Vitimas;Plena Noite;Nevoeiro/Neblina;Reta
quarta-feira;RO;Desobediencia nas normas de transito pelo condutor;Colisao transversal;Com Vitimas Feridas;Plena Noite;Ceu Claro;Nao Informado
quarta-feira;ES;Desobediencia nas normas de transito pelo condutor;Colisao traseira;Com Vitimas Feridas;Plena Noite;Ceu Claro;Nao Informado
quarta-feira;CE;Desobedincia nas normas de transito pelo pedestre;Atropelamento de Pedestre;Com Vitimas Fatais;Plena Noite;Chuva;Reta
quarta-feira;SP;Falta de Atencao Conducao;Colisao traseira;Com Vitimas Feridas;Plena Noite;Nevoeiro/Neblina;Reta
terca-feira;SC;Falta de Atencao Conducao;Colisao lateral;Com Vitimas Feridas;Plena Noite;Ceu Claro;Reta
quarta-feira;MT;Ultrapassagem Indevida;Saida de leito carrocavel;Com Vitimas Feridas;Amanhecer;Nublado;Reta
quarta-feira;CE;Desobediencia nas normas de transito pelo condutor;Colisao transversal;Com Vitimas Feridas;Pleno dia;Chuva;Intersecao de vias
quarta-feira;DF;Nao guardar distancia de seguranca;Colisao lateral;Com Vitimas Feridas;Pleno dia;Ceu Claro;Reta
quarta-feira;PR;Desobediencia nas normas de transito pelo condutor;Colisao transversal;Com Vitimas Feridas;Pleno dia;Garoa/Chuvisco;Reta
quarta-feira;DF;Falta de Atencao Conducao;Colisao traseira;Com Vitimas Feridas;Pleno dia;Ceu Claro;Reta
quarta-feira;PB;Velocidade Incompativel;Colisao traseira;Com Vitimas Feridas;Pleno dia;Sol;Reta
quarta-feira;RS;Falta de Atencao do Pedestre;Saida de leito carrocavel;Com Vitimas Feridas;Amanhecer;Ceu Claro;Nao Informado
quarta-feira;ES;Falta de Atencao Conducao;Tombamento;Com Vitimas Feridas;Pleno dia;Ceu Claro;Reta
terca-feira;MG;Falta de Atencao Conducao;Colisao transversal;Com Vitimas Feridas;Pleno dia;Ceu Claro;Reta
quarta-feira;SC;Falta de Atencao Conducao;Colisao transversal;Com Vitimas Feridas;Pleno dia;Ceu Claro;Intersecao de vias
sabado;RS;Animais na Pista;Atropelamento de Animal;Com Vitimas Feridas;Plena Noite;Ceu Claro;Nao Informado
quarta-feira;RJ;Falta de Atencao Conducao;Colisao com objeto estatico;Com Vitimas Feridas;Pleno dia;Ceu Claro;Retorno Regulamentado
quarta-feira;RJ;Falta de Atencao Conducao;Colisao lateral;Com Vitimas Feridas;Pleno dia;Ceu Claro;Reta
quarta-feira;PR;Falta de Atencao Conducao;Colisao traseira;Com Vitimas Feridas;Pleno dia;Sol;Reta
segunda-feira;MG;Velocidade Incompativel;Saida de leito carrocavel;Sem Vitimas;Pleno dia;Chuva;Curva
terca-feira;ES;Condutor Dormindo;Colisao lateral;Com Vitimas Feridas;Pleno dia;Chuva;Reta
terca-feira;PI;Falta de Atencao Conducao;Colisao traseira;Com Vitimas Feridas;Pleno dia;Ceu Claro;Reta
quarta-feira;AL;Falta de Atencao Conducao;Colisao transversal;Com Vitimas Feridas;Pleno dia;Nublado;Reta
quarta-feira;CE;Falta de Atencao Conducao;Colisao traseira;Sem Vitimas;Pleno dia;Nublado;Curva
sabado;PR;Falta de Atencao do Pedestre;Atropelamento de Pedestre;Com Vitimas Feridas;Pleno dia;Ceu Claro;Reta
terca-feira;SC;Falta de Atencao Conducao;Colisao traseira;Com Vitimas Feridas;Plena Noite;Nublado;Reta
quarta-feira;PR;Velocidade Incompativel;Colisao traseira;Com Vitimas Feridas;Pleno dia;Sol;Nao Informado
quarta-feira;MG;Falta de Atencao Conducao;Colisao traseira;Com Vitimas Feridas;Pleno dia;Ceu Claro;Curva
quarta-feira;SP;Nao guardar distancia de seguranca;Colisao traseira;Com Vitimas Feridas;Pleno dia;Ceu Claro;Nao Informado
quarta-feira;ES;Nao guardar distancia de seguranca;Colisao traseira;Sem Vitimas;Pleno dia;Ceu Claro;Reta
quinta-feira;RS;Desobediencia nas normas de transito pelo condutor;Engavetamento;Com Vitimas Feridas;Plena Noite;Ceu Claro;Reta
quarta-feira;ES;Desobediencia nas normas de transito pelo condutor;Colisao frontal;Com Vitimas Feridas;Pleno dia;Ceu Claro;Reta
quarta-feira;DF;Condutor Dormindo;Colisao traseira;Com Vitimas Feridas;Pleno dia;Ceu Claro;Reta
quarta-feira;MT;Pista Escorregadia;Colisao transversal;Com Vitimas Feridas;Pleno dia;Chuva;Reta
domingo;PI;Falta de Atencao Conducao;Saida de leito carrocavel;Com Vitimas Feridas;Plena Noite;Ceu Claro;Reta
quarta-feira;MA;Desobediencia nas normas de transito pelo condutor;Colisao lateral;Com Vitimas Feridas;Pleno dia;Ceu Claro;Nao Informado
quarta-feira;PE;Desobediencia nas normas de transito pelo condutor;Colisao transversal;Com Vitimas Feridas;Pleno dia;Ceu Claro;Reta
quarta-feira;MT;Falta de Atencao Conducao;Capotamento;Sem Vitimas;Pleno dia;Ceu Claro;Reta
quarta-feira;PE;Falta de Atencao Conducao;Colisao transversal;Com Vitimas Feridas;Pleno dia;Ceu Claro;Reta
quarta-feira;MS;Avarias e/ou desgaste excessivo no pneu;Queda de ocupante de veiculo;Com Vitimas Feridas;Pleno dia;Nublado;Curva
quarta-feira;MS;Avarias e/ou desgaste excessivo no pneu;Saida de leito carrocavel;Com Vitimas Feridas;Pleno dia;Chuva;Curva
terca-feira;MA;Desobediencia nas normas de transito pelo condutor;Colisao lateral;Com Vitimas Feridas;Pleno dia;Nublado;Reta
quarta-feira;MA;Falta de Atencao Conducao;Colisao lateral;Com Vitimas Fatais;Amanhecer;Nublado;Reta
quarta-feira;RO;Falta de Atencao Conducao;Tombamento;Com Vitimas Feridas;Pleno dia;Ceu Claro;Reta
quarta-feira;MT;Animais na Pista;Capotamento;Com Vitimas Feridas;Pleno dia;Ceu Claro;Reta
quarta-feira;SP;Desobediencia nas normas de transito pelo condutor;Colisao transversal;Sem Vitimas;Pleno dia;Ceu Claro;Reta
quarta-feira;BA;Falta de Atencao Conducao;Saida de leito carrocavel;Com Vitimas Feridas;Pleno dia;Chuva;Reta
quarta-feira;MG;Falta de Atencao Conducao;Tombamento;Com Vitimas Feridas;Pleno dia;Sol;Nao Informado
quarta-feira;DF;Desobediencia nas normas de transito pelo condutor;Colisao traseira;Com Vitimas Feridas;Pleno dia;Ceu Claro;Reta
quarta-feira;PR;Falta de Atencao Conducao;Colisao frontal;Com Vitimas Feridas;Pleno dia;Ceu Claro;Reta
quarta-feira;MG;Ingestao de Alcool e/ou substancias psicoativas pelo pedestre;Atropelamento de Pedestre;Com Vitimas Feridas;Pleno dia;Ceu Claro;Reta
quarta-feira;PR;Velocidade Incompativel;Tombamento;Sem Vitimas;Pleno dia;Ceu Claro;Curva
quarta-feira;SC;Falta de Atencao Conducao;Colisao traseira;Com Vitimas Feridas;Pleno dia;Sol;Reta
quarta-feira;SC;Falta de Atencao Conducao;Colisao traseira;Com Vitimas Feridas;Pleno dia;Ceu Claro;Reta
quarta-feira;PR;Falta de Atencao Conducao;Colisao lateral;Com Vitimas Feridas;Pleno dia;Ceu Claro;Reta
quarta-feira;SC;Falta de Atencao Conducao;Colisao transversal;Com Vitimas Feridas;Pleno dia;Ceu Claro;Intersecao de vias
quarta-feira;SC;Falta de Atencao Conducao;Colisao lateral;Sem Vitimas;Pleno dia;Ceu Claro;Reta
quarta-feira;RN;Defeito na Via;Saida de leito carrocavel;Com Vitimas Feridas;Pleno dia;Ceu Claro;Reta
quarta-feira;MG;Falta de Atencao Conducao;Colisao traseira;Com Vitimas Feridas;Pleno dia;Chuva;Reta
quarta-feira;MG;Pista Escorregadia;Colisao frontal;Sem Vitimas;Pleno dia;Chuva;Curva
quarta-feira;PE;Falta de Atencao Conducao;Colisao transversal;Com Vitimas Fatais;Pleno dia;Sol;Reta
quarta-feira;RJ;Agressao Externa;Tombamento;Com Vitimas Feridas;Pleno dia;Ceu Claro;Reta
quarta-feira;PB;Condutor Dormindo;Colisao com objeto estatico;Com Vitimas Feridas;Pleno dia;Ceu Claro;Curva
quarta-feira;RS;Desobediencia nas normas de transito pelo condutor;Colisao transversal;Sem Vitimas;Pleno dia;Ceu Claro;Curva
quarta-feira;PI;Velocidade Incompativel;Colisao frontal;Com Vitimas Fatais;Pleno dia;Ceu Claro;Reta
quarta-feira;PE;Defeito Mecanico no Veiculo;Colisao lateral;Com Vitimas Feridas;Pleno dia;Ceu Claro;Reta
quarta-feira;SC;Falta de Atencao Conducao;Colisao lateral;Sem Vitimas;Pleno dia;Ceu Claro;Intersecao de vias
quarta-feira;BA;Carga excessiva e/ou mal acondicionada;Colisao com objeto em movimento;Com Vitimas Feridas;Pleno dia;Ceu Claro;Reta
quarta-feira;CE;Nao guardar distancia de seguranca;Colisao traseira;Com Vitimas Feridas;Pleno dia;Chuva;Nao Informado
quarta-feira;SC;Desobediencia nas normas de transito pelo condutor;Colisao transversal;Com Vitimas Feridas;Pleno dia;Ceu Claro;Intersecao de vias
quarta-feira;MG;Velocidade Incompativel;Saida de leito carrocavel;Com Vitimas Feridas;Pleno dia;Ceu Claro;Reta
quarta-feira;PE;Defeito na Via;Capotamento;Com Vitimas Feridas;Pleno dia;Chuva;Reta
quarta-feira;PR;Pista Escorregadia;Queda de ocupante de veiculo;Com Vitimas Feridas;Pleno dia;Nublado;Reta
quarta-feira;MG;Velocidade Incompativel;Colisao frontal;Com Vitimas Feridas;Pleno dia;Chuva;Curva
quarta-feira;SC;Falta de Atencao Conducao;Tombamento;Com Vitimas Feridas;Pleno dia;Ceu Claro;Nao Informado
quarta-feira;RS;Falta de Atencao do Pedestre;Atropelamento de Pedestre;Com Vitimas Feridas;Pleno dia;Ceu Claro;Reta
quarta-feira;PE;Falta de Atencao Conducao;Colisao traseira;Sem Vitimas;Pleno dia;Chuva;Reta
quarta-feira;RO;Falta de Atencao Conducao;Saida de leito carrocavel;Com Vitimas Feridas;Pleno dia;Chuva;Reta
quarta-feira;CE;Nao guardar distancia de seguranca;Colisao traseira;Com Vitimas Feridas;Pleno dia;Nublado;Reta
quarta-feira;PR;Falta de Atencao Conducao;Colisao transversal;Com Vitimas Feridas;Pleno dia;Ceu Claro;Reta
quarta-feira;CE;Falta de Atencao Conducao;Colisao transversal;Com Vitimas Feridas;Pleno dia;Nublado;Reta
quarta-feira;RJ;Pista Escorregadia;Queda de ocupante de veiculo;Com Vitimas Feridas;Pleno dia;Sol;Retorno Regulamentado
domingo;GO;Ingestao de Alcool;Colisao frontal;Com Vitimas Fatais;Plena Noite;Ceu Claro;Reta
quarta-feira;SC;Falta de Atencao Conducao;Colisao transversal;Com Vitimas Feridas;Pleno dia;Nublado;Nao Informado
quarta-feira;SC;Falta de Atencao Conducao;Colisao traseira;Com Vitimas Feridas;Anoitecer;Ceu Claro;Desvio Temporario
quarta-feira;MG;Falta de Atencao Conducao;Colisao transversal;Com Vitimas Feridas;Anoitecer;Ceu Claro;Reta
quarta-feira;RJ;Avarias e/ou desgaste excessivo no pneu;Queda de ocupante de veiculo;Com Vitimas Feridas;Pleno dia;Ceu Claro;Reta
quarta-feira;MG;Falta de Atencao Conducao;Colisao traseira;Com Vitimas Feridas;Pleno dia;Chuva;Reta
quarta-feira;RJ;Falta de Atencao Conducao;Capotamento;Com Vitimas Feridas;Pleno dia;Ceu Claro;Reta
quarta-feira;RS;Velocidade Incompativel;Capotamento;Com Vitimas Feridas;Pleno dia;Ceu Claro;Curva
quarta-feira;MG;Falta de Atencao Conducao;Queda de ocupante de veiculo;Com Vitimas Feridas;Anoitecer;Ignorado;Curva
quarta-feira;PB;Ingestao de Alcool;Colisao lateral;Com Vitimas Feridas;Plena Noite;Nublado;Reta
quarta-feira;MS;Falta de Atencao Conducao;Colisao frontal;Com Vitimas Feridas;Anoitecer;Nublado;Reta
quarta-feira;CE;Defeito Mecanico no Veiculo;Tombamento;Com Vitimas Feridas;Pleno dia;Ceu Claro;Reta
quarta-feira;ES;Falta de Atencao Conducao;Queda de ocupante de veiculo;Com Vitimas Feridas;Pleno dia;Ceu Claro;Curva
quarta-feira;SC;Desobedincia nas normas de transito pelo pedestre;Atropelamento de Pedestre;Com Vitimas Feridas;Anoitecer;Ceu Claro;Reta
quarta-feira;RN;Falta de Atencao Conducao;Colisao transversal;Sem Vitimas;Plena Noite;Chuva;Reta
quarta-feira;MT;Ingestao de Alcool;Colisao lateral;Sem Vitimas;Plena Noite;Chuva;Retorno Regulamentado
quarta-feira;SE;Ingestao de Alcool;Atropelamento de Animal;Com Vitimas Feridas;Plena Noite;Ignorado;Reta
quarta-feira;MT;Velocidade Incompativel;Colisao traseira;Com Vitimas Fatais;Plena Noite;Ceu Claro;Reta
quarta-feira;MG;Falta de Atencao Conducao;Colisao lateral;Com Vitimas Feridas;Anoitecer;Nublado;Intersecao de vias
quarta-feira;SE;Falta de Atencao Conducao;Queda de ocupante de veiculo;Com Vitimas Feridas;Plena Noite;Ignorado;Nao Informado
sexta-feira;RJ;Agressao Externa;Colisao lateral;Com Vitimas Feridas;Plena Noite;Nublado;Reta
quarta-feira;DF;Falta de Atencao Conducao;Colisao lateral;Com Vitimas Feridas;Plena Noite;Nublado;Reta
quarta-feira;MG;Falta de Atencao Conducao;Colisao traseira;Com Vitimas Feridas;Plena Noite;Nublado;Nao Informado
quarta-feira;GO;Falta de Atencao Conducao;Atropelamento de Pedestre;Com Vitimas Feridas;Plena Noite;Chuva;Reta
quarta-feira;PE;Falta de Atencao Conducao;Atropelamento de Pedestre;Com Vitimas Fatais;Plena Noite;Chuva;Reta
quarta-feira;RS;Falta de Atencao Conducao;Colisao traseira;Com Vitimas Feridas;Plena Noite;Nublado;Intersecao de vias
quarta-feira;MG;Falta de Atencao Conducao;Colisao traseira;Com Vitimas Feridas;Plena Noite;Ceu Claro;Desvio Temporario
quarta-feira;RO;Nao guardar distancia de seguranca;Colisao traseira;Com Vitimas Feridas;Pleno dia;Garoa/Chuvisco;Viaduto
quarta-feira;SC;Defeito Mecanico no Veiculo;Colisao com objeto estatico;Com Vitimas Feridas;Pleno dia;Ceu Claro;Curva
quarta-feira;MS;Ingestao de Alcool;Saida de leito carrocavel;Com Vitimas Feridas;Pleno dia;Sol;Reta
quarta-feira;PR;Desobediencia nas normas de transito pelo condutor;Colisao transversal;Com Vitimas Feridas;Plena Noite;Ceu Claro;Nao Informado
quarta-feira;GO;Falta de Atencao do Pedestre;Atropelamento de Pedestre;Com Vitimas Fatais;Plena Noite;Chuva;Nao Informado
quarta-feira;GO;Desobediencia nas normas de transito pelo condutor;Colisao lateral;Com Vitimas Feridas;Plena Noite;Chuva;Reta
segunda-feira;MG;Velocidade Incompativel;Saida de leito carrocavel;Sem Vitimas;Pleno dia;Ignorado;Reta
quarta-feira;GO;Defeito Mecanico no Veiculo;Incendio;Sem Vitimas;Anoitecer;Nublado;Reta
quarta-feira;ES;Desobediencia nas normas de transito pelo condutor;Colisao traseira;Com Vitimas Feridas;Plena Noite;Nublado;Reta
quarta-feira;GO;Fenomenos da Natureza;Incendio;Sem Vitimas;Anoitecer;Ceu Claro;Reta
quarta-feira;RJ;Falta de Atencao Conducao;Derramamento de carga;Sem Vitimas;Pleno dia;Nublado;Reta
quarta-feira;PE;Nao guardar distancia de seguranca;Queda de ocupante de veiculo;Com Vitimas Feridas;Plena Noite;Chuva;Curva
quarta-feira;RO;Defeito na Via;Saida de leito carrocavel;Com Vitimas Feridas;Plena Noite;Chuva;Curva
quarta-feira;RS;Falta de Atencao Conducao;Colisao frontal;Com Vitimas Feridas;Plena Noite;Ceu Claro;Curva
quarta-feira;PR;Falta de Atencao Conducao;Colisao transversal;Com Vitimas Feridas;Plena Noite;Ceu Claro;Desvio Temporario
quarta-feira;SC;Nao guardar distancia de seguranca;Colisao traseira;Com Vitimas Feridas;Plena Noite;Ceu Claro;Reta
quarta-feira;BA;Velocidade Incompativel;Saida de leito carrocavel;Com Vitimas Feridas;Plena Noite;Ceu Claro;Nao Informado
quarta-feira;SC;Falta de Atencao do Pedestre;Atropelamento de Pedestre;Com Vitimas Feridas;Pleno dia;Nublado;Reta
quarta-feira;SP;Falta de Atencao do Pedestre;Atropelamento de Pedestre;Com Vitimas Feridas;Plena Noite;Nublado;Reta
quarta-feira;SP;Nao guardar distancia de seguranca;Colisao traseira;Com Vitimas Feridas;Plena Noite;Ceu Claro;Reta
quarta-feira;SC;Desobediencia nas normas de transito pelo condutor;Colisao frontal;Com Vitimas Feridas;Plena Noite;Nublado;Reta
quarta-feira;RJ;Falta de Atencao Conducao;Atropelamento de Animal;Com Vitimas Feridas;Plena Noite;Ceu Claro;Reta
quarta-feira;SC;Falta de Atencao Conducao;Tombamento;Com Vitimas Feridas;Plena Noite;Ceu Claro;Nao Informado
quarta-feira;RJ;Falta de Atencao do Pedestre;Atropelamento de Pedestre;Com Vitimas Feridas;Plena Noite;Ceu Claro;Reta
quarta-feira;SC;Velocidade Incompativel;Tombamento;Com Vitimas Feridas;Plena Noite;Nublado;Curva
quarta-feira;PR;Agressao Externa;Saida de leito carrocavel;Com Vitimas Fatais;Plena Noite;Ceu Claro;Reta
quarta-feira;SC;Falta de Atencao Conducao;Colisao transversal;Com Vitimas Feridas;Plena Noite;Nublado;Reta
quarta-feira;SC;Desobediencia nas normas de transito pelo condutor;Colisao lateral;Sem Vitimas;Plena Noite;Nublado;Reta
quarta-feira;RJ;Falta de Atencao Conducao;Colisao com objeto estatico;Com Vitimas Feridas;Pleno dia;Ceu Claro;Reta
quarta-feira;MG;Velocidade Incompativel;Tombamento;Com Vitimas Feridas;Plena Noite;Ceu Claro;Curva
quarta-feira;MT;Velocidade Incompativel;Saida de leito carrocavel;Com Vitimas Feridas;Plena Noite;Ceu Claro;Reta
quarta-feira;SP;Falta de Atencao Conducao;Saida de leito carrocavel;Com Vitimas Feridas;Plena Noite;Ceu Claro;Curva
quarta-feira;SC;Falta de Atencao Conducao;Colisao frontal;Com Vitimas Feridas;Plena Noite;Nublado;Reta
quarta-feira;PR;Desobediencia nas normas de transito pelo condutor;Colisao com objeto estatico;Com Vitimas Feridas;Plena Noite;Nublado;Curva
quarta-feira;MT;Condutor Dormindo;Saida de leito carrocavel;Com Vitimas Feridas;Plena Noite;Nublado;Reta
quinta-feira;PB;Falta de Atencao Conducao;Colisao lateral;Com Vitimas Feridas;Plena Noite;Ceu Claro;Reta
quinta-feira;PR;Ingestao de Alcool;Colisao traseira;Com Vitimas Feridas;Plena Noite;Ceu Claro;Reta
quarta-feira;RO;Ingestao de Alcool;Queda de ocupante de veiculo;Com Vitimas Feridas;Plena Noite;Nublado;Reta
quarta-feira;SC;Falta de Atencao Conducao;Tombamento;Com Vitimas Feridas;Plena Noite;Ceu Claro;Reta