dia_semana;uf;causa_acidente;tipo_acidente;classificacao_acidente;fase_dia;condicao_metereologica;tracado_via
sexta-feira;SC;Falta de Atencao Conducao;Colisao transversal;Com Vitimas Feridas;Pleno dia;Sol;Reta
sexta-feira;RR;Falta de Atencao Conducao;Colisao lateral;Sem Vitimas;Pleno dia;Ceu Claro;Reta
sexta-feira;PR;Ultrapassagem Indevida;Colisao traseira;Com Vitimas Feridas;Pleno dia;Sol;Reta
sexta-feira;ES;Pista Escorregadia;Queda de ocupante de veiculo;Com Vitimas Feridas;Pleno dia;Ceu Claro;Curva
sexta-feira;SP;Falta de Atencao Conducao;Colisao traseira;Com Vitimas Feridas;Pleno dia;Ceu Claro;Reta
sexta-feira;ES;Desobediencia nas normas de transito pelo condutor;Colisao transversal;Com Vitimas Feridas;Pleno dia;Ceu Claro;Reta
sexta-feira;PR;Desobediencia nas normas de transito pelo condutor;Colisao transversal;Com Vitimas Feridas;Pleno dia;Sol;Nao Informado
sexta-feira;MG;Defeito Mecanico no Veiculo;Tombamento;Com Vitimas Feridas;Pleno dia;Nublado;Reta
sexta-feira;GO;Condutor Dormindo;Saida de leito carrocavel;Com Vitimas Feridas;Pleno dia;Garoa/Chuvisco;Reta
sexta-feira;SE;Mal Subito;Colisao com objeto estatico;Com Vitimas Feridas;Pleno dia;Ceu Claro;Ponte
sexta-feira;RO;Ultrapassagem Indevida;Colisao lateral;Com Vitimas Fatais;Pleno dia;Ceu Claro;Reta
sexta-feira;CE;Nao guardar distancia de seguranca;Colisao traseira;Sem Vitimas;Pleno dia;Ceu Claro;Nao Informado
sexta-feira;BA;Falta de Atencao Conducao;Colisao lateral;Com Vitimas Feridas;Pleno dia;Ceu Claro;Reta
sexta-feira;BA;Falta de Atencao Conducao;Colisao transversal;Com Vitimas Feridas;Pleno dia;Ceu Claro;Reta
quinta-feira;BA;Desobediencia nas normas de transito pelo condutor;Colisao frontal;Com Vitimas Feridas;Plena Noite;Ignorado;Reta
sexta-feira;PR;Falta de Atencao Conducao;Colisao com objeto estatico;Sem Vitimas;Pleno dia;Nublado;Reta
sexta-feira;BA;Falta de Atencao Conducao;Colisao transversal;Com Vitimas Feridas;Pleno dia;Ceu Claro;Reta
terca-feira;RJ;Falta de Atencao Conducao;Colisao lateral;Com Vitimas Feridas;Pleno dia;Ceu Claro;Reta
sexta-feira;MG;Falta de Atencao Conducao;Colisao transversal;Com Vitimas Feridas;Pleno dia;Ceu Claro;Reta
sexta-feira;PR;Mal Subito;Saida de leito carrocavel;Com Vitimas Feridas;Pleno dia;Nublado;Reta
sexta-feira;BA;Defeito Mecanico no Veiculo;Colisao lateral;Sem Vitimas;Pleno dia;Chuva;Curva
sexta-feira;ES;Ultrapassagem Indevida;Saida de leito carrocavel;Com Vitimas Feridas;Pleno dia;Ceu Claro;Reta
sexta-feira;SE;Falta de Atencao Conducao;Colisao traseira;Com Vitimas Feridas;Pleno dia;Ceu Claro;Retorno Regulamentado
sexta-feira;PE;Falta de Atencao do Pedestre;Atropelamento de Pedestre;Sem Vitimas;Pleno dia;Ceu Claro;Reta
sexta-feira;TO;Desobediencia nas normas de transito pelo condutor;Colisao lateral;Com Vitimas Feridas;Pleno dia;Ceu Claro;Intersecao de vias
sexta-feira;BA;Velocidade Incompativel;Capotamento;Sem Vitimas;Pleno dia;Chuva;Curva
sexta-feira;SC;Desobediencia nas normas de transito pelo condutor;Colisao transversal;Com Vitimas Feridas;Pleno dia;Ceu Claro;Reta
sexta-feira;RJ;Falta de Atencao Conducao;Saida de leito carrocavel;Com Vitimas Feridas;Pleno dia;Ceu Claro;Reta
sexta-feira;MG;Falta de Atencao Conducao;Queda de ocupante de veiculo;Com Vitimas Feridas;Pleno dia;Nublado;Nao Informado
sexta-feira;RS;Desobediencia nas normas de transito pelo condutor;Colisao lateral;Sem Vitimas;Pleno dia;Chuva;Curva
sexta-feira;MS;Ultrapassagem Indevida;Colisao frontal;Com Vitimas Fatais;Plena Noite;Ceu Claro;Nao Informado
sexta-feira;MS;Falta de Atencao Conducao;Colisao frontal;Com Vitimas Fatais;Pleno dia;Nublado;Curva
sexta-feira;TO;Falta de Atencao Conducao;Colisao lateral;Com Vitimas Feridas;Pleno dia;Ceu Claro;Nao Informado
sexta-feira;CE;Falta de Atencao Conducao;Colisao transversal;Com Vitimas Feridas;Pleno dia;Nublado;Intersecao de vias
sexta-feira;RJ;Desobediencia nas normas de transito pelo condutor;Colisao lateral;Com Vitimas Feridas;Pleno dia;Ceu Claro;Reta
sexta-feira;RJ;Desobediencia nas normas de transito pelo condutor;Atropelamento de Pedestre;Com Vitimas Feridas;Pleno dia;Ceu Claro;Reta
sexta-feira;BA;Falta de Atencao Conducao;Colisao transversal;Com Vitimas Feridas;Pleno dia;Ceu Claro;Reta
sexta-feira;PR;Defeito Mecanico no Veiculo;Queda de ocupante de veiculo;Com Vitimas Feridas;Pleno dia;Nublado;Curva
sexta-feira;MG;Velocidade Incompativel;Colisao frontal;Com Vitimas Feridas;Pleno dia;Garoa/Chuvisco;Curva
sexta-feira;SC;Nao guardar distancia de seguranca;Colisao traseira;Com Vitimas Feridas;Pleno dia;Nublado;Nao Informado
sexta-feira;GO;Defeito Mecanico no Veiculo;Saida de leito carrocavel;Com Vitimas Feridas;Pleno dia;Ceu Claro;Reta
sexta-feira;PI;Falta de Atencao Conducao;Colisao lateral;Com Vitimas Feridas;Pleno dia;Ceu Claro;Reta
sexta-feira;ES;Falta de Atencao Conducao;Colisao transversal;Com Vitimas Feridas;Pleno dia;Ceu Claro;Reta
segunda-feira;PA;Falta de Atencao Conducao;Colisao frontal;Com Vitimas Feridas;Pleno dia;Nublado;Reta
sexta-feira;MA;Nao guardar distancia de seguranca;Colisao traseira;Sem Vitimas;Pleno dia;Ceu Claro;Reta
sexta-feira;MG;Nao guardar distancia de seguranca;Saida de leito carrocavel;Com Vitimas Feridas;Pleno dia;Nublado;Reta
sexta-feira;MG;Falta de Atencao Conducao;Colisao transversal;Com Vitimas Feridas;Pleno dia;Ceu Claro;Rotatoria
sexta-feira;RN;Falta de Atencao Conducao;Saida de leito carrocavel;Com Vitimas Feridas;Pleno dia;Chuva;Reta
sexta-feira;SP;Falta de Atencao Conducao;Tombamento;Com Vitimas Feridas;Pleno dia;Nublado;Reta
quarta-feira;SP;Restricao de Visibilidade;Colisao lateral;Com Vitimas Feridas;Pleno dia;Ignorado;Reta
sexta-feira;PE;Falta de Atencao do Pedestre;Atropelamento de Pedestre;Com Vitimas Fatais;Pleno dia;Ceu Claro;Reta
sexta-feira;SC;Pista Escorregadia;Tombamento;Com Vitimas Feridas;Pleno dia;Chuva;Curva
sexta-feira;PE;Desobediencia nas normas de transito pelo condutor;Colisao frontal;Com Vitimas Feridas;Pleno dia;Nublado;Reta
sexta-feira;SE;Falta de Atencao Conducao;Colisao traseira;Com Vitimas Feridas;Pleno dia;Ceu Claro;Intersecao de vias
sexta-feira;PR;Falta de Atencao do Pedestre;Atropelamento de Pedestre;Com Vitimas Fatais;Pleno dia;Ceu Claro;Rotatoria
sexta-feira;MT;Falta de Atencao Conducao;Colisao transversal;Com Vitimas Feridas;Pleno dia;Nublado;Retorno Regulamentado
sexta-feira;MG;Velocidade Incompativel;Colisao lateral;Com Vitimas Feridas;Pleno dia;Ceu Claro;Curva
sexta-feira;BA;Velocidade Incompativel;Saida de leito carrocavel;Com Vitimas Feridas;Pleno dia;Ceu Claro;Curva
sexta-feira;PE;Falta de Atencao do Pedestre;Atropelamento de Pedestre;Com Vitimas Feridas;Pleno dia;Ceu Claro;Reta
sexta-feira;RJ;Falta de Atencao Conducao;Colisao com objeto em movimento;Com Vitimas Feridas;Pleno dia;Ceu Claro;Reta
sexta-feira;RS;Falta de Atencao do Pedestre;Atropelamento de Pedestre;Com Vitimas Feridas;Pleno dia;Garoa/Chuvisco;Reta
sexta-feira;PR;Falta de Atencao Conducao;Colisao lateral;Com Vitimas Feridas;Pleno dia;Nublado;Reta
sexta-feira;PB;Falta de Atencao do Pedestre;Atropelamento de Pedestre;Com Vitimas Feridas;Pleno dia;Nublado;Retorno Regulamentado
sexta-feira;PE;Nao guardar distancia de seguranca;Colisao traseira;Com Vitimas Feridas;Pleno dia;Sol;Reta
sexta-feira;MG;Falta de Atencao Conducao;Colisao traseira;Com Vitimas Feridas;Pleno dia;Ceu Claro;Ponte
sexta-feira;CE;Velocidade Incompativel;Capotamento;Com Vitimas Feridas;Pleno dia;Nublado;Curva
sexta-feira;MG;Desobediencia nas normas de transito pelo condutor;Colisao com objeto estatico;Com Vitimas Feridas;Pleno dia;Ceu Claro;Nao Informado
sexta-feira;PE;Ingestao de Alcool;Queda de ocupante de veiculo;Com Vitimas Feridas;Pleno dia;Ceu Claro;Reta
sexta-feira;RS;Falta de Atencao Conducao;Tombamento;Com Vitimas Feridas;Pleno dia;Nublado;Reta
sexta-feira;SP;Desobediencia nas normas de transito pelo condutor;Colisao traseira;Com Vitimas Feridas;Pleno dia;Nublado;Reta
sexta-feira;CE;Defeito na Via;Saida de leito carrocavel;Sem Vitimas;Pleno dia;Ceu Claro;Reta
sexta-feira;SC;Desobediencia nas normas de transito pelo condutor;Colisao traseira;Com Vitimas Feridas;Pleno dia;Ceu Claro;Reta
sexta-feira;GO;Defeito na Via;Saida de leito carrocavel;Com Vitimas Feridas;Pleno dia;Nublado;Retorno Regulamentado
sexta-feira;RJ;Falta de Atencao Conducao;Capotamento;Com Vitimas Feridas;Pleno dia;Ceu Claro;Curva
sexta-feira;SC;Nao guardar distancia de seguranca;Colisao lateral;Com Vitimas Feridas;Pleno dia;Chuva;Nao Informado
sexta-feira;RJ;Falta de Atencao Conducao;Colisao transversal;Com Vitimas Feridas;Pleno dia;Ceu Claro;Reta
sexta-feira;ES;Nao guardar distancia de seguranca;Colisao traseira;Sem Vitimas;Anoitecer;Ceu Claro;Reta
sexta-feira;GO;Mal Subito;Colisao traseira;Com Vitimas Feridas;Pleno dia;Ceu Claro;Nao Informado
sexta-feira;SC;Nao guardar distancia de seguranca;Colisao lateral;Com Vitimas Feridas;Pleno dia;Ceu Claro;Reta
sexta-feira;SC;Falta de Atencao Conducao;Colisao traseira;Com Vitimas Feridas;Pleno dia;Nublado;Reta
sexta-feira;SC;Falta de Atencao Conducao;Saida de leito carrocavel;Com Vitimas Feridas;Anoitecer;Ceu Claro;Reta
sexta-feira;ES;Velocidade Incompativel;Colisao frontal;Com Vitimas Feridas;Pleno dia;Ceu Claro;Curva
sexta-feira;SC;Velocidade Incompativel;Colisao transversal;Com Vitimas Feridas;Pleno dia;Ceu Claro;Rotatoria
sexta-feira;MG;Falta de Atencao Conducao;Colisao lateral;Com Vitimas Feridas;Anoitecer;Ceu Claro;Reta
sexta-feira;MG;Defeito Mecanico no Veiculo;Tombamento;Com Vitimas Feridas;Pleno dia;Ceu Claro;Reta
sexta-feira;RN;Ingestao de Alcool;Colisao frontal;Com Vitimas Feridas;Anoitecer;Ceu Claro;Viaduto
sexta-feira;MG;Velocidade Incompativel;Saida de leito carrocavel;Com Vitimas Feridas;Pleno dia;Chuva;Curva
sexta-feira;ES;Nao guardar distancia de seguranca;Colisao traseira;Sem Vitimas;Plena Noite;Ceu Claro;Nao Informado
sexta-feira;MG;Velocidade Incompativel;Saida de leito carrocavel;Com Vitimas Feridas;Pleno dia;Ceu Claro;Curva
sexta-feira;SC;Falta de Atencao Conducao;Colisao transversal;Sem Vitimas;Plena Noite;Garoa/Chuvisco;Nao Informado
sexta-feira;CE;Velocidade Incompativel;Engavetamento;Sem Vitimas;Plena Noite;Ceu Claro;Reta
sexta-feira;PR;Falta de Atencao Conducao;Colisao lateral;Com Vitimas Feridas;Plena Noite;Nublado;Nao Informado
sexta-feira;SC;Falta de Atencao do Pedestre;Atropelamento de Pedestre;Com Vitimas Fatais;Plena Noite;Nublado;Reta
sexta-feira;PR;Falta de Atencao Conducao;Colisao lateral;Com Vitimas Feridas;Plena Noite;Ceu Claro;Reta
sexta-feira;SC;Velocidade Incompativel;Saida de leito carrocavel;Sem Vitimas;Pleno dia;Nublado;Curva
sexta-feira;TO;Desobediencia nas normas de transito pelo condutor;Colisao transversal;Com Vitimas Feridas;Plena Noite;Nublado;Desvio Temporario
sexta-feira;PA;Ultrapassagem Indevida;Colisao lateral;Com Vitimas Feridas;Plena Noite;Nublado;Curva
sexta-feira;PB;Velocidade Incompativel;Colisao com objeto estatico;Com Vitimas Feridas;Plena Noite;Ceu Claro;Tunel
sexta-feira;SP;Falta de Atencao Conducao;Colisao traseira;Com Vitimas Feridas;Plena Noite;Ceu Claro;Reta
sexta-feira;MG;Desobediencia nas normas de transito pelo condutor;Colisao lateral;Com Vitimas Feridas;Plena Noite;Nublado;Reta
sexta-feira;MG;Avarias e/ou desgaste excessivo no pneu;Tombamento;Com Vitimas Feridas;Pleno dia;Ceu Claro;Curva
sexta-feira;MG;Falta de Atencao Conducao;Colisao lateral;Com Vitimas Feridas;Plena Noite;Ceu Claro;Curva
sexta-feira;BA;Nao guardar distancia de seguranca;Colisao traseira;Sem Vitimas;Plena Noite;Ceu Claro;Nao Informado
sexta-feira;PR;Falta de Atencao Conducao;Colisao lateral;Com Vitimas Feridas;Pleno dia;Nublado;Reta
sexta-feira;RJ;Nao guardar distancia de seguranca;Colisao traseira;Com Vitimas Feridas;Plena Noite;Ceu Claro;Desvio Temporario
sexta-feira;TO;Defeito Mecanico no Veiculo;Colisao com objeto estatico;Com Vitimas Feridas;Anoitecer;Nublado;Nao Informado
sexta-feira;SC;Falta de Atencao Conducao;Colisao lateral;Com Vitimas Feridas;Plena Noite;Nublado;Reta
sexta-feira;AL;Ultrapassagem Indevida;Colisao frontal;Com Vitimas Feridas;Pleno dia;Ceu Claro;Reta
sexta-feira;GO;Falta de Atencao Conducao;Saida de leito carrocavel;Sem Vitimas;Pleno dia;Ceu Claro;Reta
sexta-feira;SC;Falta de Atencao Conducao;Colisao transversal;Com Vitimas Feridas;Plena Noite;Ceu Claro;Reta
sexta-feira;RS;Restricao de Visibilidade;Colisao frontal;Com Vitimas Feridas;Plena Noite;Nublado;Nao Informado
sexta-feira;PR;Nao guardar distancia de seguranca;Saida de leito carrocavel;Sem Vitimas;Plena Noite;Ceu Claro;Nao Informado
sexta-feira;PR;Velocidade Incompativel;Colisao transversal;Com Vitimas Feridas;Pleno dia;Sol;Nao Informado
sexta-feira;MG;Nao guardar distancia de seguranca;Colisao traseira;Sem Vitimas;Plena Noite;Ceu Claro;Reta
sexta-feira;BA;Desobediencia nas normas de transito pelo condutor;Colisao transversal;Com Vitimas Feridas;Anoitecer;Nublado;Nao Informado
sexta-feira;BA;Defeito Mecanico no Veiculo;Saida de leito carrocavel;Com Vitimas Feridas;Pleno dia;Ceu Claro;Reta
sexta-feira;GO;Animais na Pista;Atropelamento de Animal;Com Vitimas Feridas;Plena Noite;Ceu Claro;Reta
sexta-feira;RJ;Falta de Atencao do Pedestre;Atropelamento de Pedestre;Com Vitimas Feridas;Plena Noite;Ceu Claro;Curva
sexta-feira;GO;Ultrapassagem Indevida;Colisao frontal;Com Vitimas Fatais;Plena Noite;Chuva;Reta
sexta-feira;GO;Pista Escorregadia;Saida de leito carrocavel;Com Vitimas Feridas;Pleno dia;Chuva;Reta
sexta-feira;GO;Condutor Dormindo;Saida de leito carrocavel;Com Vitimas Feridas;Plena Noite;Ceu Claro;Nao Informado
sexta-feira;SC;Falta de Atencao Conducao;Queda de ocupante de veiculo;Com Vitimas Feridas;Plena Noite;Chuva;Reta
sexta-feira;RO;Falta de Atencao Conducao;Colisao lateral;Sem Vitimas;Plena Noite;Garoa/Chuvisco;Reta
sexta-feira;GO;Desobediencia nas normas de transito pelo condutor;Colisao com objeto em movimento;Com Vitimas Fatais;Plena Noite;Nublado;Reta
sexta-feira;RR;Desobediencia nas normas de transito pelo condutor;Colisao lateral;Com Vitimas Feridas;Plena Noite;Ceu Claro;Intersecao de vias
sexta-feira;MG;Falta de Atencao Conducao;Colisao traseira;Com Vitimas Feridas;Plena Noite;Ceu Claro;Reta
sexta-feira;ES;Falta de Atencao Conducao;Queda de ocupante de veiculo;Com Vitimas Feridas;Plena Noite;Ceu Claro;Reta
sexta-feira;MT;Falta de Atencao Conducao;Colisao transversal;Com Vitimas Feridas;Plena Noite;Ceu Claro;Reta
sexta-feira;SP;Velocidade Incompativel;Tombamento;Com Vitimas Feridas;Plena Noite;Ceu Claro;Curva
sexta-feira;GO;Deficincia ou nao Acionamento do Sistema de Iluminacao/Sinalizacao do Veiculo;Colisao traseira;Com Vitimas Feridas;Plena Noite;Ceu Claro;Nao Informado
sexta-feira;PR;Desobediencia nas normas de transito pelo condutor;Colisao lateral;Com Vitimas Feridas;Plena Noite;Nublado;Curva
sexta-feira;RJ;Nao guardar distancia de seguranca;Queda de ocupante de veiculo;Com Vitimas Feridas;Plena Noite;Ceu Claro;Reta
sexta-feira;BA;Velocidade Incompativel;Saida de leito carrocavel;Com Vitimas Feridas;Plena Noite;Ceu Claro;Desvio Temporario
sexta-feira;RS;Desobediencia nas normas de transito pelo condutor;Colisao transversal;Com Vitimas Feridas;Plena Noite;Ceu Claro;Reta
sexta-feira;GO;Ingestao de Alcool;Capotamento;Com Vitimas Feridas;Plena Noite;Ceu Claro;Reta
sexta-feira;AL;Animais na Pista;Atropelamento de Animal;Com Vitimas Feridas;Plena Noite;Ceu Claro;Reta
sexta-feira;PR;Falta de Atencao Conducao;Capotamento;Com Vitimas Feridas;Plena Noite;Garoa/Chuvisco;Curva
sexta-feira;SC;Falta de Atencao Conducao;Colisao lateral;Com Vitimas Feridas;Plena Noite;Nublado;Curva
sexta-feira;SP;Defeito Mecanico no Veiculo;Tombamento;Com Vitimas Feridas;Plena Noite;Chuva;Intersecao de vias
sexta-feira;MT;Falta de Atencao Conducao;Colisao traseira;Com Vitimas Fatais;Plena Noite;Ignorado;Reta
sexta-feira;RS;Falta de Atencao do Pedestre;Atropelamento de Pedestre;Com Vitimas Feridas;Plena Noite;Chuva;Reta
sexta-feira;SC;Pista Escorregadia;Capotamento;Sem Vitimas;Plena Noite;Garoa/Chuvisco;Nao Informado
sexta-feira;ES;Falta de Atencao Conducao;Queda de ocupante de veiculo;Com Vitimas Feridas;Plena Noite;Ceu Claro;Reta
sexta-feira;MT;Ingestao de Alcool;Colisao transversal;Sem Vitimas;Plena Noite;Nublado;Reta
sexta-feira;SP;Falta de Atencao Conducao;Colisao com objeto estatico;Sem Vitimas;Plena Noite;Ceu Claro;Reta
sexta-feira;PR;Ingestao de Alcool;Saida de leito carrocavel;Sem Vitimas;Plena Noite;Garoa/Chuvisco;Reta
sexta-feira;SC;Falta de Atencao Conducao;Colisao frontal;Com Vitimas Feridas;Plena Noite;Chuva;Nao Informado
sexta-feira;PR;Desobediencia nas normas de transito pelo condutor;Colisao frontal;Com Vitimas Feridas;Plena Noite;Nublado;Nao Informado
sexta-feira;ES;Animais na Pista;Atropelamento de Animal;Com Vitimas Feridas;Pleno dia;Ceu Claro;Reta
sexta-feira;DF;Ingestao de Alcool;Colisao frontal;Com Vitimas Feridas;Plena Noite;Ignorado;Reta
sexta-feira;MS;Falta de Atencao Conducao;Queda de ocupante de veiculo;Com Vitimas Feridas;Plena Noite;Chuva;Nao Informado
sexta-feira;MG;Nao guardar distancia de seguranca;Engavetamento;Com Vitimas Feridas;Plena Noite;Ceu Claro;Reta
sexta-feira;MT;Pista Escorregadia;Saida de leito carrocavel;Com Vitimas Feridas;Plena Noite;Chuva;Reta
sexta-feira;PR;Falta de Atencao Conducao;Colisao traseira;Com Vitimas Feridas;Plena Noite;Nublado;Reta
segunda-feira;MT;Defeito Mecanico no Veiculo;Incendio;Sem Vitimas;Pleno dia;Ceu Claro;Reta
sexta-feira;PA;Falta de Atencao do Pedestre;Atropelamento de Pedestre;Com Vitimas Feridas;Plena Noite;Ceu Claro;Reta
sexta-feira;RJ;Falta de Atencao do Pedestre;Atropelamento de Pedestre;Com Vitimas Fatais;Plena Noite;Ceu Claro;Reta
sexta-feira;PR;Velocidade Incompativel;Saida de leito carrocavel;Com Vitimas Feridas;Plena Noite;Ceu Claro;Nao Informado
sabado;MG;Defeito Mecanico no Veiculo;Tombamento;Com Vitimas Feridas;Plena Noite;Ceu Claro;Reta
sexta-feira;PR;Falta de Atencao Conducao;Colisao frontal;Com Vitimas Fatais;Plena Noite;Nublado;Reta
sabado;SP;Defeito Mecanico no Veiculo;Incendio;Com Vitimas Feridas;Plena Noite;Ceu Claro;Reta
sabado;RS;Defeito Mecanico no Veiculo;Incendio;Sem Vitimas;Plena Noite;Ceu Claro;Reta
sabado;SP;Ingestao de Alcool;Colisao traseira;Com Vitimas Feridas;Plena Noite;Ceu Claro;Reta
sabado;SC;Falta de Atencao Conducao;Colisao lateral;Com Vitimas Feridas;Plena Noite;Nublado;Reta
sabado;RJ;Desobediencia nas normas de transito pelo condutor;Colisao transversal;Com Vitimas Feridas;Plena Noite;Ceu Claro;Intersecao de vias
sabado;PR;Ingestao de Alcool;Colisao traseira;Com Vitimas Feridas;Plena Noite;Ceu Claro;Reta
sabado;BA;Condutor Dormindo;Saida de leito carrocavel;Sem Vitimas;Plena Noite;Nublado;Curva
sabado;SC;Falta de Atencao Conducao;Saida de leito carrocavel;Com Vitimas Feridas;Plena Noite;Garoa/Chuvisco;Curva
sabado;GO;Velocidade Incompativel;Colisao traseira;Com Vitimas Feridas;Plena Noite;Garoa/Chuvisco;Reta
quinta-feira;GO;Velocidade Incompativel;Saida de leito carrocavel;Sem Vitimas;Plena Noite;Ignorado;Reta
sabado;MS;Falta de Atencao Conducao;Saida de leito carrocavel;Com Vitimas Feridas;Plena Noite;Chuva;Reta
sabado;GO;Ingestao de Alcool;Queda de ocupante de veiculo;Com Vitimas Feridas;Plena Noite;Chuva;Reta
sabado;MT;Pista Escorregadia;Saida de leito carrocavel;Com Vitimas Feridas;Plena Noite;Chuva;Curva
sabado;PR;Desobediencia nas normas de transito pelo condutor;Atropelamento de Pedestre;Com Vitimas Feridas;Pleno dia;Nublado;Reta
terca-feira;GO;Falta de Atencao Conducao;Queda de ocupante de veiculo;Com Vitimas Feridas;Pleno dia;Ceu Claro;Reta
sexta-feira;GO;Falta de Atencao Conducao;Colisao lateral;Com Vitimas Feridas;Plena Noite;Ceu Claro;Reta
sabado;PR;Ingestao de Alcool;Colisao traseira;Sem Vitimas;Plena Noite;Nublado;Reta
sexta-feira;SC;Velocidade Incompativel;Saida de leito carrocavel;Com Vitimas Feridas;Plena Noite;Chuva;Curva
sabado;GO;Ingestao de Alcool e/ou substancias psicoativas pelo pedestre;Colisao traseira;Com Vitimas Feridas;Plena Noite;Ceu Claro;Viaduto
sabado;PE;Condutor Dormindo;Saida de leito carrocavel;Com Vitimas Fatais;Amanhecer;Nublado;Curva
sabado;TO;Pista Escorregadia;Queda de ocupante de veiculo;Com Vitimas Feridas;Plena Noite;Ceu Claro;Reta
sabado;SP;Ingestao de Alcool e/ou substancias psicoativas pelo pedestre;Saida de leito carrocavel;Sem Vitimas;Plena Noite;Nublado;Nao Informado
sabado;SP;Falta de Atencao Conducao;Tombamento;Com Vitimas Feridas;Plena Noite;Ceu Claro;Reta
sabado;MG;Ingestao de Alcool;Tombamento;Com Vitimas Feridas;Plena Noite;Nublado;Reta
sabado;PR;Ingestao de Alcool;Saida de leito carrocavel;Com Vitimas Feridas;Amanhecer;Nublado;Reta
sabado;GO;Condutor Dormindo;Saida de leito carrocavel;Com Vitimas Feridas;Plena Noite;Ceu Claro;Reta
sabado;MA;Pista Escorregadia;Capotamento;Com Vitimas Feridas;Amanhecer;Chuva;Reta
sabado;PR;Ingestao de Alcool;Saida de leito carrocavel;Com Vitimas Feridas;Amanhecer;Nublado;Reta
sabado;SP;Desobediencia nas normas de transito pelo condutor;Colisao frontal;Com Vitimas Feridas;Amanhecer;Nublado;Reta
sabado;PR;Ingestao de Alcool;Queda de ocupante de veiculo;Com Vitimas Feridas;Plena Noite;Ceu Claro;Reta
sabado;CE;Ingestao de Alcool;Colisao traseira;Sem Vitimas;Amanhecer;Sol;Reta
sabado;SC;Falta de Atencao Conducao;Colisao com objeto estatico;Com Vitimas Feridas;Pleno dia;Nublado;Viaduto
sabado;SC;Condutor Dormindo;Colisao frontal;Com Vitimas Feridas;Amanhecer;Garoa/Chuvisco;Reta
sabado;SC;Falta de Atencao Conducao;Colisao lateral;Com Vitimas Feridas;Amanhecer;Ceu Claro;Curva
sabado;PE;Nao guardar distancia de seguranca;Colisao traseira;Com Vitimas Feridas;Pleno dia;Ceu Claro;Reta
sabado;ES;Falta de Atencao Conducao;Colisao frontal;Com Vitimas Fatais;Pleno dia;Ceu Claro;Nao Informado
sabado;BA;Condutor Dormindo;Saida de leito carrocavel;Sem Vitimas;Plena Noite;Nevoeiro/Neblina;Reta
sabado;RS;Ingestao de Alcool;Colisao com objeto estatico;Com Vitimas Feridas;Pleno dia;Garoa/Chuvisco;Intersecao de vias
sabado;DF;Falta de Atencao Conducao;Colisao transversal;Com Vitimas Feridas;Pleno dia;Chuva;Reta
sabado;PR;Desobediencia nas normas de transito pelo condutor;Saida de leito carrocavel;Com Vitimas Feridas;Amanhecer;Ceu Claro;Reta
sabado;MT;Ingestao de Alcool;Queda de ocupante de veiculo;Com Vitimas Feridas;Amanhecer;Nublado;Reta
sexta-feira;SC;Velocidade Incompativel;Colisao frontal;Com Vitimas Feridas;Pleno dia;Chuva;Nao Informado
sabado;SC;Desobedincia nas normas de transito pelo pedestre;Atropelamento de Pedestre;Com Vitimas Fatais;Plena Noite;Nublado;Nao Informado
sabado;MG;Desobediencia nas normas de transito pelo condutor;Colisao frontal;Com Vitimas Feridas;Plena Noite;Chuva;Reta
sexta-feira;BA;Defeito Mecanico no Veiculo;Queda de ocupante de veiculo;Com Vitimas Feridas;Anoitecer;Ceu Claro;Curva
sabado;SE;Falta de Atencao Conducao;Saida de leito carrocavel;Com Vitimas Feridas;Pleno dia;Ceu Claro;Reta
sabado;ES;Condutor Dormindo;Saida de leito carrocavel;Com Vitimas Feridas;Pleno dia;Sol;Reta
sabado;GO;Ingestao de Alcool;Colisao traseira;Com Vitimas Feridas;Amanhecer;Nublado;Reta
sabado;RO;Ingestao de Alcool;Colisao traseira;Com Vitimas Fatais;Amanhecer;Ceu Claro;Reta
quinta-feira;AL;Animais na Pista;Atropelamento de Animal;Sem Vitimas;Plena Noite;Ceu Claro;Reta
sabado;MG;Falta de Atencao Conducao;Saida de leito carrocavel;Com Vitimas Feridas;Pleno dia;Nublado;Reta
sabado;SC;Falta de Atencao Conducao;Colisao transversal;Com Vitimas Feridas;Pleno dia;Garoa/Chuvisco;Rotatoria
sabado;PB;Condutor Dormindo;Colisao lateral;Sem Vitimas;Pleno dia;Chuva;Reta
sabado;BA;Condutor Dormindo;Saida de leito carrocavel;Sem Vitimas;Pleno dia;Ceu Claro;Reta
sabado;PR;Falta de Atencao Conducao;Colisao transversal;Com Vitimas Feridas;Plena Noite;Nublado;Intersecao de vias
sabado;RJ;Falta de Atencao Conducao;Colisao traseira;Com Vitimas Feridas;Pleno dia;Ceu Claro;Curva
sabado;PR;Velocidade Incompativel;Saida de leito carrocavel;Com Vitimas Feridas;Pleno dia;Nevoeiro/Neblina;Curva
sabado;PR;Pista Escorregadia;Saida de leito carrocavel;Com Vitimas Feridas;Amanhecer;Chuva;Nao Informado
sabado;ES;Falta de Atencao Conducao;Colisao traseira;Com Vitimas Feridas;Pleno dia;Sol;Reta
sabado;SC;Desobediencia nas normas de transito pelo condutor;Colisao lateral;Com Vitimas Feridas;Pleno dia;Nublado;Reta