dia_semana;uf;causa_acidente;tipo_acidente;classificacao_acidente;fase_dia;condicao_metereologica;tracado_via
sabado;CE;Nao guardar distancia de seguranca;Colisao traseira;Com Vitimas Feridas;Pleno dia;Nublado;Reta
sabado;MT;Falta de Atencao Conducao;Colisao traseira;Com Vitimas Feridas;Plena Noite;Garoa/Chuvisco;Reta
sabado;GO;Falta de Atencao Conducao;Saida de leito carrocavel;Com Vitimas Feridas;Pleno dia;Ceu Claro;Reta
domingo;RS;Velocidade Incompativel;Saida de leito carrocavel;Com Vitimas Feridas;Plena Noite;Nublado;Reta
sabado;SP;Animais na Pista;Atropelamento de Animal;Com Vitimas Feridas;Pleno dia;Sol;Reta
sabado;RJ;Falta de Atencao Conducao;Queda de ocupante de veiculo;Com Vitimas Feridas;Pleno dia;Ceu Claro;Reta
sabado;MG;Velocidade Incompativel;Capotamento;Com Vitimas Feridas;Pleno dia;Chuva;Nao Informado
sabado;SP;Ingestao de Alcool;Saida de leito carrocavel;Sem Vitimas;Pleno dia;Sol;Nao Informado
quinta-feira;MG;Condutor Dormindo;Colisao traseira;Com Vitimas Feridas;Pleno dia;Nublado;Reta
sabado;GO;Nao guardar distancia de seguranca;Colisao traseira;Com Vitimas Feridas;Pleno dia;Nublado;Reta
sabado;ES;Desobediencia nas normas de transito pelo condutor;Colisao transversal;Com Vitimas Feridas;Pleno dia;Ceu Claro;Intersecao de vias
terca-feira;BA;Ultrapassagem Indevida;Saida de leito carrocavel;Com Vitimas Feridas;Pleno dia;Ceu Claro;Reta
sabado;RJ;Falta de Atencao Conducao;Tombamento;Com Vitimas Feridas;Pleno dia;Ceu Claro;Reta
quarta-feira;SC;Falta de Atencao Conducao;Colisao lateral;Com Vitimas Feridas;Pleno dia;Ceu Claro;Reta
sabado;PR;Falta de Atencao do Pedestre;Atropelamento de Pedestre;Com Vitimas Feridas;Pleno dia;Ceu Claro;Nao Informado
sabado;RS;Desobediencia nas normas de transito pelo condutor;Colisao transversal;Com Vitimas Feridas;Pleno dia;Nublado;Nao Informado
sabado;SC;Falta de Atencao Conducao;Colisao traseira;Com Vitimas Feridas;Pleno dia;Sol;Reta
sabado;MG;Falta de Atencao Conducao;Colisao traseira;Com Vitimas Feridas;Pleno dia;Ceu Claro;Nao Informado
sexta-feira;GO;Desobediencia nas normas de transito pelo condutor;Colisao traseira;Com Vitimas Feridas;Pleno dia;Nevoeiro/Neblina;Reta
sabado;GO;Ingestao de Alcool;Colisao traseira;Sem Vitimas;Pleno dia;Chuva;Reta
sexta-feira;PB;Falta de Atencao Conducao;Colisao transversal;Com Vitimas Feridas;Pleno dia;Ceu Claro;Reta
sabado;RJ;Falta de Atencao Conducao;Colisao traseira;Com Vitimas Feridas;Pleno dia;Ceu Claro;Reta
sabado;MG;Nao guardar distancia de seguranca;Colisao frontal;Com Vitimas Feridas;Pleno dia;Nublado;Reta
sabado;CE;Falta de Atencao Conducao;Colisao lateral;Com Vitimas Feridas;Pleno dia;Nublado;Curva
sabado;SC;Velocidade Incompativel;Colisao com objeto estatico;Com Vitimas Feridas;Pleno dia;Chuva;Curva
sabado;SC;Velocidade Incompativel;Colisao lateral;Com Vitimas Feridas;Pleno dia;Chuva;Curva
sabado;MG;Falta de Atencao Conducao;Colisao lateral;Com Vitimas Feridas;Pleno dia;Ceu Claro;Reta
sabado;DF;Falta de Atencao Conducao;Colisao lateral;Com Vitimas Feridas;Pleno dia;Ceu Claro;Retorno Regulamentado
sabado;ES;Falta de Atencao Conducao;Colisao traseira;Com Vitimas Feridas;Pleno dia;Sol;Reta
sabado;SC;Falta de Atencao Conducao;Colisao traseira;Sem Vitimas;Pleno dia;Ceu Claro;Intersecao de vias
sabado;TO;Condutor Dormindo;Saida de leito carrocavel;Sem Vitimas;Pleno dia;Ceu Claro;Curva
sabado;RJ;Falta de Atencao Conducao;Colisao traseira;Com Vitimas Feridas;Pleno dia;Sol;Nao Informado
sabado;GO;Pista Escorregadia;Saida de leito carrocavel;Com Vitimas Feridas;Pleno dia;Chuva;Reta
sabado;BA;Velocidade Incompativel;Tombamento;Com Vitimas Fatais;Pleno dia;Ceu Claro;Ponte
sabado;GO;Falta de Atencao Conducao;Tombamento;Com Vitimas Feridas;Pleno dia;Sol;Curva
sabado;SC;Desobediencia nas normas de transito pelo condutor;Colisao lateral;Com Vitimas Feridas;Pleno dia;Nublado;Reta
sabado;SC;Pista Escorregadia;Saida de leito carrocavel;Com Vitimas Feridas;Pleno dia;Chuva;Curva
sabado;PR;Desobediencia nas normas de transito pelo condutor;Saida de leito carrocavel;Sem Vitimas;Pleno dia;Nublado;Reta
sabado;RN;Falta de Atencao Conducao;Colisao lateral;Com Vitimas Feridas;Pleno dia;Nublado;Nao Informado
sabado;PR;Falta de Atencao Conducao;Colisao lateral;Com Vitimas Feridas;Pleno dia;Garoa/Chuvisco;Reta
sabado;RO;Falta de Atencao Conducao;Colisao transversal;Com Vitimas Feridas;Pleno dia;Nevoeiro/Neblina;Rotatoria
sabado;RS;Desobediencia nas normas de transito pelo condutor;Colisao transversal;Com Vitimas Feridas;Pleno dia;Chuva;Curva
sabado;BA;Falta de Atencao Conducao;Colisao traseira;Com Vitimas Feridas;Pleno dia;Ceu Claro;Reta
sabado;BA;Falta de Atencao Conducao;Capotamento;Com Vitimas Feridas;Pleno dia;Ceu Claro;Reta
sabado;RJ;Falta de Atencao Conducao;Queda de ocupante de veiculo;Com Vitimas Feridas;Pleno dia;Ceu Claro;Reta
sabado;RJ;Desobediencia nas normas de transito pelo condutor;Colisao frontal;Com Vitimas Fatais;Pleno dia;Ceu Claro;Reta
sabado;RS;Desobediencia nas normas de transito pelo condutor;Colisao lateral;Com Vitimas Feridas;Pleno dia;Ceu Claro;Reta
sabado;BA;Desobediencia nas normas de transito pelo condutor;Colisao transversal;Com Vitimas Feridas;Pleno dia;Sol;Reta
sabado;PR;Defeito Mecanico no Veiculo;Saida de leito carrocavel;Com Vitimas Feridas;Pleno dia;Ceu Claro;Reta
sabado;BA;Falta de Atencao Conducao;Colisao traseira;Com Vitimas Feridas;Pleno dia;Nublado;Reta
sabado;PR;Falta de Atencao Conducao;Colisao traseira;Com Vitimas Feridas;Pleno dia;Ceu Claro;Desvio Temporario
sabado;PI;Desobediencia nas normas de transito pelo condutor;Colisao lateral;Com Vitimas Feridas;Pleno dia;Chuva;Reta
sabado;MS;Falta de Atencao Conducao;Queda de ocupante de veiculo;Com Vitimas Feridas;Pleno dia;Chuva;Nao Informado
quarta-feira;BA;Sinalizacao da via insuficiente ou inadequada;Colisao transversal;Com Vitimas Feridas;Pleno dia;Ceu Claro;Rotatoria
sabado;SP;Velocidade Incompativel;Colisao com objeto estatico;Com Vitimas Feridas;Pleno dia;Chuva;Curva
sabado;MG;Velocidade Incompativel;Colisao frontal;Com Vitimas Feridas;Pleno dia;Chuva;Curva
sabado;MG;Ingestao de Alcool;Saida de leito carrocavel;Com Vitimas Feridas;Pleno dia;Sol;Nao Informado
sabado;RN;Falta de Atencao Conducao;Queda de ocupante de veiculo;Com Vitimas Feridas;Pleno dia;Chuva;Reta
sabado;PR;Ingestao de Alcool;Colisao traseira;Com Vitimas Feridas;Pleno dia;Nublado;Reta
sabado;PR;Falta de Atencao Conducao;Colisao traseira;Com Vitimas Feridas;Pleno dia;Garoa/Chuvisco;Reta
sabado;PR;Ingestao de Alcool;Colisao traseira;Com Vitimas Feridas;Pleno dia;Ceu Claro;Reta
sabado;RJ;Velocidade Incompativel;Saida de leito carrocavel;Com Vitimas Feridas;Pleno dia;Sol;Curva
sabado;MA;Falta de Atencao Conducao;Colisao traseira;Sem Vitimas;Pleno dia;Ceu Claro;Reta
sabado;RJ;Falta de Atencao Conducao;Colisao traseira;Sem Vitimas;Pleno dia;Ceu Claro;Reta
sabado;MT;Pista Escorregadia;Queda de ocupante de veiculo;Com Vitimas Feridas;Pleno dia;Chuva;Reta
sabado;MG;Defeito Mecanico no Veiculo;Colisao lateral;Com Vitimas Feridas;Pleno dia;Chuva;Reta
sabado;MG;Falta de Atencao Conducao;Colisao traseira;Sem Vitimas;Pleno dia;Ceu Claro;Reta
sabado;RS;Defeito Mecanico no Veiculo;Colisao transversal;Sem Vitimas;Pleno dia;Garoa/Chuvisco;Nao Informado
sabado;PB;Velocidade Incompativel;Colisao lateral;Sem Vitimas;Pleno dia;Ceu Claro;Curva
terca-feira;PR;Desobediencia nas normas de transito pelo condutor;Colisao com objeto estatico;Sem Vitimas;Amanhecer;Ignorado;Reta
sabado;SC;Velocidade Incompativel;Saida de leito carrocavel;Com Vitimas Feridas;Pleno dia;Chuva;Nao Informado
sabado;SC;Velocidade Incompativel;Saida de leito carrocavel;Sem Vitimas;Pleno dia;Garoa/Chuvisco;Curva
sabado;GO;Defeito Mecanico no Veiculo;Queda de ocupante de veiculo;Com Vitimas Feridas;Pleno dia;Ceu Claro;Reta
sabado;PR;Pista Escorregadia;Saida de leito carrocavel;Com Vitimas Feridas;Pleno dia;Garoa/Chuvisco;Curva
sabado;BA;Ingestao de Alcool;Saida de leito carrocavel;Com Vitimas Feridas;Pleno dia;Ceu Claro;Reta
sabado;BA;Nao guardar distancia de seguranca;Colisao traseira;Com Vitimas Fatais;Pleno dia;Nublado;Reta
sabado;MG;Falta de Atencao Conducao;Saida de leito carrocavel;Com Vitimas Feridas;Pleno dia;Chuva;Reta
sabado;GO;Falta de Atencao Conducao;Saida de leito carrocavel;Com Vitimas Feridas;Pleno dia;Ceu Claro;Reta
sabado;ES;Falta de Atencao Conducao;Colisao transversal;Com Vitimas Fatais;Pleno dia;Ceu Claro;Intersecao de vias
sabado;SC;Falta de Atencao Conducao;Colisao traseira;Com Vitimas Feridas;Pleno dia;Ceu Claro;Reta
sabado;SE;Falta de Atencao Conducao;Colisao traseira;Com Vitimas Feridas;Pleno dia;Ceu Claro;Reta
sabado;GO;Ingestao de Alcool e/ou substancias psicoativas pelo pedestre;Atropelamento de Pedestre;Com Vitimas Fatais;Pleno dia;Nublado;Reta
sabado;MG;Nao guardar distancia de seguranca;Colisao lateral;Com Vitimas Feridas;Pleno dia;Ceu Claro;Reta
sabado;SC;Desobediencia nas normas de transito pelo condutor;Colisao transversal;Com Vitimas Feridas;Pleno dia;Chuva;Viaduto
sabado;PB;Velocidade Incompativel;Colisao traseira;Sem Vitimas;Pleno dia;Ceu Claro;Retorno Regulamentado
sabado;SC;Pista Escorregadia;Colisao transversal;Com Vitimas Feridas;Pleno dia;Chuva;Curva
sabado;PE;Ingestao de Alcool;Colisao lateral;Sem Vitimas;Pleno dia;Ceu Claro;Nao Informado
sabado;PR;Falta de Atencao Conducao;Colisao transversal;Com Vitimas Feridas;Anoitecer;Nublado;Rotatoria
sabado;MG;Velocidade Incompativel;Queda de ocupante de veiculo;Com Vitimas Feridas;Pleno dia;Ceu Claro;Curva
sabado;RJ;Defeito Mecanico no Veiculo;Incendio;Sem Vitimas;Pleno dia;Nublado;Reta
sabado;ES;Falta de Atencao Conducao;Colisao traseira;Com Vitimas Feridas;Pleno dia;Ceu Claro;Reta
sabado;SP;Falta de Atencao Conducao;Saida de leito carrocavel;Sem Vitimas;Pleno dia;Nublado;Desvio Temporario
sabado;CE;Desobediencia nas normas de transito pelo condutor;Colisao transversal;Com Vitimas Feridas;Anoitecer;Ceu Claro;Nao Informado
sabado;PA;Velocidade Incompativel;Colisao transversal;Com Vitimas Feridas;Anoitecer;Ceu Claro;Desvio Temporario
sabado;MG;Falta de Atencao Conducao;Colisao com objeto estatico;Com Vitimas Feridas;Anoitecer;Vento;Curva
sabado;PE;Ingestao de Alcool;Colisao frontal;Com Vitimas Feridas;Plena Noite;Ceu Claro;Curva
sabado;RJ;Falta de Atencao Conducao;Colisao traseira;Com Vitimas Fatais;Plena Noite;Ceu Claro;Reta
sabado;ES;Desobediencia nas normas de transito pelo condutor;Colisao transversal;Com Vitimas Feridas;Plena Noite;Ceu Claro;Nao Informado
sabado;AL;Ingestao de Alcool;Colisao traseira;Com Vitimas Feridas;Anoitecer;Ceu Claro;Reta
sabado;PA;Falta de Atencao Conducao;Colisao transversal;Com Vitimas Feridas;Anoitecer;Ceu Claro;Reta
sabado;MT;Falta de Atencao Conducao;Saida de leito carrocavel;Com Vitimas Feridas;Pleno dia;Nublado;Curva
sabado;SP;Defeito Mecanico no Veiculo;Queda de ocupante de veiculo;Com Vitimas Feridas;Plena Noite;Nublado;Reta
sabado;SP;Falta de Atencao Conducao;Colisao traseira;Com Vitimas Feridas;Pleno dia;Garoa/Chuvisco;Reta
sabado;SP;Falta de Atencao Conducao;Colisao traseira;Com Vitimas Feridas;Plena Noite;Chuva;Reta
sabado;PR;Pista Escorregadia;Colisao traseira;Com Vitimas Feridas;Pleno dia;Chuva;Desvio Temporario
sabado;CE;Ingestao de Alcool;Saida de leito carrocavel;Com Vitimas Feridas;Plena Noite;Ceu Claro;Curva
sabado;GO;Velocidade Incompativel;Saida de leito carrocavel;Sem Vitimas;Pleno dia;Ceu Claro;Curva
sabado;GO;Ingestao de Alcool;Colisao traseira;Com Vitimas Feridas;Plena Noite;Nublado;Reta
sabado;PR;Ingestao de Alcool;Colisao traseira;Com Vitimas Feridas;Plena Noite;Garoa/Chuvisco;Reta
sabado;GO;Falta de Atencao Conducao;Colisao transversal;Com Vitimas Feridas;Plena Noite;Nublado;Intersecao de vias
sabado;RS;Ingestao de Alcool;Colisao frontal;Com Vitimas Fatais;Plena Noite;Nublado;Curva
sabado;SC;Ingestao de Alcool;Saida de leito carrocavel;Sem Vitimas;Plena Noite;Chuva;Curva
sabado;RJ;Desobediencia nas normas de transito pelo condutor;Colisao transversal;Com Vitimas Feridas;Anoitecer;Ceu Claro;Reta
sabado;PR;Pista Escorregadia;Capotamento;Com Vitimas Feridas;Plena Noite;Chuva;Curva
sabado;ES;Desobediencia nas normas de transito pelo condutor;Colisao transversal;Com Vitimas Feridas;Plena Noite;Ceu Claro;Reta
sabado;PR;Nao guardar distancia de seguranca;Colisao traseira;Com Vitimas Feridas;Pleno dia;Chuva;Curva
sabado;MS;Restricao de Visibilidade;Colisao traseira;Sem Vitimas;Plena Noite;Ceu Claro;Reta
sabado;MT;Ingestao de Alcool;Saida de leito carrocavel;Sem Vitimas;Plena Noite;Chuva;Reta
sabado;RS;Ultrapassagem Indevida;Colisao frontal;Com Vitimas Feridas;Anoitecer;Nublado;Reta
sabado;ES;Ingestao de Alcool;Queda de ocupante de veiculo;Com Vitimas Feridas;Plena Noite;Ceu Claro;Reta
sabado;RS;Animais na Pista;Atropelamento de Animal;Com Vitimas Feridas;Plena Noite;Garoa/Chuvisco;Curva
sabado;RS;Desobediencia nas normas de transito pelo condutor;Colisao transversal;Sem Vitimas;Plena Noite;Garoa/Chuvisco;Nao Informado
sabado;AC;Desobediencia nas normas de transito pelo condutor;Colisao traseira;Sem Vitimas;Plena Noite;Ceu Claro;Reta
sabado;SC;Defeito Mecanico no Veiculo;Incendio;Sem Vitimas;Plena Noite;Chuva;Curva
sabado;BA;Pista Escorregadia;Tombamento;Com Vitimas Feridas;Plena Noite;Ceu Claro;Reta
sabado;MT;Falta de Atencao Conducao;Colisao lateral;Com Vitimas Feridas;Pleno dia;Nublado;Reta
sabado;SP;Desobediencia nas normas de transito pelo condutor;Colisao transversal;Com Vitimas Feridas;Plena Noite;Garoa/Chuvisco;Reta
sabado;PR;Falta de Atencao Conducao;Colisao traseira;Com Vitimas Feridas;Plena Noite;Nevoeiro/Neblina;Desvio Temporario
sabado;SP;Falta de Atencao Conducao;Colisao lateral;Sem Vitimas;Plena Noite;Garoa/Chuvisco;Desvio Temporario
sabado;RJ;Ingestao de Alcool;Atropelamento de Pedestre;Com Vitimas Feridas;Anoitecer;Ceu Claro;Reta
sabado;PR;Ingestao de Alcool;Colisao com objeto estatico;Sem Vitimas;Plena Noite;Chuva;Curva
sabado;AM;Falta de Atencao Conducao;Colisao traseira;Com Vitimas Fatais;Plena Noite;Ceu Claro;Reta
sabado;PI;Animais na Pista;Atropelamento de Animal;Com Vitimas Feridas;Plena Noite;Ceu Claro;Reta
sabado;MG;Ingestao de Alcool;Colisao com objeto estatico;Com Vitimas Feridas;Plena Noite;Ceu Claro;Reta
sabado;MG;Pista Escorregadia;Saida de leito carrocavel;Com Vitimas Feridas;Pleno dia;Chuva;Nao Informado
sabado;SC;Ingestao de Alcool;Saida de leito carrocavel;Com Vitimas Feridas;Plena Noite;Chuva;Reta
sabado;GO;Ingestao de Alcool;Colisao com objeto estatico;Sem Vitimas;Plena Noite;Ceu Claro;Reta
sabado;RS;Desobedincia nas normas de transito pelo pedestre;Atropelamento de Pedestre;Com Vitimas Fatais;Plena Noite;Garoa/Chuvisco;Reta
sabado;MG;Desobediencia nas normas de transito pelo condutor;Tombamento;Sem Vitimas;Pleno dia;Chuva;Nao Informado
sabado;MS;Falta de Atencao Conducao;Capotamento;Com Vitimas Feridas;Plena Noite;Nublado;Curva
sabado;MG;Velocidade Incompativel;Saida de leito carrocavel;Sem Vitimas;Plena Noite;Chuva;Reta
sabado;PR;Ingestao de Alcool;Colisao frontal;Sem Vitimas;Plena Noite;Nublado;Reta
sabado;PR;Velocidade Incompativel;Colisao com objeto estatico;Sem Vitimas;Plena Noite;Chuva;Curva
sabado;GO;Ingestao de Alcool;Saida de leito carrocavel;Com Vitimas Feridas;Plena Noite;Ignorado;Nao Informado
sabado;PR;Ingestao de Alcool;Capotamento;Com Vitimas Feridas;Plena Noite;Nevoeiro/Neblina;Curva
sabado;RS;Pista Escorregadia;Colisao frontal;Com Vitimas Fatais;Plena Noite;Chuva;Nao Informado
sabado;PI;Ingestao de Alcool;Colisao lateral;Com Vitimas Feridas;Plena Noite;Garoa/Chuvisco;Nao Informado
sabado;DF;Ingestao de Alcool;Saida de leito carrocavel;Com Vitimas Feridas;Plena Noite;Nublado;Reta
sabado;CE;Falta de Atencao Conducao;Colisao transversal;Com Vitimas Feridas;Plena Noite;Chuva;Reta
sabado;PB;Desobediencia nas normas de transito pelo condutor;Colisao transversal;Sem Vitimas;Plena Noite;Ceu Claro;Intersecao de vias
sabado;SP;Ingestao de Alcool;Colisao traseira;Com Vitimas Feridas;Plena Noite;Chuva;Reta
sabado;SC;Desobediencia nas normas de transito pelo condutor;Colisao lateral;Com Vitimas Feridas;Plena Noite;Chuva;Reta
sabado;PB;Falta de Atencao Conducao;Colisao com objeto estatico;Com Vitimas Feridas;Plena Noite;Nublado;Reta
sabado;SC;Ingestao de Alcool;Colisao frontal;Com Vitimas Fatais;Plena Noite;Chuva;Reta
sabado;MG;Condutor Dormindo;Colisao frontal;Com Vitimas Feridas;Plena Noite;Nublado;Reta
sabado;RJ;Desobedincia nas normas de transito pelo pedestre;Atropelamento de Pedestre;Com Vitimas Feridas;Plena Noite;Ceu Claro;Reta
sabado;MA;Ultrapassagem Indevida;Colisao frontal;Com Vitimas Feridas;Plena Noite;Ceu Claro;Reta
sabado;PE;Falta de Atencao Conducao;Colisao traseira;Com Vitimas Feridas;Plena Noite;Ceu Claro;Reta
sabado;SP;Falta de Atencao Conducao;Colisao com objeto estatico;Com Vitimas Feridas;Plena Noite;Chuva;Reta
sabado;PR;Desobediencia nas normas de transito pelo condutor;Colisao frontal;Com Vitimas Feridas;Plena Noite;Nublado;Intersecao de vias
sabado;SC;Falta de Atencao Conducao;Colisao traseira;Com Vitimas Feridas;Plena Noite;Chuva;Nao Informado
sabado;PR;Falta de Atencao Conducao;Saida de leito carrocavel;Sem Vitimas;Plena Noite;Garoa/Chuvisco;Curva
sabado;BA;Condutor Dormindo;Saida de leito carrocavel;Sem Vitimas;Plena Noite;Ceu Claro;Nao Informado
sabado;RJ;Ingestao de Alcool;Colisao traseira;Sem Vitimas;Plena Noite;Ceu Claro;Reta
domingo;RS;Desobediencia nas normas de transito pelo condutor;Colisao transversal;Com Vitimas Feridas;Plena Noite;Ceu Claro;Intersecao de vias
sabado;PI;Falta de Atencao Conducao;Colisao transversal;Sem Vitimas;Plena Noite;Chuva;Reta
sabado;SC;Velocidade Incompativel;Saida de leito carrocavel;Sem Vitimas;Plena Noite;Garoa/Chuvisco;Nao Informado
domingo;PR;Falta de Atencao do Pedestre;Atropelamento de Pedestre;Com Vitimas Feridas;Plena Noite;Nublado;Reta
domingo;MG;Condutor Dormindo;Colisao com objeto estatico;Sem Vitimas;Plena Noite;Chuva;Nao Informado
sabado;AL;Velocidade Incompativel;Colisao com objeto estatico;Com Vitimas Feridas;Plena Noite;Ceu Claro;Reta
sabado;PR;Ingestao de Alcool;Colisao traseira;Com Vitimas Feridas;Plena Noite;Chuva;Reta
sabado;RR;Ingestao de Alcool e/ou substancias psicoativas pelo pedestre;Saida de leito carrocavel;Sem Vitimas;Plena Noite;Ceu Claro;Reta
sabado;MG;Falta de Atencao Conducao;Colisao transversal;Com Vitimas Feridas;Plena Noite;Ceu Claro;Nao Informado
sabado;ES;Defeito Mecanico no Veiculo;Incendio;Sem Vitimas;Pleno dia;Ceu Claro;Reta
domingo;MG;Falta de Atencao Conducao;Colisao transversal;Com Vitimas Feridas;Plena Noite;Garoa/Chuvisco;Intersecao de vias
sabado;RS;Ingestao de Alcool;Colisao traseira;Sem Vitimas;Plena Noite;Nublado;Reta
domingo;SP;Falta de Atencao Conducao;Colisao traseira;Com Vitimas Feridas;Plena Noite;Chuva;Reta
sabado;SC;Ingestao de Alcool;Colisao com objeto estatico;Sem Vitimas;Plena Noite;Chuva;Reta
sabado;MG;Avarias e/ou desgaste excessivo no pneu;Colisao com objeto estatico;Sem Vitimas;Plena Noite;Chuva;Curva
domingo;BA;Falta de Atencao Conducao;Colisao com objeto estatico;Com Vitimas Fatais;Plena Noite;Ceu Claro;Curva
domingo;MS;Ingestao de Alcool;Colisao com objeto estatico;Sem Vitimas;Plena Noite;Nublado;Reta
domingo;RJ;Falta de Atencao Conducao;Saida de leito carrocavel;Com Vitimas Feridas;Plena Noite;Nublado;Reta
domingo;MG;Desobediencia nas normas de transito pelo condutor;Colisao transversal;Com Vitimas Feridas;Plena Noite;Ceu Claro;Curva
domingo;DF;Desobediencia nas normas de transito pelo condutor;Colisao lateral;Com Vitimas Feridas;Plena Noite;Nevoeiro/Neblina;Rotatoria
domingo;RO;Ingestao de Alcool;Colisao com objeto estatico;Com Vitimas Feridas;Plena Noite;Nublado;Reta
sabado;MG;Pista Escorregadia;Saida de leito carrocavel;Com Vitimas Feridas;Pleno dia;Chuva;Nao Informado
domingo;MG;Ingestao de Alcool;Saida de leito carrocavel;Sem Vitimas;Pleno dia;Ceu Claro;Intersecao de vias
domingo;SP;Falta de Atencao Conducao;Tombamento;Com Vitimas Feridas;Plena Noite;Chuva;Intersecao de vias
domingo;PR;Falta de Atencao Conducao;Capotamento;Com Vitimas Feridas;Plena Noite;Nublado;Reta
sabado;MG;Falta de Atencao Conducao;Colisao lateral;Sem Vitimas;Plena Noite;Vento;Curva
sabado;MG;Desobediencia nas normas de transito pelo condutor;Saida de leito carrocavel;Com Vitimas Feridas;Plena Noite;Garoa/Chuvisco;Nao Informado
domingo;SC;Pista Escorregadia;Tombamento;Com Vitimas Feridas;Plena Noite;Chuva;Reta
domingo;PI;Velocidade Incompativel;Tombamento;Com Vitimas Feridas;Plena Noite;Nublado;Rotatoria
domingo;ES;Desobediencia nas normas de transito pelo condutor;Tombamento;Com Vitimas Feridas;Plena Noite;Ceu Claro;Reta
domingo;MT;Ingestao de Alcool;Colisao traseira;Com Vitimas Feridas;Plena Noite;Nevoeiro/Neblina;Reta
domingo;SC;Ingestao de Alcool;Queda de ocupante de veiculo;Com Vitimas Feridas;Plena Noite;Nublado;Reta
domingo;SC;Falta de Atencao Conducao;Saida de leito carrocavel;Com Vitimas Feridas;Plena Noite;Chuva;Reta
sabado;GO;Pista Escorregadia;Tombamento;Com Vitimas Feridas;Plena Noite;Ignorado;Reta
domingo;PB;Ingestao de Alcool;Saida de leito carrocavel;Com Vitimas Feridas;Plena Noite;Nublado;Reta
domingo;PR;Ingestao de Alcool;Saida de leito carrocavel;Com Vitimas Feridas;Plena Noite;Ceu Claro;Reta
domingo;SC;Falta de Atencao Conducao;Colisao com objeto estatico;Com Vitimas Feridas;Plena Noite;Garoa/Chuvisco;Desvio Temporario
sabado;PR;Falta de Atencao Conducao;Colisao lateral;Com Vitimas Feridas;Pleno dia;Ceu Claro;Reta
domingo;MS;Ingestao de Alcool;Colisao com objeto estatico;Com Vitimas Feridas;Plena Noite;Ceu Claro;Nao Informado
domingo;MS;Condutor Dormindo;Saida de leito carrocavel;Com Vitimas Feridas;Plena Noite;Ceu Claro;Reta
domingo;RS;Ingestao de Alcool e/ou substancias psicoativas pelo pedestre;Saida de leito carrocavel;Com Vitimas Feridas;Plena Noite;Nublado;Curva
domingo;PE;Condutor Dormindo;Colisao com objeto estatico;Com Vitimas Feridas;Amanhecer;Nublado;Intersecao de vias
domingo;RJ;Ingestao de Alcool;Saida de leito carrocavel;Com Vitimas Feridas;Plena Noite;Nublado;Curva
domingo;MA;Ingestao de Alcool;Colisao traseira;Com Vitimas Feridas;Plena Noite;Chuva;Rotatoria
domingo;SC;Velocidade Incompativel;Saida de leito carrocavel;Sem Vitimas;Plena Noite;Chuva;Curva
domingo;RS;Agressao Externa;Saida de leito carrocavel;Com Vitimas Feridas;Plena Noite;Garoa/Chuvisco;Reta
domingo;MG;Condutor Dormindo;Colisao com objeto estatico;Com Vitimas Feridas;Pleno dia;Nublado;Viaduto
domingo;RS;Falta de Atencao Conducao;Saida de leito carrocavel;Com Vitimas Feridas;Amanhecer;Nublado;Reta
domingo;ES;Condutor Dormindo;Colisao com objeto estatico;Com Vitimas Feridas;Amanhecer;Ceu Claro;Reta
domingo;SC;Velocidade Incompativel;Tombamento;Com Vitimas Feridas;Amanhecer;Ceu Claro;Curva
domingo;SC;Ingestao de Alcool e/ou substancias psicoativas pelo pedestre;Saida de leito carrocavel;Sem Vitimas;Pleno dia;Garoa/Chuvisco;Reta
domingo;RS;Falta de Atencao Conducao;Colisao com objeto estatico;Com Vitimas Feridas;Amanhecer;Ignorado;Reta
domingo;ES;Falta de Atencao Conducao;Colisao com objeto estatico;Sem Vitimas;Plena Noite;Nublado;Reta
domingo;RJ;Falta de Atencao Conducao;Colisao com objeto estatico;Com Vitimas Feridas;Amanhecer;Ceu Claro;Reta
domingo;SP;Condutor Dormindo;Colisao com objeto estatico;Sem Vitimas;Pleno dia;Chuva;Reta
domingo;PI;Nao guardar distancia de seguranca;Colisao traseira;Com Vitimas Feridas;Pleno dia;Ceu Claro;Reta
domingo;SC;Desobediencia nas normas de transito pelo condutor;Colisao transversal;Com Vitimas Feridas;Pleno dia;Garoa/Chuvisco;Nao Informado
quarta-feira;MG;Velocidade Incompativel;Saida de leito carrocavel;Sem Vitimas;Anoitecer;Chuva;Curva
domingo;SP;Falta de Atencao Conducao;Colisao traseira;Com Vitimas Feridas;Pleno dia;Ceu Claro;Reta
domingo;ES;Velocidade Incompativel;Tombamento;Sem Vitimas;Pleno dia;Ceu Claro;Nao Informado
domingo;PR;Ingestao de Substancias Psicoativas;Saida de leito carrocavel;Com Vitimas Feridas;Plena Noite;Chuva;Reta
domingo;SC;Falta de Atencao Conducao;Colisao traseira;Com Vitimas Feridas;Pleno dia;Chuva;Reta
domingo;SC;Ingestao de Alcool;Saida de leito carrocavel;Com Vitimas Feridas;Amanhecer;Chuva;Reta
domingo;RJ;Falta de Atencao Conducao;Atropelamento de Animal;Com Vitimas Feridas;Amanhecer;Ceu Claro;Reta