dia_semana;uf;causa_acidente;tipo_acidente;classificacao_acidente;fase_dia;condicao_metereologica;tracado_via
terca-feira;SC;Defeito Mecanico no Veiculo;Incendio;Sem Vitimas;Pleno dia;Sol;Reta
terca-feira;MA;Desobediencia nas normas de transito pelo condutor;Colisao transversal;Com Vitimas Feridas;Pleno dia;Ceu Claro;Rotatoria
terca-feira;PR;Falta de Atencao Conducao;Saida de leito carrocavel;Sem Vitimas;Pleno dia;Ceu Claro;Nao Informado
terca-feira;MG;Defeito Mecanico no Veiculo;Saida de leito carrocavel;Com Vitimas Feridas;Pleno dia;Nublado;Reta
terca-feira;MT;Velocidade Incompativel;Tombamento;Com Vitimas Feridas;Pleno dia;Ceu Claro;Curva
quinta-feira;AC;Nao guardar distancia de seguranca;Colisao lateral;Com Vitimas Feridas;Pleno dia;Ceu Claro;Reta
domingo;PR;Agressao Externa;Atropelamento de Pedestre;Com Vitimas Fatais;Plena Noite;Ceu Claro;Reta
terca-feira;AM;Falta de Atencao Conducao;Colisao frontal;Sem Vitimas;Pleno dia;Chuva;Reta
terca-feira;MG;Pista Escorregadia;Colisao com objeto estatico;Com Vitimas Feridas;Pleno dia;Chuva;Nao Informado
terca-feira;SC;Desobediencia nas normas de transito pelo condutor;Tombamento;Com Vitimas Feridas;Pleno dia;Sol;Reta
terca-feira;MG;Falta de Atencao Conducao;Colisao com objeto estatico;Com Vitimas Feridas;Pleno dia;Chuva;Curva
terca-feira;PE;Falta de Atencao Conducao;Colisao transversal;Com Vitimas Feridas;Pleno dia;Ceu Claro;Reta
terca-feira;PE;Desobediencia nas normas de transito pelo condutor;Colisao traseira;Com Vitimas Feridas;Pleno dia;Ceu Claro;Reta
terca-feira;SC;Falta de Atencao Conducao;Colisao transversal;Com Vitimas Feridas;Pleno dia;Sol;Intersecao de vias
terca-feira;MG;Falta de Atencao Conducao;Saida de leito carrocavel;Com Vitimas Feridas;Pleno dia;Chuva;Curva
terca-feira;RS;Velocidade Incompativel;Colisao traseira;Com Vitimas Feridas;Pleno dia;Sol;Reta
terca-feira;RJ;Falta de Atencao Conducao;Colisao lateral;Com Vitimas Feridas;Pleno dia;Ceu Claro;Reta
terca-feira;SP;Ingestao de Alcool;Tombamento;Sem Vitimas;Pleno dia;Chuva;Reta
terca-feira;RS;Falta de Atencao Conducao;Colisao lateral;Com Vitimas Feridas;Pleno dia;Ceu Claro;Curva
terca-feira;SC;Falta de Atencao Conducao;Queda de ocupante de veiculo;Com Vitimas Feridas;Anoitecer;Ceu Claro;Viaduto
terca-feira;GO;Desobediencia nas normas de transito pelo condutor;Colisao transversal;Com Vitimas Feridas;Pleno dia;Ceu Claro;Reta
terca-feira;PA;Falta de Atencao Conducao;Atropelamento de Pedestre;Com Vitimas Feridas;Pleno dia;Ceu Claro;Reta
terca-feira;RS;Falta de Atencao Conducao;Colisao traseira;Com Vitimas Feridas;Pleno dia;Ceu Claro;Reta
terca-feira;PE;Defeito Mecanico no Veiculo;Incendio;Sem Vitimas;Plena Noite;Ceu Claro;Reta
segunda-feira;MG;Velocidade Incompativel;Colisao lateral;Com Vitimas Feridas;Pleno dia;Ceu Claro;Curva
terca-feira;PI;Ingestao de Alcool;Colisao traseira;Com Vitimas Feridas;Pleno dia;Ceu Claro;Intersecao de vias
terca-feira;RS;Falta de Atencao Conducao;Tombamento;Com Vitimas Feridas;Pleno dia;Ceu Claro;Reta
terca-feira;PE;Defeito na Via;Saida de leito carrocavel;Com Vitimas Feridas;Plena Noite;Chuva;Nao Informado
terca-feira;PR;Falta de Atencao do Pedestre;Atropelamento de Pedestre;Com Vitimas Fatais;Anoitecer;Nublado;Reta
terca-feira;RO;Falta de Atencao Conducao;Saida de leito carrocavel;Com Vitimas Feridas;Pleno dia;Ceu Claro;Reta
terca-feira;RS;Defeito Mecanico no Veiculo;Saida de leito carrocavel;Com Vitimas Feridas;Plena Noite;Ceu Claro;Reta
terca-feira;PE;Falta de Atencao Conducao;Colisao traseira;Com Vitimas Feridas;Anoitecer;Ceu Claro;Reta
terca-feira;SP;Nao guardar distancia de seguranca;Colisao traseira;Com Vitimas Feridas;Plena Noite;Nublado;Reta
terca-feira;RS;Falta de Atencao Conducao;Saida de leito carrocavel;Com Vitimas Feridas;Pleno dia;Sol;Curva
terca-feira;MT;Falta de Atencao Conducao;Saida de leito carrocavel;Com Vitimas Feridas;Anoitecer;Ceu Claro;Reta
terca-feira;RS;Falta de Atencao Conducao;Saida de leito carrocavel;Com Vitimas Feridas;Pleno dia;Sol;Curva
terca-feira;SC;Falta de Atencao do Pedestre;Atropelamento de Pedestre;Com Vitimas Feridas;Plena Noite;Ceu Claro;Reta
terca-feira;SC;Falta de Atencao Conducao;Colisao lateral;Com Vitimas Feridas;Pleno dia;Nublado;Reta
terca-feira;SP;Defeito Mecanico no Veiculo;Tombamento;Com Vitimas Feridas;Plena Noite;Nublado;Desvio Temporario
terca-feira;RJ;Falta de Atencao do Pedestre;Atropelamento de Pedestre;Com Vitimas Fatais;Plena Noite;Garoa/Chuvisco;Reta
terca-feira;GO;Ultrapassagem Indevida;Colisao lateral;Com Vitimas Feridas;Plena Noite;Ceu Claro;Curva
terca-feira;SP;Falta de Atencao do Pedestre;Atropelamento de Pedestre;Com Vitimas Feridas;Plena Noite;Nublado;Reta
terca-feira;MS;Desobediencia nas normas de transito pelo condutor;Colisao frontal;Com Vitimas Feridas;Anoitecer;Ceu Claro;Intersecao de vias
terca-feira;RS;Agressao Externa;Tombamento;Com Vitimas Feridas;Plena Noite;Ceu Claro;Reta
terca-feira;SE;Ingestao de Substancias Psicoativas;Atropelamento de Pedestre;Com Vitimas Feridas;Plena Noite;Ceu Claro;Reta
terca-feira;BA;Condutor Dormindo;Colisao com objeto estatico;Com Vitimas Feridas;Pleno dia;Ceu Claro;Reta
terca-feira;RS;Falta de Atencao Conducao;Colisao transversal;Sem Vitimas;Anoitecer;Ceu Claro;Reta
terca-feira;SP;Velocidade Incompativel;Colisao traseira;Com Vitimas Feridas;Plena Noite;Ceu Claro;Reta
terca-feira;SC;Desobediencia nas normas de transito pelo condutor;Colisao lateral;Sem Vitimas;Plena Noite;Ceu Claro;Reta
terca-feira;SC;Falta de Atencao do Pedestre;Atropelamento de Pedestre;Com Vitimas Feridas;Pleno dia;Ceu Claro;Reta
terca-feira;RO;Falta de Atencao Conducao;Atropelamento de Pedestre;Com Vitimas Feridas;Anoitecer;Nublado;Reta
terca-feira;MT;Falta de Atencao Conducao;Colisao transversal;Com Vitimas Feridas;Anoitecer;Ceu Claro;Rotatoria
terca-feira;RO;Defeito na Via;Saida de leito carrocavel;Com Vitimas Feridas;Anoitecer;Ceu Claro;Reta
terca-feira;RS;Ingestao de Alcool;Colisao frontal;Com Vitimas Fatais;Plena Noite;Ceu Claro;Reta
domingo;RS;Falta de Atencao Conducao;Queda de ocupante de veiculo;Com Vitimas Feridas;Pleno dia;Ceu Claro;Rotatoria
terca-feira;MG;Falta de Atencao Conducao;Colisao transversal;Com Vitimas Feridas;Plena Noite;Chuva;Reta
terca-feira;MS;Desobediencia nas normas de transito pelo condutor;Saida de leito carrocavel;Com Vitimas Feridas;Plena Noite;Ceu Claro;Reta
terca-feira;MA;Desobediencia nas normas de transito pelo condutor;Colisao transversal;Com Vitimas Feridas;Plena Noite;Chuva;Reta
terca-feira;PR;Velocidade Incompativel;Tombamento;Com Vitimas Feridas;Plena Noite;Ceu Claro;Curva
terca-feira;SP;Falta de Atencao Conducao;Saida de leito carrocavel;Com Vitimas Feridas;Pleno dia;Nublado;Reta
terca-feira;PB;Nao guardar distancia de seguranca;Colisao lateral;Com Vitimas Feridas;Plena Noite;Vento;Reta
terca-feira;SC;Desobediencia nas normas de transito pelo condutor;Colisao com objeto estatico;Com Vitimas Feridas;Plena Noite;Nublado;Reta
terca-feira;TO;Falta de Atencao Conducao;Colisao frontal;Com Vitimas Feridas;Anoitecer;Nublado;Reta
terca-feira;MG;Velocidade Incompativel;Colisao com objeto estatico;Com Vitimas Feridas;Plena Noite;Ceu Claro;Nao Informado
terca-feira;AP;Falta de Atencao Conducao;Saida de leito carrocavel;Com Vitimas Feridas;Plena Noite;Chuva;Reta
terca-feira;MG;Velocidade Incompativel;Colisao com objeto estatico;Com Vitimas Feridas;Plena Noite;Chuva;Nao Informado
terca-feira;RO;Avarias e/ou desgaste excessivo no pneu;Tombamento;Com Vitimas Feridas;Pleno dia;Ceu Claro;Reta
terca-feira;RS;Velocidade Incompativel;Colisao traseira;Com Vitimas Feridas;Plena Noite;Ceu Claro;Reta
terca-feira;PR;Velocidade Incompativel;Capotamento;Sem Vitimas;Plena Noite;Ceu Claro;Reta
domingo;GO;Ingestao de Alcool;Saida de leito carrocavel;Com Vitimas Feridas;Plena Noite;Nublado;Reta
terca-feira;MA;Falta de Atencao Conducao;Colisao transversal;Com Vitimas Feridas;Plena Noite;Garoa/Chuvisco;Reta
quarta-feira;SP;Animais na Pista;Atropelamento de Animal;Com Vitimas Feridas;Plena Noite;Nublado;Reta
terca-feira;RO;Ultrapassagem Indevida;Colisao traseira;Com Vitimas Feridas;Plena Noite;Ceu Claro;Retorno Regulamentado
terca-feira;RJ;Falta de Atencao Conducao;Colisao lateral;Com Vitimas Fatais;Plena Noite;Garoa/Chuvisco;Reta
quarta-feira;RJ;Falta de Atencao Conducao;Colisao traseira;Com Vitimas Feridas;Plena Noite;Garoa/Chuvisco;Reta
quarta-feira;SC;Falta de Atencao Conducao;Colisao com objeto estatico;Com Vitimas Feridas;Plena Noite;Ceu Claro;Reta
quarta-feira;RS;Desobediencia nas normas de transito pelo condutor;Colisao traseira;Com Vitimas Fatais;Plena Noite;Ceu Claro;Reta
terca-feira;RJ;Ingestao de Alcool;Colisao com objeto estatico;Sem Vitimas;Plena Noite;Nublado;Reta
quarta-feira;RO;Defeito Mecanico no Veiculo;Colisao com objeto estatico;Sem Vitimas;Plena Noite;Ceu Claro;Reta
quarta-feira;GO;Condutor Dormindo;Saida de leito carrocavel;Com Vitimas Feridas;Plena Noite;Nublado;Reta
quinta-feira;PR;Velocidade Incompativel;Tombamento;Com Vitimas Feridas;Plena Noite;Garoa/Chuvisco;Curva
quarta-feira;SP;Avarias e/ou desgaste excessivo no pneu;Colisao com objeto estatico;Com Vitimas Feridas;Plena Noite;Garoa/Chuvisco;Curva
quarta-feira;SC;Desobediencia nas normas de transito pelo condutor;Colisao frontal;Com Vitimas Feridas;Plena Noite;Ceu Claro;Reta
quarta-feira;MG;Falta de Atencao Conducao;Colisao lateral;Sem Vitimas;Plena Noite;Ceu Claro;Reta
quarta-feira;ES;Velocidade Incompativel;Saida de leito carrocavel;Sem Vitimas;Plena Noite;Ceu Claro;Curva
quarta-feira;RS;Ingestao de Alcool;Colisao com objeto estatico;Sem Vitimas;Plena Noite;Ceu Claro;Curva
quarta-feira;MG;Velocidade Incompativel;Tombamento;Com Vitimas Feridas;Plena Noite;Ceu Claro;Curva
quarta-feira;BA;Falta de Atencao Conducao;Colisao transversal;Sem Vitimas;Amanhecer;Ceu Claro;Reta
quarta-feira;MG;Ingestao de Alcool e/ou substancias psicoativas pelo pedestre;Capotamento;Sem Vitimas;Plena Noite;Ceu Claro;Reta
quarta-feira;MG;Falta de Atencao Conducao;Tombamento;Com Vitimas Feridas;Pleno dia;Ceu Claro;Reta
quarta-feira;MT;Animais na Pista;Atropelamento de Animal;Sem Vitimas;Amanhecer;Nublado;Reta
quarta-feira;RN;Desobediencia nas normas de transito pelo condutor;Colisao traseira;Com Vitimas Feridas;Pleno dia;Ceu Claro;Intersecao de vias
quarta-feira;MG;Desobediencia nas normas de transito pelo condutor;Colisao transversal;Com Vitimas Feridas;Amanhecer;Ceu Claro;Nao Informado
quarta-feira;PR;Defeito Mecanico no Veiculo;Tombamento;Com Vitimas Feridas;Plena Noite;Ceu Claro;Reta
quarta-feira;ES;Falta de Atencao Conducao;Colisao transversal;Com Vitimas Feridas;Pleno dia;Nublado;Reta
quarta-feira;RJ;Pista Escorregadia;Capotamento;Com Vitimas Feridas;Pleno dia;Chuva;Curva
quarta-feira;SP;Nao guardar distancia de seguranca;Colisao traseira;Sem Vitimas;Pleno dia;Nublado;Reta
quarta-feira;RS;Falta de Atencao Conducao;Saida de leito carrocavel;Com Vitimas Fatais;Amanhecer;Ceu Claro;Reta
quarta-feira;RJ;Pista Escorregadia;Saida de leito carrocavel;Com Vitimas Feridas;Pleno dia;Chuva;Curva
quarta-feira;GO;Falta de Atencao Conducao;Colisao traseira;Com Vitimas Feridas;Pleno dia;Sol;Reta
quarta-feira;CE;Avarias e/ou desgaste excessivo no pneu;Queda de ocupante de veiculo;Com Vitimas Feridas;Pleno dia;Ceu Claro;Reta
quarta-feira;PE;Defeito na Via;Tombamento;Com Vitimas Feridas;Pleno dia;Ceu Claro;Curva
quarta-feira;CE;Defeito na Via;Tombamento;Sem Vitimas;Pleno dia;Ceu Claro;Reta
quarta-feira;CE;Animais na Pista;Atropelamento de Animal;Com Vitimas Feridas;Pleno dia;Ceu Claro;Reta
quarta-feira;BA;Desobediencia nas normas de transito pelo condutor;Colisao transversal;Com Vitimas Feridas;Pleno dia;Ceu Claro;Reta
terca-feira;GO;Velocidade Incompativel;Tombamento;Com Vitimas Feridas;Anoitecer;Garoa/Chuvisco;Curva
quarta-feira;PR;Velocidade Incompativel;Colisao com objeto estatico;Sem Vitimas;Pleno dia;Garoa/Chuvisco;Reta
quarta-feira;RS;Desobediencia nas normas de transito pelo condutor;Colisao transversal;Com Vitimas Feridas;Pleno dia;Sol;Intersecao de vias
quarta-feira;GO;Falta de Atencao do Pedestre;Atropelamento de Pedestre;Com Vitimas Feridas;Pleno dia;Nublado;Reta
quarta-feira;ES;Falta de Atencao Conducao;Colisao com objeto estatico;Sem Vitimas;Pleno dia;Nublado;Curva
quarta-feira;ES;Velocidade Incompativel;Tombamento;Sem Vitimas;Amanhecer;Ceu Claro;Curva
quarta-feira;MG;Avarias e/ou desgaste excessivo no pneu;Queda de ocupante de veiculo;Com Vitimas Feridas;Pleno dia;Ceu Claro;Reta
quarta-feira;SC;Condutor Dormindo;Tombamento;Com Vitimas Feridas;Amanhecer;Ceu Claro;Curva
quarta-feira;MG;Nao guardar distancia de seguranca;Colisao traseira;Com Vitimas Feridas;Pleno dia;Nublado;Reta
quarta-feira;MG;Pista Escorregadia;Colisao transversal;Com Vitimas Feridas;Pleno dia;Chuva;Curva
quarta-feira;MG;Falta de Atencao Conducao;Colisao traseira;Com Vitimas Feridas;Pleno dia;Ceu Claro;Reta
quarta-feira;SP;Desobedincia nas normas de transito pelo pedestre;Atropelamento de Pedestre;Com Vitimas Feridas;Pleno dia;Nublado;Reta
terca-feira;GO;Defeito na Via;Colisao traseira;Sem Vitimas;Anoitecer;Ignorado;Reta
sabado;SP;Velocidade Incompativel;Colisao lateral;Sem Vitimas;Amanhecer;Chuva;Curva
quarta-feira;SE;Falta de Atencao Conducao;Colisao frontal;Com Vitimas Feridas;Pleno dia;Ceu Claro;Reta
quarta-feira;RJ;Falta de Atencao Conducao;Colisao transversal;Com Vitimas Feridas;Pleno dia;Ceu Claro;Reta
quarta-feira;MA;Falta de Atencao Conducao;Colisao transversal;Com Vitimas Feridas;Pleno dia;Nublado;Reta
quarta-feira;PE;Carga excessiva e/ou mal acondicionada;Capotamento;Com Vitimas Fatais;Pleno dia;Ceu Claro;Curva
quarta-feira;RJ;Velocidade Incompativel;Colisao com objeto estatico;Com Vitimas Feridas;Pleno dia;Nublado;Reta
quarta-feira;PR;Falta de Atencao Conducao;Colisao lateral;Com Vitimas Feridas;Pleno dia;Garoa/Chuvisco;Reta
sexta-feira;SC;Falta de Atencao Conducao;Colisao lateral;Com Vitimas Feridas;Plena Noite;Ceu Claro;Reta
quarta-feira;BA;Falta de Atencao Conducao;Colisao transversal;Com Vitimas Feridas;Pleno dia;Nublado;Reta
quarta-feira;SC;Ultrapassagem Indevida;Colisao lateral;Com Vitimas Feridas;Pleno dia;Nublado;Intersecao de vias
quarta-feira;GO;Falta de Atencao Conducao;Saida de leito carrocavel;Com Vitimas Feridas;Pleno dia;Ceu Claro;Reta
quarta-feira;PR;Defeito Mecanico no Veiculo;Saida de leito carrocavel;Com Vitimas Feridas;Pleno dia;Ceu Claro;Desvio Temporario
quarta-feira;RR;Falta de Atencao Conducao;Colisao lateral;Com Vitimas Feridas;Pleno dia;Ceu Claro;Rotatoria
quarta-feira;DF;Falta de Atencao Conducao;Colisao transversal;Com Vitimas Feridas;Pleno dia;Ceu Claro;Reta
quarta-feira;RS;Desobediencia nas normas de transito pelo condutor;Colisao transversal;Com Vitimas Feridas;Pleno dia;Ceu Claro;Reta
quarta-feira;SC;Falta de Atencao Conducao;Atropelamento de Pedestre;Com Vitimas Feridas;Pleno dia;Ceu Claro;Reta
sexta-feira;RS;Falta de Atencao Conducao;Colisao transversal;Com Vitimas Feridas;Plena Noite;Ceu Claro;Nao Informado
quarta-feira;BA;Falta de Atencao Conducao;Tombamento;Com Vitimas Feridas;Amanhecer;Ceu Claro;Reta
quarta-feira;CE;Ultrapassagem Indevida;Colisao lateral;Com Vitimas Feridas;Pleno dia;Ceu Claro;Reta
sabado;BA;Nao guardar distancia de seguranca;Colisao traseira;Com Vitimas Feridas;Pleno dia;Ceu Claro;Reta
terca-feira;RS;Falta de Atencao do Pedestre;Atropelamento de Pedestre;Com Vitimas Feridas;Pleno dia;Ceu Claro;Reta
quarta-feira;PR;Desobediencia nas normas de transito pelo condutor;Colisao transversal;Com Vitimas Feridas;Pleno dia;Ceu Claro;Reta
quarta-feira;MS;Condutor Dormindo;Saida de leito carrocavel;Com Vitimas Feridas;Pleno dia;Ceu Claro;Curva
quarta-feira;RJ;Falta de Atencao Conducao;Queda de ocupante de veiculo;Com Vitimas Feridas;Pleno dia;Nublado;Reta
quarta-feira;SC;Nao guardar distancia de seguranca;Colisao traseira;Com Vitimas Feridas;Pleno dia;Ceu Claro;Reta
quarta-feira;ES;Falta de Atencao do Pedestre;Atropelamento de Pedestre;Com Vitimas Feridas;Pleno dia;Sol;Reta
quarta-feira;GO;Defeito Mecanico no Veiculo;Colisao traseira;Com Vitimas Feridas;Pleno dia;Chuva;Reta
quarta-feira;ES;Velocidade Incompativel;Colisao frontal;Com Vitimas Feridas;Pleno dia;Chuva;Curva
quarta-feira;RJ;Pista Escorregadia;Colisao com objeto estatico;Com Vitimas Feridas;Pleno dia;Chuva;Curva
quarta-feira;ES;Animais na Pista;Atropelamento de Animal;Com Vitimas Feridas;Pleno dia;Ceu Claro;Curva
quarta-feira;RJ;Velocidade Incompativel;Saida de leito carrocavel;Sem Vitimas;Pleno dia;Chuva;Curva
quarta-feira;MT;Falta de Atencao Conducao;Capotamento;Com Vitimas Feridas;Pleno dia;Chuva;Reta
quarta-feira;PE;Falta de Atencao Conducao;Colisao lateral;Com Vitimas Feridas;Pleno dia;Ceu Claro;Reta
quarta-feira;AL;Desobediencia nas normas de transito pelo condutor;Colisao frontal;Com Vitimas Feridas;Pleno dia;Ceu Claro;Nao Informado
quarta-feira;RO;Falta de Atencao Conducao;Colisao lateral;Com Vitimas Feridas;Pleno dia;Nublado;Reta
quarta-feira;SP;Defeito Mecanico no Veiculo;Queda de ocupante de veiculo;Com Vitimas Feridas;Pleno dia;Sol;Nao Informado
quarta-feira;PR;Falta de Atencao Conducao;Colisao transversal;Com Vitimas Feridas;Pleno dia;Ceu Claro;Rotatoria
quarta-feira;PE;Velocidade Incompativel;Colisao traseira;Com Vitimas Feridas;Pleno dia;Ceu Claro;Curva
quarta-feira;RO;Pista Escorregadia;Colisao transversal;Com Vitimas Feridas;Pleno dia;Chuva;Curva
quarta-feira;ES;Defeito Mecanico no Veiculo;Tombamento;Com Vitimas Fatais;Pleno dia;Ceu Claro;Ponte
quarta-feira;ES;Falta de Atencao Conducao;Colisao frontal;Com Vitimas Fatais;Pleno dia;Sol;Nao Informado
quarta-feira;MG;Defeito Mecanico no Veiculo;Incendio;Sem Vitimas;Pleno dia;Sol;Reta
quarta-feira;BA;Falta de Atencao Conducao;Colisao transversal;Com Vitimas Feridas;Pleno dia;Ceu Claro;Intersecao de vias
quarta-feira;SC;Defeito Mecanico no Veiculo;Colisao frontal;Com Vitimas Feridas;Pleno dia;Ceu Claro;Nao Informado
quarta-feira;SC;Falta de Atencao Conducao;Colisao traseira;Com Vitimas Feridas;Pleno dia;Sol;Reta
quarta-feira;BA;Falta de Atencao Conducao;Colisao lateral;Sem Vitimas;Pleno dia;Ceu Claro;Intersecao de vias
quarta-feira;SC;Velocidade Incompativel;Colisao frontal;Com Vitimas Feridas;Pleno dia;Ceu Claro;Curva
quarta-feira;GO;Desobediencia nas normas de transito pelo condutor;Queda de ocupante de veiculo;Com Vitimas Feridas;Pleno dia;Ceu Claro;Curva
quarta-feira;PR;Falta de Atencao do Pedestre;Atropelamento de Pedestre;Com Vitimas Feridas;Pleno dia;Ceu Claro;Reta
quarta-feira;PR;Velocidade Incompativel;Capotamento;Sem Vitimas;Pleno dia;Ceu Claro;Reta
quarta-feira;PR;Agressao Externa;Queda de ocupante de veiculo;Com Vitimas Feridas;Pleno dia;Ceu Claro;Intersecao de vias
quarta-feira;RJ;Falta de Atencao Conducao;Colisao transversal;Com Vitimas Feridas;Pleno dia;Nublado;Reta
quarta-feira;SC;Falta de Atencao Conducao;Colisao traseira;Com Vitimas Feridas;Pleno dia;Ceu Claro;Reta
quarta-feira;SP;Desobediencia nas normas de transito pelo condutor;Colisao transversal;Com Vitimas Feridas;Pleno dia;Ceu Claro;Reta
quarta-feira;MT;Falta de Atencao Conducao;Colisao traseira;Sem Vitimas;Pleno dia;Ceu Claro;Reta
quarta-feira;ES;Falta de Atencao Conducao;Colisao transversal;Com Vitimas Feridas;Plena Noite;Ceu Claro;Intersecao de vias
sexta-feira;BA;Defeito Mecanico no Veiculo;Capotamento;Com Vitimas Feridas;Pleno dia;Ceu Claro;Curva
quarta-feira;SP;Nao guardar distancia de seguranca;Colisao traseira;Com Vitimas Feridas;Pleno dia;Ceu Claro;Nao Informado
quarta-feira;SC;Desobediencia nas normas de transito pelo condutor;Colisao transversal;Com Vitimas Feridas;Anoitecer;Nublado;Intersecao de vias
quarta-feira;MT;Desobediencia nas normas de transito pelo condutor;Colisao transversal;Com Vitimas Feridas;Plena Noite;Nublado;Reta
quarta-feira;PR;Falta de Atencao Conducao;Saida de leito carrocavel;Com Vitimas Feridas;Pleno dia;Sol;Nao Informado
quarta-feira;RJ;Falta de Atencao Conducao;Colisao com objeto estatico;Com Vitimas Feridas;Plena Noite;Nublado;Reta
quarta-feira;PR;Falta de Atencao Conducao;Colisao lateral;Com Vitimas Feridas;Anoitecer;Ceu Claro;Intersecao de vias
quarta-feira;PR;Velocidade Incompativel;Tombamento;Com Vitimas Feridas;Pleno dia;Ceu Claro;Nao Informado
domingo;MG;Velocidade Incompativel;Saida de leito carrocavel;Com Vitimas Feridas;Amanhecer;Nublado;Nao Informado
quarta-feira;SC;Falta de Atencao Conducao;Engavetamento;Com Vitimas Feridas;Plena Noite;Ceu Claro;Reta
quarta-feira;ES;Falta de Atencao Conducao;Colisao traseira;Com Vitimas Feridas;Plena Noite;Ceu Claro;Nao Informado
quarta-feira;RJ;Falta de Atencao Conducao;Atropelamento de Pedestre;Com Vitimas Feridas;Plena Noite;Ceu Claro;Reta
quarta-feira;ES;Falta de Atencao Conducao;Colisao lateral;Sem Vitimas;Plena Noite;Nublado;Intersecao de vias
quarta-feira;RJ;Falta de Atencao Conducao;Queda de ocupante de veiculo;Com Vitimas Feridas;Plena Noite;Nublado;Reta
quarta-feira;BA;Velocidade Incompativel;Tombamento;Com Vitimas Feridas;Pleno dia;Ceu Claro;Curva
terca-feira;RJ;Desobediencia nas normas de transito pelo condutor;Colisao traseira;Sem Vitimas;Anoitecer;Ceu Claro;Reta
quarta-feira;SC;Falta de Atencao Conducao;Colisao traseira;Com Vitimas Feridas;Plena Noite;Ceu Claro;Reta
quarta-feira;MG;Defeito Mecanico no Veiculo;Incendio;Sem Vitimas;Plena Noite;Ceu Claro;Reta
quarta-feira;MT;Falta de Atencao Conducao;Colisao lateral;Sem Vitimas;Plena Noite;Ceu Claro;Reta
quarta-feira;MA;Carga excessiva e/ou mal acondicionada;Saida de leito carrocavel;Com Vitimas Feridas;Pleno dia;Sol;Curva
quarta-feira;RJ;Velocidade Incompativel;Saida de leito carrocavel;Com Vitimas Feridas;Pleno dia;Chuva;Curva
quarta-feira;MS;Animais na Pista;Atropelamento de Animal;Com Vitimas Feridas;Plena Noite;Ceu Claro;Reta
quarta-feira;PR;Desobedincia nas normas de transito pelo pedestre;Atropelamento de Pedestre;Com Vitimas Feridas;Plena Noite;Ceu Claro;Intersecao de vias
quarta-feira;ES;Falta de Atencao Conducao;Saida de leito carrocavel;Com Vitimas Feridas;Plena Noite;Nublado;Curva
quarta-feira;ES;Falta de Atencao Conducao;Colisao transversal;Com Vitimas Feridas;Plena Noite;Ceu Claro;Intersecao de vias
quarta-feira;PR;Ingestao de Alcool;Colisao lateral;Com Vitimas Feridas;Pleno dia;Ceu Claro;Reta
quarta-feira;RS;Falta de Atencao Conducao;Saida de leito carrocavel;Com Vitimas Feridas;Plena Noite;Ceu Claro;Reta
quarta-feira;MG;Falta de Atencao Conducao;Saida de leito carrocavel;Com Vitimas Feridas;Plena Noite;Ceu Claro;Curva
quarta-feira;RJ;Animais na Pista;Atropelamento de Animal;Com Vitimas Feridas;Plena Noite;Garoa/Chuvisco;Desvio Temporario
quarta-feira;MS;Animais na Pista;Atropelamento de Animal;Com Vitimas Feridas;Plena Noite;Ceu Claro;Reta
quarta-feira;PA;Falta de Atencao Conducao;Atropelamento de Pedestre;Com Vitimas Feridas;Plena Noite;Garoa/Chuvisco;Reta
quarta-feira;PR;Defeito Mecanico no Veiculo;Colisao traseira;Sem Vitimas;Pleno dia;Ceu Claro;Reta
quarta-feira;CE;Desobediencia nas normas de transito pelo condutor;Colisao lateral;Sem Vitimas;Plena Noite;Nublado;Reta
quarta-feira;SC;Nao guardar distancia de seguranca;Colisao traseira;Sem Vitimas;Plena Noite;Ceu Claro;Nao Informado
quarta-feira;SC;Ingestao de Alcool;Colisao frontal;Com Vitimas Fatais;Plena Noite;Nublado;Reta
quarta-feira;GO;Velocidade Incompativel;Colisao lateral;Sem Vitimas;Pleno dia;Nublado;Reta
quarta-feira;ES;Falta de Atencao Conducao;Tombamento;Com Vitimas Feridas;Plena Noite;Ceu Claro;Reta
quarta-feira;RO;Falta de Atencao Conducao;Saida de leito carrocavel;Com Vitimas Feridas;Pleno dia;Nublado;Nao Informado
quarta-feira;RO;Falta de Atencao Conducao;Saida de leito carrocavel;Sem Vitimas;Pleno dia;Chuva;Reta
quarta-feira;DF;Velocidade Incompativel;Saida de leito carrocavel;Com Vitimas Feridas;Plena Noite;Chuva;Desvio Temporario
quarta-feira;RJ;Falta de Atencao do Pedestre;Atropelamento de Pedestre;Sem Vitimas;Plena Noite;Chuva;Reta
quarta-feira;SC;Desobediencia nas normas de transito pelo condutor;Colisao transversal;Com Vitimas Feridas;Pleno dia;Ceu Claro;Intersecao de vias
quarta-feira;AL;Falta de Atencao Conducao;Tombamento;Com Vitimas Feridas;Plena Noite;Ceu Claro;Curva