dia_semana;uf;causa_acidente;tipo_acidente;classificacao_acidente;fase_dia;condicao_metereologica;tracado_via
sabado;PR;Falta de Atencao Conducao;Queda de ocupante de veiculo;Com Vitimas Feridas;Pleno dia;Ceu Claro;Reta
sabado;ES;Defeito Mecanico no Veiculo;Colisao lateral;Com Vitimas Feridas;Pleno dia;Ceu Claro;Curva
sabado;ES;Falta de Atencao Conducao;Colisao traseira;Com Vitimas Feridas;Pleno dia;Ceu Claro;Reta
sabado;SC;Falta de Atencao Conducao;Colisao traseira;Com Vitimas Feridas;Pleno dia;Sol;Reta
sabado;BA;Agressao Externa;Tombamento;Com Vitimas Feridas;Pleno dia;Ceu Claro;Reta
sabado;DF;Falta de Atencao Conducao;Colisao lateral;Com Vitimas Feridas;Pleno dia;Nublado;Nao Informado
sabado;SC;Desobediencia nas normas de transito pelo condutor;Colisao transversal;Com Vitimas Feridas;Pleno dia;Sol;Intersecao de vias
sabado;RJ;Falta de Atencao Conducao;Colisao traseira;Com Vitimas Feridas;Pleno dia;Ceu Claro;Intersecao de vias
sabado;MT;Falta de Atencao Conducao;Tombamento;Com Vitimas Feridas;Pleno dia;Ceu Claro;Nao Informado
sabado;RS;Falta de Atencao Conducao;Colisao transversal;Com Vitimas Feridas;Pleno dia;Ceu Claro;Intersecao de vias
sabado;PR;Falta de Atencao Conducao;Colisao traseira;Com Vitimas Feridas;Pleno dia;Ceu Claro;Desvio Temporario
sabado;CE;Defeito Mecanico no Veiculo;Saida de leito carrocavel;Com Vitimas Feridas;Pleno dia;Garoa/Chuvisco;Reta
sabado;PB;Falta de Atencao Conducao;Colisao lateral;Com Vitimas Feridas;Pleno dia;Ceu Claro;Intersecao de vias
sabado;SP;Falta de Atencao Conducao;Colisao lateral;Sem Vitimas;Pleno dia;Ceu Claro;Rotatoria
sabado;RJ;Velocidade Incompativel;Tombamento;Com Vitimas Fatais;Pleno dia;Ceu Claro;Curva
sabado;SP;Falta de Atencao Conducao;Colisao traseira;Sem Vitimas;Pleno dia;Sol;Nao Informado
sabado;PR;Falta de Atencao Conducao;Queda de ocupante de veiculo;Com Vitimas Feridas;Pleno dia;Ceu Claro;Reta
sabado;MG;Avarias e/ou desgaste excessivo no pneu;Saida de leito carrocavel;Com Vitimas Feridas;Pleno dia;Ceu Claro;Nao Informado
sabado;RS;Velocidade Incompativel;Colisao transversal;Com Vitimas Feridas;Pleno dia;Ceu Claro;Rotatoria
sabado;SC;Falta de Atencao Conducao;Colisao com objeto estatico;Com Vitimas Feridas;Pleno dia;Ceu Claro;Reta
sabado;SE;Falta de Atencao do Pedestre;Atropelamento de Pedestre;Com Vitimas Feridas;Pleno dia;Ceu Claro;Reta
sabado;MS;Avarias e/ou desgaste excessivo no pneu;Saida de leito carrocavel;Sem Vitimas;Pleno dia;Nublado;Desvio Temporario
sabado;MG;Falta de Atencao Conducao;Colisao traseira;Com Vitimas Feridas;Pleno dia;Ceu Claro;Reta
sabado;MG;Ultrapassagem Indevida;Colisao lateral;Com Vitimas Feridas;Pleno dia;Ceu Claro;Reta
sabado;CE;Falta de Atencao Conducao;Colisao traseira;Com Vitimas Feridas;Pleno dia;Ceu Claro;Reta
sabado;MS;Falta de Atencao Conducao;Capotamento;Com Vitimas Feridas;Pleno dia;Ceu Claro;Reta
sabado;DF;Nao guardar distancia de seguranca;Colisao traseira;Com Vitimas Feridas;Pleno dia;Chuva;Retorno Regulamentado
sabado;SC;Desobediencia nas normas de transito pelo condutor;Colisao transversal;Com Vitimas Feridas;Pleno dia;Sol;Rotatoria
sabado;ES;Ingestao de Alcool;Tombamento;Com Vitimas Feridas;Pleno dia;Ceu Claro;Reta
sabado;MG;Velocidade Incompativel;Capotamento;Com Vitimas Feridas;Pleno dia;Ceu Claro;Curva
sabado;MT;Pista Escorregadia;Saida de leito carrocavel;Sem Vitimas;Pleno dia;Chuva;Nao Informado
sabado;PR;Nao guardar distancia de seguranca;Colisao lateral;Com Vitimas Feridas;Pleno dia;Ceu Claro;Curva
sabado;GO;Desobediencia nas normas de transito pelo condutor;Colisao lateral;Sem Vitimas;Pleno dia;Ceu Claro;Nao Informado
sabado;AP;Pista Escorregadia;Saida de leito carrocavel;Com Vitimas Feridas;Pleno dia;Chuva;Curva
sabado;GO;Restricao de Visibilidade;Saida de leito carrocavel;Com Vitimas Feridas;Pleno dia;Chuva;Desvio Temporario
sabado;RS;Desobediencia nas normas de transito pelo condutor;Colisao traseira;Sem Vitimas;Pleno dia;Ceu Claro;Reta
sabado;RR;Animais na Pista;Capotamento;Com Vitimas Feridas;Pleno dia;Ceu Claro;Reta
sabado;PE;Velocidade Incompativel;Capotamento;Com Vitimas Fatais;Anoitecer;Ceu Claro;Desvio Temporario
sabado;SC;Falta de Atencao Conducao;Capotamento;Sem Vitimas;Pleno dia;Ceu Claro;Curva
sabado;RS;Falta de Atencao Conducao;Saida de leito carrocavel;Com Vitimas Feridas;Pleno dia;Nublado;Nao Informado
sabado;MG;Falta de Atencao Conducao;Colisao transversal;Com Vitimas Feridas;Pleno dia;Ceu Claro;Reta
sabado;SC;Nao guardar distancia de seguranca;Colisao traseira;Sem Vitimas;Pleno dia;Ceu Claro;Reta
sabado;PB;Falta de Atencao Conducao;Colisao com objeto estatico;Com Vitimas Feridas;Pleno dia;Chuva;Curva
sabado;SC;Agressao Externa;Colisao lateral;Com Vitimas Feridas;Pleno dia;Ceu Claro;Reta
sabado;MG;Falta de Atencao Conducao;Colisao transversal;Com Vitimas Feridas;Pleno dia;Nublado;Nao Informado
sabado;MA;Desobediencia nas normas de transito pelo condutor;Colisao frontal;Sem Vitimas;Pleno dia;Chuva;Reta
sabado;GO;Velocidade Incompativel;Saida de leito carrocavel;Sem Vitimas;Pleno dia;Chuva;Reta
sabado;MG;Defeito Mecanico no Veiculo;Capotamento;Com Vitimas Feridas;Pleno dia;Nublado;Reta
sabado;PR;Falta de Atencao Conducao;Colisao transversal;Com Vitimas Feridas;Pleno dia;Ceu Claro;Nao Informado
sabado;MT;Pista Escorregadia;Colisao com objeto estatico;Sem Vitimas;Pleno dia;Chuva;Retorno Regulamentado
sabado;RS;Falta de Atencao Conducao;Queda de ocupante de veiculo;Com Vitimas Feridas;Pleno dia;Nublado;Reta
sabado;CE;Defeito na Via;Colisao transversal;Sem Vitimas;Pleno dia;Ceu Claro;Nao Informado
sabado;SP;Falta de Atencao Conducao;Colisao lateral;Com Vitimas Feridas;Plena Noite;Nublado;Reta
sabado;RJ;Defeito Mecanico no Veiculo;Colisao lateral;Com Vitimas Feridas;Anoitecer;Nublado;Reta
sabado;SC;Ingestao de Alcool;Colisao lateral;Sem Vitimas;Pleno dia;Nublado;Reta
sabado;RJ;Desobediencia nas normas de transito pelo condutor;Colisao com objeto estatico;Sem Vitimas;Pleno dia;Ceu Claro;Retorno Regulamentado
sabado;MT;Falta de Atencao Conducao;Colisao transversal;Com Vitimas Feridas;Pleno dia;Ceu Claro;Reta
sabado;PE;Defeito na Via;Tombamento;Com Vitimas Feridas;Plena Noite;Nublado;Nao Informado
terca-feira;ES;Velocidade Incompativel;Saida de leito carrocavel;Com Vitimas Feridas;Pleno dia;Chuva;Curva
sabado;PR;Desobediencia nas normas de transito pelo condutor;Colisao lateral;Com Vitimas Feridas;Anoitecer;Ceu Claro;Reta
sabado;RJ;Ultrapassagem Indevida;Colisao frontal;Sem Vitimas;Plena Noite;Ceu Claro;Reta
sabado;DF;Desobediencia nas normas de transito pelo condutor;Colisao frontal;Com Vitimas Feridas;Anoitecer;Ceu Claro;Reta
sabado;SC;Falta de Atencao do Pedestre;Atropelamento de Pedestre;Com Vitimas Feridas;Anoitecer;Ceu Claro;Reta
sabado;MG;Desobediencia nas normas de transito pelo condutor;Colisao transversal;Com Vitimas Fatais;Plena Noite;Ceu Claro;Reta
sabado;PA;Falta de Atencao do Pedestre;Atropelamento de Pedestre;Com Vitimas Feridas;Plena Noite;Nublado;Reta
sabado;RS;Falta de Atencao do Pedestre;Atropelamento de Pedestre;Com Vitimas Fatais;Pleno dia;Ceu Claro;Reta
sabado;PR;Desobediencia nas normas de transito pelo condutor;Colisao lateral;Sem Vitimas;Plena Noite;Ceu Claro;Rotatoria
sabado;SC;Falta de Atencao Conducao;Colisao traseira;Com Vitimas Feridas;Plena Noite;Ceu Claro;Reta
sabado;RJ;Falta de Atencao Conducao;Queda de ocupante de veiculo;Com Vitimas Feridas;Pleno dia;Ceu Claro;Curva
sabado;PI;Pista Escorregadia;Capotamento;Com Vitimas Feridas;Pleno dia;Chuva;Curva
sabado;SE;Desobediencia nas normas de transito pelo condutor;Colisao transversal;Com Vitimas Fatais;Plena Noite;Ceu Claro;Curva
sabado;RJ;Animais na Pista;Saida de leito carrocavel;Com Vitimas Feridas;Plena Noite;Ceu Claro;Reta
sabado;RN;Desobediencia nas normas de transito pelo condutor;Colisao frontal;Com Vitimas Feridas;Plena Noite;Chuva;Reta
sabado;RN;Falta de Atencao Conducao;Saida de leito carrocavel;Sem Vitimas;Plena Noite;Chuva;Rotatoria
sabado;RS;Ingestao de Alcool;Colisao lateral;Com Vitimas Feridas;Plena Noite;Ceu Claro;Reta
sabado;MG;Ingestao de Alcool;Saida de leito carrocavel;Com Vitimas Feridas;Plena Noite;Nublado;Nao Informado
sabado;PB;Desobediencia nas normas de transito pelo condutor;Colisao transversal;Com Vitimas Feridas;Plena Noite;Ceu Claro;Reta
sabado;GO;Ingestao de Alcool;Colisao frontal;Com Vitimas Fatais;Plena Noite;Ceu Claro;Reta
sabado;PR;Falta de Atencao do Pedestre;Atropelamento de Pedestre;Com Vitimas Feridas;Plena Noite;Ceu Claro;Reta
sabado;MG;Falta de Atencao Conducao;Queda de ocupante de veiculo;Com Vitimas Feridas;Plena Noite;Chuva;Reta
sabado;PR;Ingestao de Alcool;Colisao transversal;Sem Vitimas;Plena Noite;Ceu Claro;Rotatoria
sabado;PR;Ingestao de Alcool;Saida de leito carrocavel;Com Vitimas Feridas;Plena Noite;Ceu Claro;Reta
sabado;MG;Velocidade Incompativel;Saida de leito carrocavel;Com Vitimas Feridas;Anoitecer;Chuva;Curva
sabado;RS;Ingestao de Alcool;Saida de leito carrocavel;Com Vitimas Feridas;Anoitecer;Chuva;Reta
sabado;ES;Falta de Atencao do Pedestre;Atropelamento de Pedestre;Com Vitimas Feridas;Plena Noite;Ceu Claro;Reta
sabado;RS;Falta de Atencao Conducao;Colisao lateral;Sem Vitimas;Pleno dia;Ceu Claro;Reta
sabado;SC;Desobediencia nas normas de transito pelo condutor;Colisao transversal;Sem Vitimas;Plena Noite;Nublado;Reta
sabado;MT;Defeito na Via;Tombamento;Com Vitimas Feridas;Plena Noite;Ceu Claro;Nao Informado
sabado;RJ;Avarias e/ou desgaste excessivo no pneu;Colisao com objeto estatico;Com Vitimas Feridas;Plena Noite;Chuva;Curva
sabado;MS;Desobediencia nas normas de transito pelo condutor;Colisao traseira;Com Vitimas Feridas;Plena Noite;Ceu Claro;Retorno Regulamentado
sabado;PE;Nao guardar distancia de seguranca;Colisao traseira;Com Vitimas Fatais;Plena Noite;Nublado;Reta
sabado;PR;Falta de Atencao Conducao;Queda de ocupante de veiculo;Com Vitimas Feridas;Plena Noite;Ceu Claro;Reta
sabado;BA;Desobediencia nas normas de transito pelo condutor;Colisao transversal;Com Vitimas Feridas;Plena Noite;Ceu Claro;Reta
sabado;MG;Desobediencia nas normas de transito pelo condutor;Colisao transversal;Com Vitimas Feridas;Anoitecer;Ceu Claro;Reta
sabado;RS;Falta de Atencao Conducao;Saida de leito carrocavel;Sem Vitimas;Plena Noite;Ceu Claro;Reta
sabado;RJ;Defeito na Via;Colisao com objeto estatico;Com Vitimas Fatais;Plena Noite;Nublado;Nao Informado
sabado;GO;Defeito Mecanico no Veiculo;Danos eventuais;Sem Vitimas;Pleno dia;Ceu Claro;Reta
sabado;SP;Ingestao de Alcool;Colisao frontal;Com Vitimas Feridas;Plena Noite;Nublado;Reta
sabado;GO;Velocidade Incompativel;Colisao traseira;Com Vitimas Feridas;Plena Noite;Ceu Claro;Reta
sabado;SC;Falta de Atencao Conducao;Colisao traseira;Com Vitimas Feridas;Plena Noite;Nublado;Reta
sabado;SC;Nao guardar distancia de seguranca;Colisao traseira;Com Vitimas Feridas;Plena Noite;Ceu Claro;Reta
sabado;MT;Deficincia ou nao Acionamento do Sistema de Iluminacao/Sinalizacao do Veiculo;Colisao frontal;Com Vitimas Fatais;Plena Noite;Ceu Claro;Nao Informado
sabado;SC;Desobediencia nas normas de transito pelo condutor;Colisao transversal;Sem Vitimas;Plena Noite;Ceu Claro;Intersecao de vias
sabado;RS;Falta de Atencao Conducao;Queda de ocupante de veiculo;Com Vitimas Feridas;Plena Noite;Nublado;Reta
sabado;ES;Velocidade Incompativel;Colisao com objeto estatico;Com Vitimas Feridas;Plena Noite;Ceu Claro;Reta
sabado;SC;Defeito na Via;Tombamento;Com Vitimas Feridas;Plena Noite;Ceu Claro;Reta
sabado;SC;Velocidade Incompativel;Queda de ocupante de veiculo;Com Vitimas Feridas;Anoitecer;Ceu Claro;Curva
sabado;SP;Ingestao de Alcool;Colisao com objeto estatico;Sem Vitimas;Plena Noite;Garoa/Chuvisco;Reta
sabado;SC;Defeito Mecanico no Veiculo;Queda de ocupante de veiculo;Com Vitimas Feridas;Plena Noite;Nublado;Reta
sabado;SC;Nao guardar distancia de seguranca;Colisao traseira;Com Vitimas Feridas;Pleno dia;Ceu Claro;Reta
sabado;BA;Falta de Atencao Conducao;Colisao frontal;Sem Vitimas;Plena Noite;Ceu Claro;Reta
sabado;PR;Pista Escorregadia;Capotamento;Com Vitimas Feridas;Plena Noite;Nublado;Curva
sabado;RJ;Desobediencia nas normas de transito pelo condutor;Colisao com objeto estatico;Com Vitimas Feridas;Plena Noite;Nublado;Reta
sabado;MG;Falta de Atencao Conducao;Colisao traseira;Sem Vitimas;Plena Noite;Ceu Claro;Reta
sabado;MS;Condutor Dormindo;Saida de leito carrocavel;Com Vitimas Feridas;Plena Noite;Ceu Claro;Reta
sabado;PR;Falta de Atencao Conducao;Colisao lateral;Com Vitimas Feridas;Plena Noite;Nublado;Reta
sabado;RS;Defeito na Via;Tombamento;Com Vitimas Feridas;Plena Noite;Nublado;Curva
sabado;RJ;Falta de Atencao Conducao;Tombamento;Com Vitimas Feridas;Plena Noite;Ceu Claro;Curva
sabado;PR;Falta de Atencao Conducao;Colisao frontal;Com Vitimas Feridas;Plena Noite;Nublado;Intersecao de vias
sabado;RS;Ingestao de Alcool;Saida de leito carrocavel;Sem Vitimas;Plena Noite;Nublado;Curva
sabado;PI;Falta de Atencao do Pedestre;Atropelamento de Pedestre;Com Vitimas Fatais;Plena Noite;Nublado;Reta
sabado;SC;Agressao Externa;Colisao frontal;Com Vitimas Feridas;Plena Noite;Ceu Claro;Reta
domingo;TO;Velocidade Incompativel;Colisao traseira;Com Vitimas Fatais;Plena Noite;Ceu Claro;Reta
sabado;ES;Defeito Mecanico no Veiculo;Incendio;Sem Vitimas;Plena Noite;Ceu Claro;Reta
sabado;SC;Defeito Mecanico no Veiculo;Incendio;Sem Vitimas;Plena Noite;Nublado;Reta
sabado;SC;Ingestao de Alcool;Colisao traseira;Com Vitimas Feridas;Plena Noite;Nublado;Nao Informado
sabado;RS;Pista Escorregadia;Saida de leito carrocavel;Com Vitimas Feridas;Plena Noite;Nublado;Curva
sabado;PR;Falta de Atencao Conducao;Colisao transversal;Com Vitimas Feridas;Pleno dia;Nublado;Nao Informado
sabado;PI;Ingestao de Alcool;Colisao lateral;Com Vitimas Feridas;Plena Noite;Ceu Claro;Nao Informado
sabado;DF;Ingestao de Alcool;Colisao frontal;Sem Vitimas;Plena Noite;Ceu Claro;Reta
domingo;RN;Falta de Atencao Conducao;Colisao traseira;Com Vitimas Feridas;Pleno dia;Chuva;Reta
sabado;MS;Ingestao de Alcool;Saida de leito carrocavel;Com Vitimas Feridas;Plena Noite;Ceu Claro;Nao Informado
sabado;MT;Desobediencia nas normas de transito pelo condutor;Capotamento;Com Vitimas Feridas;Plena Noite;Ceu Claro;Reta
domingo;MG;Condutor Dormindo;Colisao com objeto estatico;Com Vitimas Feridas;Amanhecer;Ceu Claro;Curva
sabado;SC;Desobediencia nas normas de transito pelo condutor;Colisao transversal;Com Vitimas Feridas;Plena Noite;Nublado;Nao Informado
domingo;BA;Falta de Atencao Conducao;Saida de leito carrocavel;Sem Vitimas;Plena Noite;Chuva;Reta
domingo;SC;Ingestao de Alcool;Colisao lateral;Com Vitimas Feridas;Plena Noite;Ceu Claro;Reta
domingo;SC;Falta de Atencao Conducao;Colisao traseira;Sem Vitimas;Plena Noite;Ceu Claro;Nao Informado
domingo;MS;Animais na Pista;Atropelamento de Animal;Com Vitimas Feridas;Plena Noite;Chuva;Reta
domingo;SC;Ingestao de Substancias Psicoativas;Atropelamento de Pedestre;Com Vitimas Feridas;Plena Noite;Ceu Claro;Reta
domingo;GO;Ingestao de Alcool;Saida de leito carrocavel;Sem Vitimas;Plena Noite;Nevoeiro/Neblina;Curva
domingo;PE;Ingestao de Alcool;Queda de ocupante de veiculo;Com Vitimas Feridas;Plena Noite;Ceu Claro;Reta
domingo;PR;Ingestao de Alcool;Colisao traseira;Sem Vitimas;Plena Noite;Ceu Claro;Reta
domingo;PB;Falta de Atencao do Pedestre;Atropelamento de Pedestre;Com Vitimas Feridas;Plena Noite;Nublado;Reta
sabado;MS;Desobediencia nas normas de transito pelo condutor;Colisao transversal;Com Vitimas Feridas;Plena Noite;Garoa/Chuvisco;Reta
domingo;CE;Desobediencia nas normas de transito pelo condutor;Colisao transversal;Com Vitimas Feridas;Plena Noite;Chuva;Reta
domingo;PR;Falta de Atencao Conducao;Saida de leito carrocavel;Com Vitimas Feridas;Plena Noite;Ceu Claro;Reta
sabado;BA;Ingestao de Alcool;Colisao traseira;Sem Vitimas;Plena Noite;Ceu Claro;Reta
domingo;RS;Condutor Dormindo;Saida de leito carrocavel;Com Vitimas Fatais;Plena Noite;Ceu Claro;Reta
domingo;MG;Velocidade Incompativel;Saida de leito carrocavel;Com Vitimas Feridas;Plena Noite;Nublado;Curva
domingo;PE;Animais na Pista;Atropelamento de Animal;Com Vitimas Feridas;Plena Noite;Ceu Claro;Reta
domingo;RJ;Animais na Pista;Atropelamento de Animal;Com Vitimas Fatais;Plena Noite;Ignorado;Reta
domingo;SC;Ingestao de Alcool;Saida de leito carrocavel;Sem Vitimas;Plena Noite;Ceu Claro;Reta
domingo;MG;Ingestao de Alcool;Saida de leito carrocavel;Com Vitimas Feridas;Amanhecer;Ceu Claro;Curva
domingo;ES;Ingestao de Alcool;Colisao com objeto estatico;Com Vitimas Feridas;Plena Noite;Ceu Claro;Curva
domingo;GO;Condutor Dormindo;Colisao traseira;Com Vitimas Feridas;Plena Noite;Ceu Claro;Nao Informado
domingo;SP;Velocidade Incompativel;Colisao com objeto estatico;Sem Vitimas;Plena Noite;Chuva;Curva
domingo;CE;Falta de Atencao Conducao;Colisao com objeto estatico;Com Vitimas Fatais;Amanhecer;Chuva;Nao Informado
sabado;RS;Falta de Atencao Conducao;Colisao lateral;Com Vitimas Feridas;Anoitecer;Garoa/Chuvisco;Reta
domingo;SP;Falta de Atencao Conducao;Colisao com objeto estatico;Com Vitimas Feridas;Plena Noite;Nublado;Curva
domingo;AP;Falta de Atencao Conducao;Colisao com objeto estatico;Com Vitimas Feridas;Amanhecer;Ceu Claro;Curva
domingo;GO;Ingestao de Alcool;Colisao com objeto estatico;Sem Vitimas;Plena Noite;Nublado;Nao Informado
domingo;MG;Defeito Mecanico no Veiculo;Incendio;Sem Vitimas;Amanhecer;Ceu Claro;Reta
domingo;SP;Falta de Atencao Conducao;Tombamento;Com Vitimas Feridas;Plena Noite;Garoa/Chuvisco;Reta
domingo;PI;Desobediencia nas normas de transito pelo condutor;Colisao transversal;Com Vitimas Feridas;Plena Noite;Ceu Claro;Reta
domingo;SP;Ingestao de Alcool;Colisao traseira;Com Vitimas Feridas;Amanhecer;Nublado;Nao Informado
domingo;RN;Ingestao de Alcool;Colisao traseira;Sem Vitimas;Pleno dia;Ceu Claro;Reta
domingo;MT;Desobediencia nas normas de transito pelo condutor;Colisao frontal;Com Vitimas Feridas;Amanhecer;Ceu Claro;Reta
domingo;RS;Velocidade Incompativel;Saida de leito carrocavel;Sem Vitimas;Amanhecer;Nublado;Curva
domingo;RJ;Pista Escorregadia;Queda de ocupante de veiculo;Com Vitimas Feridas;Plena Noite;Chuva;Curva
domingo;PR;Ingestao de Alcool;Saida de leito carrocavel;Com Vitimas Feridas;Pleno dia;Ceu Claro;Reta
domingo;PR;Desobedincia nas normas de transito pelo pedestre;Atropelamento de Pedestre;Com Vitimas Feridas;Amanhecer;Ceu Claro;Reta
domingo;SC;Falta de Atencao Conducao;Colisao traseira;Com Vitimas Feridas;Amanhecer;Ceu Claro;Nao Informado
domingo;MG;Ingestao de Alcool;Capotamento;Sem Vitimas;Amanhecer;Garoa/Chuvisco;Nao Informado
sabado;PA;Pista Escorregadia;Saida de leito carrocavel;Com Vitimas Feridas;Plena Noite;Chuva;Reta
domingo;SP;Falta de Atencao Conducao;Colisao traseira;Com Vitimas Feridas;Pleno dia;Chuva;Reta
domingo;AL;Falta de Atencao Conducao;Colisao transversal;Sem Vitimas;Pleno dia;Garoa/Chuvisco;Curva
domingo;PR;Falta de Atencao Conducao;Colisao com objeto estatico;Sem Vitimas;Plena Noite;Ceu Claro;Reta
domingo;SC;Ingestao de Alcool;Saida de leito carrocavel;Com Vitimas Feridas;Amanhecer;Ceu Claro;Reta
domingo;SC;Falta de Atencao Conducao;Saida de leito carrocavel;Sem Vitimas;Plena Noite;Nublado;Rotatoria
domingo;PR;Falta de Atencao Conducao;Colisao traseira;Com Vitimas Feridas;Pleno dia;Ceu Claro;Reta
domingo;MG;Falta de Atencao Conducao;Colisao traseira;Com Vitimas Feridas;Amanhecer;Nevoeiro/Neblina;Reta
sabado;BA;Falta de Atencao do Pedestre;Atropelamento de Pedestre;Com Vitimas Feridas;Amanhecer;Nublado;Reta
domingo;SP;Pista Escorregadia;Colisao com objeto estatico;Com Vitimas Feridas;Amanhecer;Chuva;Reta
domingo;PR;Falta de Atencao do Pedestre;Atropelamento de Pedestre;Com Vitimas Feridas;Pleno dia;Ceu Claro;Reta
domingo;RS;Velocidade Incompativel;Capotamento;Com Vitimas Feridas;Plena Noite;Ceu Claro;Curva
domingo;PE;Ingestao de Alcool;Colisao frontal;Com Vitimas Feridas;Pleno dia;Ceu Claro;Reta
domingo;SC;Velocidade Incompativel;Colisao traseira;Com Vitimas Feridas;Amanhecer;Nublado;Reta
domingo;RS;Condutor Dormindo;Saida de leito carrocavel;Sem Vitimas;Amanhecer;Ceu Claro;Reta
domingo;SC;Falta de Atencao Conducao;Colisao traseira;Com Vitimas Feridas;Amanhecer;Nublado;Reta
domingo;MG;Defeito Mecanico no Veiculo;Capotamento;Com Vitimas Feridas;Pleno dia;Chuva;Curva
domingo;RS;Velocidade Incompativel;Tombamento;Com Vitimas Feridas;Pleno dia;Ceu Claro;Nao Informado
domingo;PR;Ingestao de Alcool;Colisao com objeto estatico;Sem Vitimas;Pleno dia;Ceu Claro;Reta
domingo;MG;Velocidade Incompativel;Colisao frontal;Com Vitimas Feridas;Pleno dia;Nublado;Curva
domingo;RS;Ingestao de Alcool;Saida de leito carrocavel;Com Vitimas Feridas;Amanhecer;Nevoeiro/Neblina;Reta
domingo;GO;Desobediencia nas normas de transito pelo condutor;Colisao traseira;Com Vitimas Feridas;Pleno dia;Ceu Claro;Reta
domingo;PR;Falta de Atencao Conducao;Saida de leito carrocavel;Sem Vitimas;Pleno dia;Sol;Curva
domingo;PR;Falta de Atencao Conducao;Colisao traseira;Com Vitimas Feridas;Plena Noite;Ceu Claro;Reta
sabado;SP;Falta de Atencao Conducao;Colisao lateral;Com Vitimas Feridas;Pleno dia;Ceu Claro;Reta
domingo;AL;Fenomenos da Natureza;Saida de leito carrocavel;Com Vitimas Feridas;Pleno dia;Chuva;Curva
domingo;AL;Fenomenos da Natureza;Saida de leito carrocavel;Sem Vitimas;Pleno dia;Chuva;Reta
sabado;MT;Ultrapassagem Indevida;Saida de leito carrocavel;Com Vitimas Fatais;Pleno dia;Ceu Claro;Reta
domingo;PR;Velocidade Incompativel;Tombamento;Com Vitimas Feridas;Pleno dia;Sol;Curva
domingo;RS;Falta de Atencao Conducao;Tombamento;Com Vitimas Feridas;Pleno dia;Ceu Claro;Reta
domingo;RN;Falta de Atencao Conducao;Colisao frontal;Com Vitimas Feridas;Plena Noite;Garoa/Chuvisco;Curva
domingo;PE;Ingestao de Alcool;Colisao lateral;Sem Vitimas;Pleno dia;Sol;Reta
domingo;BA;Pista Escorregadia;Capotamento;Com Vitimas Feridas;Pleno dia;Chuva;Curva
domingo;MG;Velocidade Incompativel;Colisao traseira;Com Vitimas Feridas;Pleno dia;Ceu Claro;Nao Informado
domingo;MG;Falta de Atencao Conducao;Colisao com objeto estatico;Com Vitimas Feridas;Pleno dia;Chuva;Curva
domingo;SP;Velocidade Incompativel;Capotamento;Com Vitimas Feridas;Pleno dia;Chuva;Curva
domingo;BA;Condutor Dormindo;Tombamento;Com Vitimas Feridas;Pleno dia;Ceu Claro;Curva
domingo;SC;Falta de Atencao Conducao;Colisao transversal;Com Vitimas Feridas;Pleno dia;Sol;Reta
domingo;MG;Velocidade Incompativel;Saida de leito carrocavel;Com Vitimas Feridas;Amanhecer;Ceu Claro;Reta
domingo;MA;Velocidade Incompativel;Colisao com objeto estatico;Com Vitimas Fatais;Pleno dia;Garoa/Chuvisco;Curva
domingo;SC;Nao guardar distancia de seguranca;Colisao traseira;Com Vitimas Feridas;Pleno dia;Ceu Claro;Reta
domingo;SC;Defeito Mecanico no Veiculo;Incendio;Sem Vitimas;Pleno dia;Ceu Claro;Reta
domingo;MT;Falta de Atencao Conducao;Saida de leito carrocavel;Com Vitimas Feridas;Pleno dia;Ceu Claro;Reta
domingo;BA;Velocidade Incompativel;Saida de leito carrocavel;Com Vitimas Feridas;Pleno dia;Nublado;Curva
domingo;MG;Pista Escorregadia;Saida de leito carrocavel;Com Vitimas Feridas;Pleno dia;Chuva;Nao Informado
domingo;ES;Falta de Atencao Conducao;Tombamento;Com Vitimas Feridas;Pleno dia;Ceu Claro;Curva
domingo;RS;Ultrapassagem Indevida;Colisao frontal;Com Vitimas Feridas;Pleno dia;Ceu Claro;Curva
domingo;PR;Falta de Atencao Conducao;Colisao traseira;Com Vitimas Feridas;Pleno dia;Sol;Intersecao de vias
domingo;MT;Pista Escorregadia;Saida de leito carrocavel;Com Vitimas Feridas;Pleno dia;Chuva;Curva
domingo;PB;Falta de Atencao Conducao;Colisao com objeto estatico;Com Vitimas Feridas;Pleno dia;Ceu Claro;Retorno Regulamentado
domingo;SC;Falta de Atencao Conducao;Colisao traseira;Com Vitimas Feridas;Pleno dia;Ceu Claro;Reta
domingo;RJ;Velocidade Incompativel;Saida de leito carrocavel;Com Vitimas Feridas;Pleno dia;Chuva;Reta
domingo;SC;Falta de Atencao Conducao;Colisao lateral;Com Vitimas Feridas;Pleno dia;Ceu Claro;Reta
domingo;SC;Velocidade Incompativel;Capotamento;Com Vitimas Feridas;Pleno dia;Ceu Claro;Reta
domingo;PR;Falta de Atencao Conducao;Tombamento;Com Vitimas Feridas;Pleno dia;Ceu Claro;Desvio Temporario
domingo;SP;Falta de Atencao Conducao;Colisao traseira;Sem Vitimas;Pleno dia;Chuva;Desvio Temporario
domingo;SC;Condutor Dormindo;Colisao frontal;Com Vitimas Feridas;Pleno dia;Nevoeiro/Neblina;Reta