dia_semana;uf;causa_acidente;tipo_acidente;classificacao_acidente;fase_dia;condicao_metereologica;tracado_via
terca-feira;SP;Defeito Mecanico no Veiculo;Colisao traseira;Com Vitimas Feridas;Plena Noite;Nublado;Reta
terca-feira;RJ;Mal Subito;Capotamento;Com Vitimas Feridas;Anoitecer;Nublado;Curva
terca-feira;ES;Agressao Externa;Tombamento;Com Vitimas Feridas;Plena Noite;Ceu Claro;Curva
terca-feira;GO;Ingestao de Alcool;Atropelamento de Pedestre;Com Vitimas Fatais;Plena Noite;Nublado;Reta
terca-feira;RS;Falta de Atencao Conducao;Colisao frontal;Com Vitimas Feridas;Plena Noite;Ceu Claro;Intersecao de vias
terca-feira;SC;Defeito Mecanico no Veiculo;Saida de leito carrocavel;Com Vitimas Feridas;Plena Noite;Ceu Claro;Reta
terca-feira;AC;Falta de Atencao Conducao;Colisao lateral;Com Vitimas Feridas;Pleno dia;Ceu Claro;Rotatoria
quarta-feira;BA;Falta de Atencao Conducao;Colisao traseira;Com Vitimas Fatais;Plena Noite;Ceu Claro;Nao Informado
quarta-feira;PR;Velocidade Incompativel;Tombamento;Com Vitimas Feridas;Plena Noite;Nevoeiro/Neblina;Curva
quarta-feira;RS;Condutor Dormindo;Colisao lateral;Sem Vitimas;Plena Noite;Chuva;Reta
terca-feira;MG;Falta de Atencao Conducao;Colisao lateral;Sem Vitimas;Plena Noite;Chuva;Reta
quarta-feira;GO;Ingestao de Alcool;Saida de leito carrocavel;Sem Vitimas;Plena Noite;Ceu Claro;Reta
quarta-feira;ES;Animais na Pista;Atropelamento de Animal;Sem Vitimas;Plena Noite;Ceu Claro;Reta
quarta-feira;RS;Falta de Atencao Conducao;Tombamento;Com Vitimas Feridas;Plena Noite;Ceu Claro;Reta
quarta-feira;GO;Ingestao de Alcool;Colisao com objeto estatico;Com Vitimas Feridas;Plena Noite;Nevoeiro/Neblina;Curva
terca-feira;PR;Falta de Atencao do Pedestre;Queda de ocupante de veiculo;Com Vitimas Feridas;Plena Noite;Ceu Claro;Reta
quarta-feira;PR;Falta de Atencao Conducao;Saida de leito carrocavel;Sem Vitimas;Amanhecer;Ceu Claro;Intersecao de vias
quarta-feira;PI;Falta de Atencao Conducao;Atropelamento de Animal;Com Vitimas Feridas;Plena Noite;Ceu Claro;Reta
quarta-feira;MG;Velocidade Incompativel;Capotamento;Com Vitimas Feridas;Plena Noite;Chuva;Curva
quarta-feira;SP;Falta de Atencao Conducao;Tombamento;Com Vitimas Feridas;Amanhecer;Ceu Claro;Curva
quarta-feira;SC;Condutor Dormindo;Colisao traseira;Com Vitimas Feridas;Plena Noite;Ceu Claro;Reta
quarta-feira;ES;Defeito Mecanico no Veiculo;Danos eventuais;Com Vitimas Feridas;Amanhecer;Ceu Claro;Reta
quarta-feira;MG;Falta de Atencao Conducao;Saida de leito carrocavel;Com Vitimas Feridas;Plena Noite;Chuva;Reta
quarta-feira;AL;Animais na Pista;Atropelamento de Animal;Com Vitimas Feridas;Amanhecer;Ceu Claro;Reta
terca-feira;BA;Ultrapassagem Indevida;Colisao frontal;Com Vitimas Fatais;Pleno dia;Ceu Claro;Reta
quarta-feira;MG;Desobediencia nas normas de transito pelo condutor;Colisao traseira;Com Vitimas Feridas;Amanhecer;Chuva;Nao Informado
quarta-feira;MG;Falta de Atencao Conducao;Queda de ocupante de veiculo;Com Vitimas Feridas;Plena Noite;Nublado;Reta
quarta-feira;BA;Desobediencia nas normas de transito pelo condutor;Saida de leito carrocavel;Com Vitimas Feridas;Pleno dia;Sol;Reta
quarta-feira;BA;Velocidade Incompativel;Colisao lateral;Com Vitimas Fatais;Amanhecer;Ceu Claro;Curva
quarta-feira;SC;Nao guardar distancia de seguranca;Colisao lateral;Com Vitimas Feridas;Pleno dia;Ceu Claro;Reta
quarta-feira;SP;Velocidade Incompativel;Colisao traseira;Com Vitimas Feridas;Amanhecer;Nublado;Reta
quarta-feira;RS;Falta de Atencao Conducao;Colisao lateral;Com Vitimas Feridas;Pleno dia;Nublado;Reta
quarta-feira;SC;Falta de Atencao Conducao;Colisao traseira;Com Vitimas Feridas;Plena Noite;Ceu Claro;Reta
quarta-feira;PB;Falta de Atencao Conducao;Colisao transversal;Com Vitimas Feridas;Amanhecer;Ceu Claro;Intersecao de vias
terca-feira;SC;Falta de Atencao Conducao;Colisao lateral;Com Vitimas Feridas;Pleno dia;Nublado;Reta
quarta-feira;ES;Falta de Atencao Conducao;Colisao transversal;Sem Vitimas;Pleno dia;Nublado;Nao Informado
quarta-feira;PR;Restricao de Visibilidade;Colisao traseira;Com Vitimas Feridas;Amanhecer;Sol;Nao Informado
quarta-feira;PB;Falta de Atencao Conducao;Colisao transversal;Com Vitimas Feridas;Pleno dia;Sol;Intersecao de vias
quarta-feira;GO;Falta de Atencao Conducao;Colisao traseira;Com Vitimas Feridas;Pleno dia;Ceu Claro;Reta
quarta-feira;RN;Desobediencia nas normas de transito pelo condutor;Colisao lateral;Com Vitimas Feridas;Pleno dia;Ceu Claro;Reta
quinta-feira;MG;Mal Subito;Saida de leito carrocavel;Com Vitimas Feridas;Plena Noite;Ignorado;Reta
quarta-feira;DF;Falta de Atencao Conducao;Colisao lateral;Com Vitimas Feridas;Pleno dia;Ceu Claro;Reta
quarta-feira;GO;Falta de Atencao Conducao;Colisao traseira;Com Vitimas Feridas;Pleno dia;Sol;Reta
sexta-feira;BA;Falta de Atencao Conducao;Colisao lateral;Com Vitimas Feridas;Pleno dia;Ceu Claro;Reta
quarta-feira;RJ;Defeito Mecanico no Veiculo;Incendio;Sem Vitimas;Pleno dia;Ceu Claro;Reta
quarta-feira;SC;Nao guardar distancia de seguranca;Colisao traseira;Sem Vitimas;Pleno dia;Ceu Claro;Reta
quarta-feira;SP;Falta de Atencao Conducao;Colisao traseira;Com Vitimas Feridas;Pleno dia;Nublado;Reta
quarta-feira;PB;Nao guardar distancia de seguranca;Engavetamento;Com Vitimas Feridas;Pleno dia;Ceu Claro;Reta
quarta-feira;PB;Ingestao de Alcool e/ou substancias psicoativas pelo pedestre;Colisao traseira;Sem Vitimas;Pleno dia;Ceu Claro;Intersecao de vias
quarta-feira;PB;Defeito na Via;Capotamento;Com Vitimas Feridas;Pleno dia;Ceu Claro;Reta
quarta-feira;PR;Falta de Atencao Conducao;Colisao transversal;Sem Vitimas;Pleno dia;Ceu Claro;Nao Informado
quarta-feira;PR;Falta de Atencao Conducao;Saida de leito carrocavel;Com Vitimas Feridas;Pleno dia;Nevoeiro/Neblina;Curva
quarta-feira;GO;Falta de Atencao Conducao;Colisao lateral;Com Vitimas Feridas;Pleno dia;Ceu Claro;Reta
quarta-feira;MA;Velocidade Incompativel;Saida de leito carrocavel;Com Vitimas Feridas;Pleno dia;Ceu Claro;Curva
quarta-feira;DF;Falta de Atencao Conducao;Colisao lateral;Com Vitimas Feridas;Pleno dia;Ceu Claro;Nao Informado
quarta-feira;DF;Velocidade Incompativel;Atropelamento de Pedestre;Com Vitimas Fatais;Pleno dia;Nublado;Reta
quarta-feira;SC;Falta de Atencao Conducao;Colisao com objeto estatico;Com Vitimas Feridas;Pleno dia;Ceu Claro;Nao Informado
quarta-feira;MT;Defeito Mecanico no Veiculo;Saida de leito carrocavel;Com Vitimas Feridas;Pleno dia;Ceu Claro;Reta
quarta-feira;RJ;Falta de Atencao Conducao;Colisao traseira;Com Vitimas Feridas;Pleno dia;Ceu Claro;Reta
quarta-feira;GO;Nao guardar distancia de seguranca;Colisao traseira;Com Vitimas Feridas;Pleno dia;Ceu Claro;Reta
quarta-feira;PA;Falta de Atencao Conducao;Colisao lateral;Com Vitimas Feridas;Pleno dia;Ceu Claro;Intersecao de vias
quarta-feira;GO;Defeito Mecanico no Veiculo;Capotamento;Com Vitimas Feridas;Pleno dia;Ceu Claro;Reta
domingo;MA;Defeito na Via;Colisao traseira;Com Vitimas Feridas;Pleno dia;Ceu Claro;Reta
sexta-feira;RO;Restricao de Visibilidade;Colisao lateral;Com Vitimas Fatais;Pleno dia;Chuva;Nao Informado
domingo;SC;Falta de Atencao do Pedestre;Atropelamento de Pedestre;Com Vitimas Feridas;Pleno dia;Ceu Claro;Reta
quarta-feira;MG;Falta de Atencao Conducao;Atropelamento de Pedestre;Com Vitimas Feridas;Pleno dia;Ceu Claro;Reta
quarta-feira;SC;Desobediencia nas normas de transito pelo condutor;Colisao transversal;Com Vitimas Feridas;Pleno dia;Ceu Claro;Intersecao de vias
quarta-feira;RS;Falta de Atencao Conducao;Colisao lateral;Sem Vitimas;Pleno dia;Ceu Claro;Reta
quarta-feira;RN;Falta de Atencao do Pedestre;Atropelamento de Pedestre;Com Vitimas Feridas;Pleno dia;Sol;Reta
quarta-feira;PR;Falta de Atencao Conducao;Tombamento;Com Vitimas Feridas;Pleno dia;Ceu Claro;Reta
quarta-feira;MG;Carga excessiva e/ou mal acondicionada;Tombamento;Com Vitimas Feridas;Pleno dia;Ceu Claro;Curva
quarta-feira;SC;Velocidade Incompativel;Tombamento;Com Vitimas Feridas;Amanhecer;Ceu Claro;Curva
quarta-feira;MG;Velocidade Incompativel;Saida de leito carrocavel;Com Vitimas Feridas;Pleno dia;Chuva;Curva
quarta-feira;SC;Velocidade Incompativel;Saida de leito carrocavel;Com Vitimas Feridas;Amanhecer;Ceu Claro;Reta
quarta-feira;MT;Falta de Atencao Conducao;Saida de leito carrocavel;Com Vitimas Feridas;Pleno dia;Nublado;Reta
quarta-feira;SC;Mal Subito;Queda de ocupante de veiculo;Com Vitimas Feridas;Pleno dia;Ceu Claro;Reta
quarta-feira;CE;Defeito Mecanico no Veiculo;Colisao traseira;Sem Vitimas;Pleno dia;Ceu Claro;Reta
quarta-feira;GO;Falta de Atencao Conducao;Colisao traseira;Com Vitimas Feridas;Pleno dia;Ceu Claro;Reta
quarta-feira;BA;Falta de Atencao Conducao;Colisao transversal;Com Vitimas Feridas;Pleno dia;Ceu Claro;Reta
quarta-feira;DF;Defeito Mecanico no Veiculo;Queda de ocupante de veiculo;Com Vitimas Feridas;Pleno dia;Ceu Claro;Reta
quarta-feira;CE;Falta de Atencao Conducao;Colisao transversal;Com Vitimas Feridas;Pleno dia;Ceu Claro;Reta
quarta-feira;AL;Nao guardar distancia de seguranca;Queda de ocupante de veiculo;Com Vitimas Feridas;Pleno dia;Ceu Claro;Reta
quarta-feira;MT;Desobediencia nas normas de transito pelo condutor;Colisao lateral;Com Vitimas Feridas;Pleno dia;Sol;Reta
quarta-feira;AP;Desobediencia nas normas de transito pelo condutor;Colisao lateral;Com Vitimas Feridas;Pleno dia;Ceu Claro;Reta
quarta-feira;PR;Carga excessiva e/ou mal acondicionada;Capotamento;Com Vitimas Feridas;Pleno dia;Ceu Claro;Curva
quarta-feira;ES;Nao guardar distancia de seguranca;Colisao traseira;Com Vitimas Feridas;Pleno dia;Chuva;Reta
quarta-feira;ES;Mal Subito;Saida de leito carrocavel;Com Vitimas Feridas;Pleno dia;Nublado;Reta
quarta-feira;MT;Desobediencia nas normas de transito pelo condutor;Colisao transversal;Com Vitimas Feridas;Pleno dia;Ceu Claro;Nao Informado
quarta-feira;PE;Falta de Atencao Conducao;Colisao transversal;Com Vitimas Feridas;Pleno dia;Sol;Intersecao de vias
quarta-feira;MG;Velocidade Incompativel;Saida de leito carrocavel;Com Vitimas Feridas;Pleno dia;Chuva;Curva
quarta-feira;PE;Falta de Atencao Conducao;Colisao lateral;Sem Vitimas;Pleno dia;Ceu Claro;Reta
quarta-feira;RN;Nao guardar distancia de seguranca;Colisao traseira;Sem Vitimas;Pleno dia;Ceu Claro;Nao Informado
quarta-feira;RJ;Velocidade Incompativel;Tombamento;Sem Vitimas;Pleno dia;Ceu Claro;Curva
quarta-feira;MT;Falta de Atencao Conducao;Colisao lateral;Com Vitimas Feridas;Pleno dia;Ceu Claro;Reta
segunda-feira;RN;Falta de Atencao do Pedestre;Atropelamento de Pedestre;Com Vitimas Feridas;Plena Noite;Nublado;Reta
quarta-feira;PR;Falta de Atencao Conducao;Colisao traseira;Com Vitimas Feridas;Pleno dia;Ceu Claro;Nao Informado
quarta-feira;MG;Falta de Atencao Conducao;Colisao traseira;Com Vitimas Feridas;Pleno dia;Chuva;Reta
quarta-feira;MG;Falta de Atencao Conducao;Engavetamento;Com Vitimas Feridas;Pleno dia;Chuva;Reta
quarta-feira;CE;Defeito Mecanico no Veiculo;Incendio;Sem Vitimas;Pleno dia;Ceu Claro;Reta
quarta-feira;SC;Defeito Mecanico no Veiculo;Incendio;Sem Vitimas;Pleno dia;Sol;Reta
quarta-feira;PE;Desobediencia nas normas de transito pelo condutor;Colisao transversal;Com Vitimas Feridas;Pleno dia;Ceu Claro;Intersecao de vias
quarta-feira;MS;Falta de Atencao Conducao;Colisao lateral;Com Vitimas Feridas;Pleno dia;Ceu Claro;Reta
quarta-feira;RS;Falta de Atencao Conducao;Colisao transversal;Sem Vitimas;Pleno dia;Nublado;Reta
quarta-feira;GO;Falta de Atencao Conducao;Colisao traseira;Com Vitimas Feridas;Pleno dia;Ceu Claro;Reta
quarta-feira;PB;Velocidade Incompativel;Saida de leito carrocavel;Com Vitimas Feridas;Pleno dia;Chuva;Curva
quarta-feira;BA;Falta de Atencao Conducao;Colisao transversal;Com Vitimas Fatais;Pleno dia;Sol;Retorno Regulamentado
quarta-feira;PB;Falta de Atencao Conducao;Colisao traseira;Sem Vitimas;Pleno dia;Ceu Claro;Reta
quarta-feira;MG;Mal Subito;Capotamento;Com Vitimas Feridas;Pleno dia;Chuva;Reta
quarta-feira;PA;Desobediencia nas normas de transito pelo condutor;Tombamento;Sem Vitimas;Pleno dia;Ceu Claro;Reta
quarta-feira;MT;Pista Escorregadia;Colisao frontal;Com Vitimas Fatais;Pleno dia;Chuva;Curva
quarta-feira;PI;Falta de Atencao Conducao;Colisao traseira;Sem Vitimas;Pleno dia;Ceu Claro;Reta
quarta-feira;SC;Falta de Atencao Conducao;Engavetamento;Com Vitimas Feridas;Pleno dia;Ceu Claro;Reta
quarta-feira;MG;Falta de Atencao do Pedestre;Atropelamento de Pedestre;Com Vitimas Feridas;Pleno dia;Nublado;Nao Informado
quarta-feira;PE;Avarias e/ou desgaste excessivo no pneu;Tombamento;Com Vitimas Feridas;Pleno dia;Nublado;Reta
quarta-feira;PI;Falta de Atencao Conducao;Colisao lateral;Com Vitimas Feridas;Pleno dia;Ceu Claro;Reta
quarta-feira;PR;Desobediencia nas normas de transito pelo condutor;Colisao transversal;Com Vitimas Feridas;Pleno dia;Nublado;Reta
quarta-feira;SC;Falta de Atencao Conducao;Colisao lateral;Com Vitimas Feridas;Pleno dia;Nublado;Reta
quarta-feira;BA;Desobediencia nas normas de transito pelo condutor;Colisao lateral;Com Vitimas Feridas;Pleno dia;Ceu Claro;Reta
terca-feira;ES;Falta de Atencao Conducao;Colisao transversal;Com Vitimas Feridas;Anoitecer;Ceu Claro;Reta
quarta-feira;CE;Falta de Atencao Conducao;Colisao traseira;Com Vitimas Feridas;Pleno dia;Chuva;Curva
quarta-feira;CE;Mal Subito;Saida de leito carrocavel;Com Vitimas Feridas;Pleno dia;Nublado;Reta
quarta-feira;SC;Velocidade Incompativel;Colisao transversal;Com Vitimas Feridas;Pleno dia;Ceu Claro;Reta
quarta-feira;RJ;Falta de Atencao Conducao;Colisao lateral;Com Vitimas Fatais;Pleno dia;Sol;Reta
quarta-feira;MG;Pista Escorregadia;Colisao lateral;Com Vitimas Feridas;Pleno dia;Chuva;Nao Informado
quarta-feira;MG;Falta de Atencao Conducao;Colisao transversal;Com Vitimas Feridas;Pleno dia;Chuva;Rotatoria
quarta-feira;MG;Velocidade Incompativel;Colisao com objeto estatico;Sem Vitimas;Pleno dia;Chuva;Curva
quarta-feira;SC;Falta de Atencao Conducao;Saida de leito carrocavel;Com Vitimas Feridas;Pleno dia;Sol;Reta
quarta-feira;SE;Velocidade Incompativel;Saida de leito carrocavel;Com Vitimas Feridas;Pleno dia;Nublado;Reta
quarta-feira;MS;Defeito Mecanico no Veiculo;Incendio;Sem Vitimas;Pleno dia;Ceu Claro;Reta
quarta-feira;BA;Falta de Atencao Conducao;Colisao lateral;Sem Vitimas;Pleno dia;Ceu Claro;Reta
quarta-feira;PE;Falta de Atencao Conducao;Queda de ocupante de veiculo;Com Vitimas Feridas;Pleno dia;Ceu Claro;Reta
terca-feira;PI;Animais na Pista;Atropelamento de Animal;Com Vitimas Fatais;Plena Noite;Ceu Claro;Reta
quarta-feira;MS;Condutor Dormindo;Saida de leito carrocavel;Com Vitimas Feridas;Pleno dia;Ceu Claro;Reta
quarta-feira;BA;Ultrapassagem Indevida;Colisao lateral;Com Vitimas Fatais;Pleno dia;Ceu Claro;Reta
quarta-feira;RJ;Falta de Atencao Conducao;Colisao lateral;Com Vitimas Feridas;Pleno dia;Ceu Claro;Reta
quarta-feira;RS;Nao guardar distancia de seguranca;Colisao traseira;Com Vitimas Feridas;Pleno dia;Nublado;Reta
quarta-feira;ES;Defeito Mecanico no Veiculo;Colisao traseira;Sem Vitimas;Pleno dia;Nublado;Curva
quarta-feira;SP;Desobediencia nas normas de transito pelo condutor;Queda de ocupante de veiculo;Com Vitimas Feridas;Pleno dia;Ceu Claro;Reta
quarta-feira;SC;Falta de Atencao Conducao;Colisao transversal;Com Vitimas Feridas;Pleno dia;Ceu Claro;Curva
quarta-feira;MA;Falta de Atencao Conducao;Colisao frontal;Com Vitimas Feridas;Pleno dia;Ceu Claro;Reta
quarta-feira;CE;Falta de Atencao Conducao;Colisao traseira;Com Vitimas Fatais;Plena Noite;Ceu Claro;Reta
quarta-feira;ES;Falta de Atencao Conducao;Colisao traseira;Com Vitimas Feridas;Plena Noite;Nublado;Intersecao de vias
quarta-feira;PR;Falta de Atencao Conducao;Colisao lateral;Com Vitimas Feridas;Anoitecer;Ceu Claro;Reta
quarta-feira;MS;Falta de Atencao Conducao;Saida de leito carrocavel;Com Vitimas Feridas;Pleno dia;Ceu Claro;Curva
quarta-feira;MG;Falta de Atencao Conducao;Colisao transversal;Com Vitimas Feridas;Pleno dia;Sol;Reta
quarta-feira;RJ;Falta de Atencao do Pedestre;Atropelamento de Pedestre;Com Vitimas Feridas;Plena Noite;Chuva;Rotatoria
quarta-feira;MG;Nao guardar distancia de seguranca;Colisao traseira;Com Vitimas Feridas;Anoitecer;Nublado;Reta
quarta-feira;MG;Desobediencia nas normas de transito pelo condutor;Colisao lateral;Com Vitimas Feridas;Plena Noite;Ceu Claro;Curva
quarta-feira;PR;Falta de Atencao Conducao;Colisao lateral;Com Vitimas Feridas;Anoitecer;Ceu Claro;Reta
quarta-feira;PR;Falta de Atencao Conducao;Colisao lateral;Com Vitimas Feridas;Anoitecer;Nublado;Reta
quarta-feira;RO;Nao guardar distancia de seguranca;Colisao lateral;Com Vitimas Feridas;Pleno dia;Sol;Intersecao de vias
quarta-feira;PI;Desobediencia nas normas de transito pelo condutor;Colisao transversal;Com Vitimas Feridas;Anoitecer;Ceu Claro;Reta
quarta-feira;PR;Nao guardar distancia de seguranca;Colisao lateral;Com Vitimas Feridas;Anoitecer;Ceu Claro;Intersecao de vias
quarta-feira;ES;Ingestao de Alcool;Colisao traseira;Com Vitimas Feridas;Plena Noite;Nublado;Nao Informado
quarta-feira;SC;Falta de Atencao Conducao;Colisao traseira;Com Vitimas Feridas;Anoitecer;Ceu Claro;Reta
quarta-feira;PR;Desobediencia nas normas de transito pelo condutor;Atropelamento de Pedestre;Com Vitimas Feridas;Plena Noite;Ceu Claro;Curva
quarta-feira;SC;Desobediencia nas normas de transito pelo condutor;Colisao lateral;Com Vitimas Feridas;Anoitecer;Nublado;Nao Informado
quarta-feira;PE;Nao guardar distancia de seguranca;Colisao traseira;Com Vitimas Feridas;Anoitecer;Ceu Claro;Reta
quarta-feira;MT;Desobediencia nas normas de transito pelo condutor;Colisao transversal;Com Vitimas Feridas;Pleno dia;Nublado;Reta
quarta-feira;MG;Nao guardar distancia de seguranca;Colisao traseira;Com Vitimas Feridas;Pleno dia;Nublado;Reta
quarta-feira;BA;Falta de Atencao Conducao;Colisao transversal;Com Vitimas Feridas;Plena Noite;Ceu Claro;Curva
quarta-feira;PR;Carga excessiva e/ou mal acondicionada;Danos eventuais;Com Vitimas Feridas;Anoitecer;Ceu Claro;Reta
quarta-feira;RO;Falta de Atencao Conducao;Saida de leito carrocavel;Com Vitimas Feridas;Pleno dia;Chuva;Curva
quarta-feira;MG;Falta de Atencao Conducao;Engavetamento;Com Vitimas Feridas;Pleno dia;Nublado;Reta
quarta-feira;ES;Falta de Atencao Conducao;Colisao transversal;Com Vitimas Feridas;Plena Noite;Ceu Claro;Reta
quarta-feira;DF;Falta de Atencao Conducao;Colisao lateral;Com Vitimas Feridas;Plena Noite;Ceu Claro;Reta
quarta-feira;GO;Falta de Atencao do Pedestre;Atropelamento de Pedestre;Com Vitimas Fatais;Plena Noite;Ceu Claro;Reta
quarta-feira;BA;Falta de Atencao Conducao;Colisao traseira;Com Vitimas Feridas;Anoitecer;Ceu Claro;Reta
quarta-feira;PR;Falta de Atencao Conducao;Queda de ocupante de veiculo;Com Vitimas Feridas;Plena Noite;Ceu Claro;Curva
quarta-feira;PR;Falta de Atencao Conducao;Colisao lateral;Com Vitimas Feridas;Plena Noite;Ceu Claro;Reta
quarta-feira;RS;Falta de Atencao Conducao;Colisao transversal;Com Vitimas Feridas;Plena Noite;Ceu Claro;Rotatoria
quarta-feira;RJ;Desobediencia nas normas de transito pelo condutor;Colisao frontal;Com Vitimas Fatais;Plena Noite;Nublado;Curva
quarta-feira;PR;Desobediencia nas normas de transito pelo condutor;Colisao traseira;Com Vitimas Feridas;Anoitecer;Ceu Claro;Reta
quarta-feira;MA;Falta de Atencao Conducao;Colisao transversal;Com Vitimas Feridas;Pleno dia;Ceu Claro;Reta
quarta-feira;RJ;Nao guardar distancia de seguranca;Colisao traseira;Com Vitimas Feridas;Plena Noite;Nublado;Reta
quarta-feira;MT;Falta de Atencao Conducao;Colisao transversal;Com Vitimas Feridas;Plena Noite;Ceu Claro;Nao Informado
quarta-feira;MG;Falta de Atencao Conducao;Colisao traseira;Com Vitimas Feridas;Plena Noite;Ceu Claro;Nao Informado
quarta-feira;RS;Nao guardar distancia de seguranca;Colisao traseira;Com Vitimas Feridas;Plena Noite;Nublado;Reta
quarta-feira;SP;Ingestao de Alcool;Colisao com objeto estatico;Com Vitimas Feridas;Plena Noite;Ceu Claro;Desvio Temporario
quarta-feira;MG;Ingestao de Alcool;Colisao traseira;Com Vitimas Feridas;Plena Noite;Nublado;Reta
quarta-feira;RS;Ingestao de Alcool;Colisao transversal;Com Vitimas Feridas;Plena Noite;Ceu Claro;Intersecao de vias
segunda-feira;MG;Animais na Pista;Atropelamento de Animal;Com Vitimas Feridas;Plena Noite;Nublado;Reta
quarta-feira;MG;Ingestao de Alcool;Colisao frontal;Com Vitimas Feridas;Plena Noite;Nublado;Curva
quarta-feira;GO;Falta de Atencao Conducao;Colisao transversal;Com Vitimas Feridas;Plena Noite;Ceu Claro;Reta
quarta-feira;RJ;Falta de Atencao Conducao;Colisao lateral;Com Vitimas Feridas;Pleno dia;Ceu Claro;Reta
quarta-feira;RJ;Falta de Atencao Conducao;Capotamento;Com Vitimas Feridas;Pleno dia;Ceu Claro;Curva
quarta-feira;MG;Desobediencia nas normas de transito pelo condutor;Colisao lateral;Com Vitimas Feridas;Anoitecer;Nublado;Nao Informado
quarta-feira;MG;Falta de Atencao Conducao;Colisao traseira;Com Vitimas Fatais;Pleno dia;Nublado;Reta
quarta-feira;PR;Falta de Atencao Conducao;Colisao frontal;Com Vitimas Feridas;Anoitecer;Ceu Claro;Reta
quarta-feira;DF;Falta de Atencao Conducao;Colisao traseira;Com Vitimas Feridas;Plena Noite;Ceu Claro;Desvio Temporario
quarta-feira;RS;Falta de Atencao Conducao;Saida de leito carrocavel;Com Vitimas Feridas;Plena Noite;Ceu Claro;Retorno Regulamentado
quarta-feira;PB;Pista Escorregadia;Engavetamento;Sem Vitimas;Plena Noite;Chuva;Reta
quarta-feira;SC;Velocidade Incompativel;Colisao com objeto estatico;Sem Vitimas;Plena Noite;Garoa/Chuvisco;Nao Informado
quarta-feira;SC;Falta de Atencao Conducao;Colisao com objeto estatico;Com Vitimas Feridas;Plena Noite;Nublado;Reta
quarta-feira;PB;Desobediencia nas normas de transito pelo condutor;Colisao traseira;Sem Vitimas;Plena Noite;Ceu Claro;Reta
quinta-feira;RS;Falta de Atencao Conducao;Saida de leito carrocavel;Com Vitimas Feridas;Plena Noite;Ceu Claro;Reta
quinta-feira;SC;Ingestao de Alcool;Saida de leito carrocavel;Sem Vitimas;Plena Noite;Nublado;Nao Informado
quarta-feira;RO;Defeito Mecanico no Veiculo;Incendio;Sem Vitimas;Plena Noite;Nevoeiro/Neblina;Reta
quinta-feira;RS;Ingestao de Alcool;Colisao traseira;Com Vitimas Feridas;Plena Noite;Ceu Claro;Reta
quinta-feira;SC;Ingestao de Alcool;Colisao traseira;Com Vitimas Feridas;Plena Noite;Nublado;Reta
quarta-feira;MG;Falta de Atencao do Pedestre;Atropelamento de Pedestre;Com Vitimas Fatais;Plena Noite;Ceu Claro;Reta
quinta-feira;PR;Falta de Atencao do Pedestre;Atropelamento de Pedestre;Com Vitimas Feridas;Plena Noite;Ceu Claro;Reta
quinta-feira;SC;Velocidade Incompativel;Capotamento;Com Vitimas Feridas;Plena Noite;Ceu Claro;Curva
quinta-feira;MG;Falta de Atencao Conducao;Saida de leito carrocavel;Com Vitimas Feridas;Plena Noite;Ignorado;Curva
quinta-feira;PR;Velocidade Incompativel;Tombamento;Com Vitimas Feridas;Plena Noite;Ignorado;Curva
quinta-feira;GO;Deficincia ou nao Acionamento do Sistema de Iluminacao/Sinalizacao do Veiculo;Colisao traseira;Com Vitimas Feridas;Plena Noite;Ceu Claro;Reta
quinta-feira;RJ;Velocidade Incompativel;Tombamento;Sem Vitimas;Plena Noite;Ceu Claro;Curva
quinta-feira;MG;Mal Subito;Capotamento;Com Vitimas Feridas;Amanhecer;Ceu Claro;Curva
quarta-feira;SP;Falta de Atencao Conducao;Queda de ocupante de veiculo;Com Vitimas Feridas;Plena Noite;Ceu Claro;Curva
quarta-feira;SP;Velocidade Incompativel;Tombamento;Com Vitimas Feridas;Pleno dia;Ceu Claro;Nao Informado
quinta-feira;PE;Carga excessiva e/ou mal acondicionada;Derramamento de carga;Com Vitimas Feridas;Pleno dia;Ceu Claro;Reta
quinta-feira;MT;Animais na Pista;Atropelamento de Animal;Com Vitimas Feridas;Plena Noite;Ceu Claro;Reta
quinta-feira;MG;Falta de Atencao do Pedestre;Capotamento;Com Vitimas Feridas;Plena Noite;Garoa/Chuvisco;Reta
quinta-feira;RN;Nao guardar distancia de seguranca;Colisao lateral;Com Vitimas Feridas;Pleno dia;Ceu Claro;Reta
quinta-feira;PR;Ingestao de Alcool;Colisao frontal;Com Vitimas Feridas;Amanhecer;Ceu Claro;Reta
quinta-feira;SC;Nao guardar distancia de seguranca;Colisao traseira;Com Vitimas Feridas;Pleno dia;Ceu Claro;Reta
quinta-feira;SP;Nao guardar distancia de seguranca;Colisao traseira;Com Vitimas Feridas;Amanhecer;Ceu Claro;Reta
quinta-feira;CE;Nao guardar distancia de seguranca;Colisao traseira;Com Vitimas Feridas;Pleno dia;Nublado;Reta
quinta-feira;RJ;Falta de Atencao Conducao;Colisao traseira;Com Vitimas Feridas;Pleno dia;Ceu Claro;Reta