dia_semana;uf;causa_acidente;tipo_acidente;classificacao_acidente;fase_dia;condicao_metereologica;tracado_via
quinta-feira;SC;Ingestao de Alcool e/ou substancias psicoativas pelo pedestre;Colisao lateral;Sem Vitimas;Plena Noite;Ceu Claro;Reta
quinta-feira;MG;Nao guardar distancia de seguranca;Engavetamento;Com Vitimas Feridas;Pleno dia;Nublado;Nao Informado
sexta-feira;PI;Falta de Atencao Conducao;Saida de leito carrocavel;Com Vitimas Feridas;Plena Noite;Chuva;Curva
quinta-feira;BA;Velocidade Incompativel;Colisao traseira;Com Vitimas Feridas;Plena Noite;Ceu Claro;Reta
sexta-feira;GO;Falta de Atencao Conducao;Queda de ocupante de veiculo;Com Vitimas Feridas;Plena Noite;Ceu Claro;Reta
quinta-feira;BA;Falta de Atencao Conducao;Colisao transversal;Com Vitimas Feridas;Plena Noite;Ceu Claro;Reta
quinta-feira;GO;Defeito na Via;Saida de leito carrocavel;Com Vitimas Feridas;Plena Noite;Ceu Claro;Reta
sexta-feira;MT;Ingestao de Alcool;Saida de leito carrocavel;Com Vitimas Feridas;Plena Noite;Ceu Claro;Reta
sexta-feira;SC;Falta de Atencao Conducao;Colisao traseira;Com Vitimas Feridas;Plena Noite;Garoa/Chuvisco;Reta
sexta-feira;ES;Desobediencia nas normas de transito pelo condutor;Colisao frontal;Com Vitimas Feridas;Plena Noite;Ceu Claro;Nao Informado
sexta-feira;PR;Ingestao de Alcool;Colisao frontal;Com Vitimas Feridas;Plena Noite;Ceu Claro;Reta
sexta-feira;AM;Falta de Atencao do Pedestre;Atropelamento de Pedestre;Com Vitimas Fatais;Plena Noite;Nublado;Reta
sexta-feira;SC;Ingestao de Alcool;Colisao traseira;Com Vitimas Feridas;Plena Noite;Ceu Claro;Reta
sexta-feira;SC;Animais na Pista;Atropelamento de Animal;Com Vitimas Feridas;Plena Noite;Nublado;Reta
sexta-feira;RS;Desobediencia nas normas de transito pelo condutor;Colisao frontal;Com Vitimas Fatais;Plena Noite;Ceu Claro;Curva
sexta-feira;PR;Velocidade Incompativel;Colisao com objeto estatico;Com Vitimas Feridas;Plena Noite;Ceu Claro;Curva
sexta-feira;GO;Condutor Dormindo;Saida de leito carrocavel;Com Vitimas Feridas;Pleno dia;Ceu Claro;Reta
quinta-feira;RR;Falta de Atencao Conducao;Colisao traseira;Com Vitimas Fatais;Plena Noite;Ceu Claro;Reta
sexta-feira;SP;Falta de Atencao Conducao;Saida de leito carrocavel;Com Vitimas Feridas;Plena Noite;Ceu Claro;Reta
sexta-feira;SP;Ingestao de Alcool;Colisao frontal;Sem Vitimas;Plena Noite;Nublado;Reta
sexta-feira;GO;Defeito Mecanico no Veiculo;Incendio;Sem Vitimas;Plena Noite;Nublado;Curva
sexta-feira;SC;Velocidade Incompativel;Colisao traseira;Sem Vitimas;Plena Noite;Nublado;Reta
sexta-feira;AL;Falta de Atencao Conducao;Capotamento;Com Vitimas Feridas;Pleno dia;Sol;Reta
sexta-feira;SP;Desobediencia nas normas de transito pelo condutor;Colisao transversal;Com Vitimas Feridas;Plena Noite;Ceu Claro;Intersecao de vias
sexta-feira;MT;Ingestao de Alcool;Tombamento;Com Vitimas Feridas;Plena Noite;Ceu Claro;Nao Informado
sexta-feira;BA;Condutor Dormindo;Capotamento;Com Vitimas Feridas;Pleno dia;Ceu Claro;Reta
sexta-feira;PB;Falta de Atencao Conducao;Saida de leito carrocavel;Sem Vitimas;Amanhecer;Ceu Claro;Nao Informado
quinta-feira;SC;Velocidade Incompativel;Colisao com objeto estatico;Sem Vitimas;Plena Noite;Ceu Claro;Reta
sexta-feira;SP;Velocidade Incompativel;Colisao traseira;Com Vitimas Feridas;Amanhecer;Ceu Claro;Nao Informado
sexta-feira;SC;Falta de Atencao Conducao;Colisao lateral;Sem Vitimas;Amanhecer;Ceu Claro;Reta
sexta-feira;RJ;Ingestao de Alcool;Saida de leito carrocavel;Com Vitimas Feridas;Pleno dia;Ceu Claro;Curva
sexta-feira;RN;Defeito na Via;Saida de leito carrocavel;Com Vitimas Feridas;Pleno dia;Nublado;Reta
sexta-feira;RN;Desobediencia nas normas de transito pelo condutor;Colisao lateral;Com Vitimas Feridas;Pleno dia;Ceu Claro;Reta
sexta-feira;RS;Desobediencia nas normas de transito pelo condutor;Colisao frontal;Com Vitimas Feridas;Amanhecer;Ceu Claro;Reta
sexta-feira;RS;Velocidade Incompativel;Colisao com objeto estatico;Com Vitimas Feridas;Pleno dia;Nublado;Curva
sexta-feira;RJ;Falta de Atencao do Pedestre;Atropelamento de Pedestre;Com Vitimas Feridas;Pleno dia;Ceu Claro;Reta
sexta-feira;RJ;Condutor Dormindo;Colisao traseira;Com Vitimas Feridas;Plena Noite;Ceu Claro;Reta
sexta-feira;GO;Falta de Atencao Conducao;Colisao transversal;Com Vitimas Feridas;Pleno dia;Sol;Reta
sexta-feira;RS;Ingestao de Alcool;Colisao com objeto estatico;Sem Vitimas;Pleno dia;Nevoeiro/Neblina;Curva
sexta-feira;PR;Velocidade Incompativel;Saida de leito carrocavel;Com Vitimas Fatais;Amanhecer;Ceu Claro;Reta
sexta-feira;SC;Ingestao de Alcool;Colisao transversal;Sem Vitimas;Pleno dia;Ceu Claro;Reta
sexta-feira;SP;Falta de Atencao Conducao;Colisao traseira;Com Vitimas Feridas;Pleno dia;Ceu Claro;Reta
sexta-feira;MG;Desobediencia nas normas de transito pelo condutor;Colisao traseira;Com Vitimas Feridas;Pleno dia;Ceu Claro;Reta
quinta-feira;MT;Ultrapassagem Indevida;Colisao frontal;Com Vitimas Fatais;Plena Noite;Ceu Claro;Desvio Temporario
sexta-feira;PR;Desobediencia nas normas de transito pelo condutor;Colisao transversal;Com Vitimas Feridas;Pleno dia;Ceu Claro;Intersecao de vias
sexta-feira;GO;Defeito Mecanico no Veiculo;Incendio;Sem Vitimas;Pleno dia;Ceu Claro;Reta
sexta-feira;SC;Falta de Atencao Conducao;Colisao lateral;Com Vitimas Feridas;Pleno dia;Sol;Curva
sexta-feira;RJ;Falta de Atencao Conducao;Colisao lateral;Com Vitimas Feridas;Pleno dia;Ceu Claro;Reta
sexta-feira;PI;Velocidade Incompativel;Colisao frontal;Com Vitimas Fatais;Pleno dia;Chuva;Curva
sexta-feira;GO;Condutor Dormindo;Saida de leito carrocavel;Com Vitimas Feridas;Pleno dia;Ceu Claro;Reta
sexta-feira;SC;Nao guardar distancia de seguranca;Colisao traseira;Com Vitimas Feridas;Pleno dia;Ceu Claro;Reta
sexta-feira;BA;Velocidade Incompativel;Saida de leito carrocavel;Com Vitimas Feridas;Pleno dia;Sol;Curva
sexta-feira;MG;Sinalizacao da via insuficiente ou inadequada;Colisao traseira;Com Vitimas Feridas;Pleno dia;Ceu Claro;Curva
sexta-feira;PR;Velocidade Incompativel;Saida de leito carrocavel;Com Vitimas Fatais;Pleno dia;Sol;Nao Informado
sexta-feira;RJ;Falta de Atencao Conducao;Engavetamento;Com Vitimas Feridas;Pleno dia;Ceu Claro;Reta
sexta-feira;SC;Mal Subito;Tombamento;Com Vitimas Feridas;Pleno dia;Ceu Claro;Nao Informado
sexta-feira;BA;Falta de Atencao Conducao;Colisao transversal;Com Vitimas Feridas;Pleno dia;Ceu Claro;Retorno Regulamentado
sexta-feira;PE;Defeito Mecanico no Veiculo;Saida de leito carrocavel;Com Vitimas Feridas;Pleno dia;Ceu Claro;Reta
sexta-feira;GO;Velocidade Incompativel;Saida de leito carrocavel;Com Vitimas Feridas;Pleno dia;Ceu Claro;Reta
sexta-feira;SP;Nao guardar distancia de seguranca;Colisao traseira;Com Vitimas Feridas;Pleno dia;Ceu Claro;Reta
sexta-feira;MG;Nao guardar distancia de seguranca;Colisao traseira;Com Vitimas Feridas;Pleno dia;Ceu Claro;Reta
sexta-feira;SC;Nao guardar distancia de seguranca;Colisao lateral;Com Vitimas Feridas;Pleno dia;Sol;Desvio Temporario
sexta-feira;SP;Falta de Atencao Conducao;Tombamento;Com Vitimas Feridas;Pleno dia;Sol;Reta
sexta-feira;MG;Nao guardar distancia de seguranca;Colisao traseira;Com Vitimas Feridas;Pleno dia;Ceu Claro;Nao Informado
sexta-feira;PR;Defeito Mecanico no Veiculo;Colisao com objeto estatico;Com Vitimas Feridas;Pleno dia;Ceu Claro;Curva
sexta-feira;MG;Falta de Atencao Conducao;Queda de ocupante de veiculo;Com Vitimas Feridas;Pleno dia;Ceu Claro;Desvio Temporario
sexta-feira;AL;Falta de Atencao Conducao;Queda de ocupante de veiculo;Com Vitimas Fatais;Pleno dia;Ceu Claro;Reta
sexta-feira;RJ;Falta de Atencao Conducao;Queda de ocupante de veiculo;Com Vitimas Feridas;Pleno dia;Sol;Reta
sexta-feira;SP;Desobediencia nas normas de transito pelo condutor;Colisao traseira;Com Vitimas Feridas;Pleno dia;Ceu Claro;Nao Informado
sexta-feira;MG;Falta de Atencao Conducao;Colisao traseira;Com Vitimas Feridas;Pleno dia;Ceu Claro;Reta
sexta-feira;MG;Falta de Atencao Conducao;Colisao frontal;Com Vitimas Fatais;Pleno dia;Ceu Claro;Reta
sexta-feira;SC;Falta de Atencao Conducao;Colisao traseira;Com Vitimas Feridas;Pleno dia;Sol;Reta
sexta-feira;PR;Desobediencia nas normas de transito pelo condutor;Colisao transversal;Com Vitimas Feridas;Pleno dia;Ceu Claro;Reta
sexta-feira;SP;Condutor Dormindo;Colisao com objeto estatico;Com Vitimas Feridas;Pleno dia;Ceu Claro;Curva
sexta-feira;PE;Falta de Atencao Conducao;Colisao transversal;Com Vitimas Feridas;Pleno dia;Ceu Claro;Curva
sexta-feira;RS;Falta de Atencao Conducao;Saida de leito carrocavel;Com Vitimas Feridas;Pleno dia;Ceu Claro;Reta
sexta-feira;PR;Desobediencia nas normas de transito pelo condutor;Colisao transversal;Com Vitimas Fatais;Pleno dia;Sol;Reta
sexta-feira;SC;Falta de Atencao Conducao;Colisao traseira;Com Vitimas Feridas;Pleno dia;Ceu Claro;Reta
sexta-feira;RJ;Falta de Atencao Conducao;Colisao com objeto estatico;Com Vitimas Feridas;Pleno dia;Ceu Claro;Nao Informado
sexta-feira;RR;Falta de Atencao Conducao;Colisao lateral;Com Vitimas Feridas;Pleno dia;Ceu Claro;Rotatoria
sexta-feira;RJ;Falta de Atencao Conducao;Saida de leito carrocavel;Com Vitimas Feridas;Pleno dia;Ceu Claro;Reta
sexta-feira;BA;Ingestao de Alcool;Colisao transversal;Com Vitimas Feridas;Pleno dia;Ceu Claro;Reta
sexta-feira;MG;Falta de Atencao Conducao;Colisao traseira;Com Vitimas Feridas;Pleno dia;Ceu Claro;Reta
sexta-feira;SP;Falta de Atencao Conducao;Colisao transversal;Com Vitimas Feridas;Pleno dia;Ceu Claro;Curva
sexta-feira;GO;Falta de Atencao Conducao;Saida de leito carrocavel;Com Vitimas Fatais;Pleno dia;Ceu Claro;Reta
sexta-feira;PE;Falta de Atencao Conducao;Colisao lateral;Com Vitimas Feridas;Pleno dia;Sol;Reta
sexta-feira;SC;Falta de Atencao Conducao;Engavetamento;Com Vitimas Feridas;Pleno dia;Sol;Reta
sexta-feira;PR;Desobediencia nas normas de transito pelo condutor;Colisao transversal;Com Vitimas Feridas;Pleno dia;Ceu Claro;Intersecao de vias
sexta-feira;RJ;Nao guardar distancia de seguranca;Colisao traseira;Com Vitimas Feridas;Pleno dia;Sol;Reta
terca-feira;PI;Falta de Atencao Conducao;Colisao frontal;Com Vitimas Fatais;Pleno dia;Ceu Claro;Reta
sexta-feira;PA;Pista Escorregadia;Saida de leito carrocavel;Com Vitimas Feridas;Pleno dia;Chuva;Nao Informado
segunda-feira;RJ;Defeito na Via;Queda de ocupante de veiculo;Com Vitimas Feridas;Pleno dia;Ceu Claro;Reta
sexta-feira;GO;Defeito Mecanico no Veiculo;Queda de ocupante de veiculo;Com Vitimas Feridas;Pleno dia;Nublado;Reta
sexta-feira;RS;Desobediencia nas normas de transito pelo condutor;Colisao traseira;Com Vitimas Feridas;Pleno dia;Ceu Claro;Reta
sexta-feira;ES;Desobediencia nas normas de transito pelo condutor;Colisao transversal;Com Vitimas Feridas;Pleno dia;Sol;Nao Informado
sexta-feira;MA;Falta de Atencao Conducao;Colisao frontal;Com Vitimas Feridas;Pleno dia;Ceu Claro;Reta
sexta-feira;RS;Falta de Atencao Conducao;Saida de leito carrocavel;Com Vitimas Feridas;Pleno dia;Ceu Claro;Reta
sexta-feira;RR;Defeito Mecanico no Veiculo;Saida de leito carrocavel;Com Vitimas Feridas;Pleno dia;Nublado;Reta
sexta-feira;ES;Ingestao de Alcool;Colisao frontal;Com Vitimas Feridas;Anoitecer;Nublado;Reta
sexta-feira;SC;Desobediencia nas normas de transito pelo condutor;Tombamento;Com Vitimas Feridas;Pleno dia;Sol;Reta
sexta-feira;MS;Desobediencia nas normas de transito pelo condutor;Colisao transversal;Com Vitimas Feridas;Pleno dia;Ceu Claro;Intersecao de vias
sexta-feira;PR;Falta de Atencao Conducao;Colisao lateral;Sem Vitimas;Pleno dia;Sol;Curva
sexta-feira;MG;Velocidade Incompativel;Colisao com objeto estatico;Com Vitimas Feridas;Anoitecer;Ceu Claro;Curva
sexta-feira;RN;Agressao Externa;Saida de leito carrocavel;Com Vitimas Feridas;Anoitecer;Nublado;Reta
sexta-feira;TO;Desobediencia nas normas de transito pelo condutor;Tombamento;Com Vitimas Feridas;Pleno dia;Ceu Claro;Reta
sexta-feira;SP;Ingestao de Alcool;Colisao transversal;Com Vitimas Feridas;Anoitecer;Nublado;Rotatoria
sexta-feira;RO;Ingestao de Alcool;Saida de leito carrocavel;Com Vitimas Feridas;Pleno dia;Ceu Claro;Reta
sexta-feira;PE;Ingestao de Alcool e/ou substancias psicoativas pelo pedestre;Saida de leito carrocavel;Sem Vitimas;Plena Noite;Ceu Claro;Curva
sexta-feira;SC;Falta de Atencao Conducao;Colisao transversal;Com Vitimas Feridas;Pleno dia;Sol;Nao Informado
sexta-feira;RJ;Falta de Atencao Conducao;Colisao traseira;Com Vitimas Feridas;Plena Noite;Ceu Claro;Reta
sexta-feira;AL;Desobediencia nas normas de transito pelo condutor;Colisao frontal;Com Vitimas Feridas;Plena Noite;Ceu Claro;Reta
sexta-feira;PR;Velocidade Incompativel;Queda de ocupante de veiculo;Com Vitimas Feridas;Plena Noite;Ceu Claro;Curva
sexta-feira;BA;Falta de Atencao Conducao;Colisao traseira;Com Vitimas Feridas;Plena Noite;Ceu Claro;Reta
sexta-feira;MG;Mal Subito;Queda de ocupante de veiculo;Com Vitimas Feridas;Plena Noite;Ceu Claro;Curva
sexta-feira;TO;Velocidade Incompativel;Colisao traseira;Com Vitimas Feridas;Plena Noite;Ceu Claro;Reta
sexta-feira;PE;Ingestao de Alcool;Colisao traseira;Com Vitimas Feridas;Plena Noite;Ceu Claro;Nao Informado
sexta-feira;GO;Falta de Atencao Conducao;Queda de ocupante de veiculo;Com Vitimas Feridas;Plena Noite;Nublado;Reta
sexta-feira;MS;Falta de Atencao do Pedestre;Atropelamento de Pedestre;Com Vitimas Feridas;Plena Noite;Ceu Claro;Reta
sexta-feira;PR;Velocidade Incompativel;Saida de leito carrocavel;Com Vitimas Feridas;Anoitecer;Ceu Claro;Curva
sexta-feira;PR;Velocidade Incompativel;Colisao traseira;Com Vitimas Feridas;Plena Noite;Ceu Claro;Reta
sexta-feira;RS;Falta de Atencao Conducao;Colisao traseira;Com Vitimas Feridas;Plena Noite;Ceu Claro;Reta
sexta-feira;AC;Defeito na Via;Queda de ocupante de veiculo;Com Vitimas Feridas;Plena Noite;Chuva;Reta
quinta-feira;SC;Mal Subito;Saida de leito carrocavel;Com Vitimas Feridas;Plena Noite;Nublado;Reta
sexta-feira;MT;Ingestao de Alcool;Colisao transversal;Com Vitimas Feridas;Plena Noite;Ceu Claro;Reta
sexta-feira;RN;Ingestao de Alcool;Colisao traseira;Com Vitimas Feridas;Plena Noite;Nublado;Reta
sexta-feira;RO;Ultrapassagem Indevida;Saida de leito carrocavel;Com Vitimas Feridas;Pleno dia;Ceu Claro;Nao Informado
sexta-feira;BA;Ingestao de Alcool;Colisao frontal;Com Vitimas Feridas;Plena Noite;Ceu Claro;Ponte
sexta-feira;SP;Desobediencia nas normas de transito pelo condutor;Atropelamento de Pedestre;Com Vitimas Feridas;Plena Noite;Ceu Claro;Reta
sexta-feira;SC;Defeito Mecanico no Veiculo;Colisao traseira;Sem Vitimas;Plena Noite;Ceu Claro;Reta
sexta-feira;BA;Velocidade Incompativel;Tombamento;Com Vitimas Feridas;Plena Noite;Nublado;Nao Informado
sexta-feira;RJ;Falta de Atencao Conducao;Colisao transversal;Com Vitimas Feridas;Plena Noite;Nublado;Reta
sexta-feira;AL;Condutor Dormindo;Colisao com objeto estatico;Com Vitimas Feridas;Plena Noite;Ceu Claro;Reta
sexta-feira;PR;Velocidade Incompativel;Capotamento;Com Vitimas Feridas;Plena Noite;Nublado;Desvio Temporario
sexta-feira;SC;Falta de Atencao Conducao;Colisao com objeto estatico;Com Vitimas Feridas;Plena Noite;Nublado;Reta
sexta-feira;PR;Ingestao de Alcool;Colisao com objeto estatico;Com Vitimas Feridas;Plena Noite;Ceu Claro;Nao Informado
sexta-feira;BA;Velocidade Incompativel;Saida de leito carrocavel;Com Vitimas Feridas;Pleno dia;Ceu Claro;Reta
sexta-feira;MG;Ingestao de Alcool;Colisao frontal;Com Vitimas Feridas;Plena Noite;Nublado;Reta
sexta-feira;RN;Ingestao de Alcool e/ou substancias psicoativas pelo pedestre;Atropelamento de Pedestre;Com Vitimas Feridas;Plena Noite;Nublado;Reta
sexta-feira;CE;Animais na Pista;Atropelamento de Animal;Com Vitimas Feridas;Plena Noite;Ceu Claro;Nao Informado
sexta-feira;BA;Desobedincia nas normas de transito pelo pedestre;Atropelamento de Pedestre;Com Vitimas Fatais;Plena Noite;Ceu Claro;Reta
sexta-feira;RO;Ingestao de Alcool;Colisao com objeto estatico;Com Vitimas Feridas;Plena Noite;Ceu Claro;Reta
sexta-feira;PI;Falta de Atencao Conducao;Colisao traseira;Com Vitimas Feridas;Plena Noite;Ceu Claro;Reta
sexta-feira;RN;Ingestao de Alcool;Colisao transversal;Sem Vitimas;Plena Noite;Nublado;Intersecao de vias
sexta-feira;PA;Restricao de Visibilidade;Colisao frontal;Com Vitimas Fatais;Plena Noite;Chuva;Curva
sexta-feira;TO;Ultrapassagem Indevida;Colisao lateral;Com Vitimas Feridas;Plena Noite;Ceu Claro;Reta
sexta-feira;PR;Desobediencia nas normas de transito pelo condutor;Saida de leito carrocavel;Sem Vitimas;Plena Noite;Ceu Claro;Reta
sexta-feira;RS;Velocidade Incompativel;Saida de leito carrocavel;Sem Vitimas;Plena Noite;Ceu Claro;Reta
sexta-feira;SE;Animais na Pista;Atropelamento de Animal;Com Vitimas Feridas;Plena Noite;Ceu Claro;Reta
sexta-feira;ES;Falta de Atencao do Pedestre;Atropelamento de Pedestre;Com Vitimas Fatais;Plena Noite;Nublado;Reta
sexta-feira;SP;Falta de Atencao Conducao;Tombamento;Com Vitimas Feridas;Plena Noite;Ceu Claro;Reta
sabado;CE;Animais na Pista;Atropelamento de Animal;Sem Vitimas;Plena Noite;Nublado;Reta
sexta-feira;RS;Ingestao de Alcool;Colisao frontal;Sem Vitimas;Anoitecer;Ceu Claro;Reta
sexta-feira;SC;Defeito na Via;Saida de leito carrocavel;Com Vitimas Feridas;Plena Noite;Nublado;Reta
sabado;PE;Falta de Atencao Conducao;Capotamento;Com Vitimas Feridas;Plena Noite;Ceu Claro;Reta
sabado;GO;Nao guardar distancia de seguranca;Colisao traseira;Com Vitimas Feridas;Plena Noite;Ignorado;Reta
sexta-feira;SC;Falta de Atencao Conducao;Danos eventuais;Com Vitimas Feridas;Plena Noite;Ignorado;Reta
sabado;MG;Ingestao de Alcool;Tombamento;Com Vitimas Feridas;Plena Noite;Ceu Claro;Reta
sabado;PR;Desobediencia nas normas de transito pelo condutor;Colisao frontal;Com Vitimas Feridas;Plena Noite;Ceu Claro;Reta
sabado;DF;Ingestao de Alcool;Queda de ocupante de veiculo;Com Vitimas Feridas;Plena Noite;Ceu Claro;Reta
sexta-feira;RJ;Falta de Atencao Conducao;Colisao traseira;Com Vitimas Fatais;Plena Noite;Ceu Claro;Reta
sexta-feira;GO;Sinalizacao da via insuficiente ou inadequada;Tombamento;Com Vitimas Feridas;Plena Noite;Ceu Claro;Nao Informado
sabado;GO;Falta de Atencao Conducao;Tombamento;Com Vitimas Feridas;Plena Noite;Nublado;Reta
sabado;RS;Ingestao de Alcool;Saida de leito carrocavel;Com Vitimas Feridas;Plena Noite;Nublado;Reta
sabado;SP;Condutor Dormindo;Saida de leito carrocavel;Com Vitimas Feridas;Plena Noite;Nublado;Reta
sabado;RS;Ingestao de Alcool;Saida de leito carrocavel;Com Vitimas Feridas;Plena Noite;Ceu Claro;Reta
sabado;SC;Ingestao de Alcool;Saida de leito carrocavel;Sem Vitimas;Plena Noite;Nevoeiro/Neblina;Curva
sabado;CE;Nao guardar distancia de seguranca;Colisao traseira;Com Vitimas Feridas;Plena Noite;Ceu Claro;Reta
sabado;GO;Ingestao de Alcool;Colisao traseira;Com Vitimas Feridas;Plena Noite;Ceu Claro;Curva
sabado;SC;Falta de Atencao Conducao;Capotamento;Sem Vitimas;Plena Noite;Ceu Claro;Reta
sexta-feira;MG;Desobediencia nas normas de transito pelo condutor;Colisao lateral;Com Vitimas Feridas;Plena Noite;Nublado;Reta
sabado;PE;Falta de Atencao do Pedestre;Colisao traseira;Com Vitimas Feridas;Amanhecer;Chuva;Reta
sabado;ES;Desobediencia nas normas de transito pelo condutor;Colisao transversal;Sem Vitimas;Pleno dia;Ceu Claro;Intersecao de vias
sabado;RS;Falta de Atencao Conducao;Colisao com objeto estatico;Sem Vitimas;Plena Noite;Ceu Claro;Reta
sabado;PR;Desobediencia nas normas de transito pelo condutor;Colisao transversal;Sem Vitimas;Pleno dia;Ceu Claro;Reta
sabado;GO;Ingestao de Alcool;Colisao com objeto estatico;Com Vitimas Feridas;Amanhecer;Ceu Claro;Reta
sabado;SC;Falta de Atencao Conducao;Capotamento;Sem Vitimas;Plena Noite;Nublado;Reta
sabado;RJ;Mal Subito;Colisao traseira;Com Vitimas Feridas;Amanhecer;Ceu Claro;Reta
sabado;MT;Defeito Mecanico no Veiculo;Incendio;Sem Vitimas;Plena Noite;Ceu Claro;Reta
sabado;RO;Falta de Atencao Conducao;Saida de leito carrocavel;Sem Vitimas;Amanhecer;Ceu Claro;Reta
sabado;GO;Condutor Dormindo;Colisao lateral;Sem Vitimas;Amanhecer;Ceu Claro;Reta
sabado;PE;Pista Escorregadia;Capotamento;Sem Vitimas;Pleno dia;Chuva;Reta
sabado;MG;Falta de Atencao Conducao;Colisao transversal;Com Vitimas Feridas;Pleno dia;Ceu Claro;Rotatoria
sabado;RO;Desobediencia nas normas de transito pelo condutor;Colisao transversal;Com Vitimas Feridas;Amanhecer;Ceu Claro;Retorno Regulamentado
sexta-feira;PE;Falta de Atencao Conducao;Colisao transversal;Com Vitimas Feridas;Pleno dia;Ceu Claro;Reta
sabado;RJ;Nao guardar distancia de seguranca;Colisao traseira;Com Vitimas Feridas;Pleno dia;Ceu Claro;Curva
sabado;PB;Ultrapassagem Indevida;Colisao lateral;Com Vitimas Feridas;Pleno dia;Nublado;Reta
sabado;RJ;Velocidade Incompativel;Tombamento;Com Vitimas Feridas;Plena Noite;Ceu Claro;Reta
terca-feira;MG;Velocidade Incompativel;Colisao com objeto estatico;Com Vitimas Feridas;Pleno dia;Chuva;Curva
sabado;MG;Defeito na Via;Tombamento;Com Vitimas Feridas;Pleno dia;Ceu Claro;Reta
terca-feira;SP;Nao guardar distancia de seguranca;Colisao lateral;Com Vitimas Feridas;Amanhecer;Ignorado;Reta
sabado;MA;Falta de Atencao Conducao;Colisao traseira;Com Vitimas Feridas;Pleno dia;Ignorado;Desvio Temporario
sabado;MS;Defeito na Via;Saida de leito carrocavel;Com Vitimas Feridas;Pleno dia;Ceu Claro;Reta
sabado;PB;Fenomenos da Natureza;Colisao com objeto estatico;Com Vitimas Feridas;Pleno dia;Chuva;Viaduto
sabado;SC;Desobediencia nas normas de transito pelo condutor;Colisao traseira;Com Vitimas Feridas;Pleno dia;Ceu Claro;Reta
sabado;BA;Desobediencia nas normas de transito pelo condutor;Colisao traseira;Com Vitimas Fatais;Amanhecer;Ceu Claro;Reta
sabado;PR;Falta de Atencao Conducao;Colisao lateral;Sem Vitimas;Pleno dia;Ceu Claro;Reta
sabado;MG;Nao guardar distancia de seguranca;Colisao traseira;Com Vitimas Feridas;Pleno dia;Ceu Claro;Desvio Temporario
sabado;RS;Condutor Dormindo;Saida de leito carrocavel;Com Vitimas Feridas;Pleno dia;Ceu Claro;Curva
sabado;MG;Falta de Atencao Conducao;Colisao com objeto estatico;Com Vitimas Feridas;Pleno dia;Sol;Curva
sabado;GO;Nao guardar distancia de seguranca;Colisao lateral;Com Vitimas Feridas;Pleno dia;Ceu Claro;Reta
sabado;PB;Falta de Atencao Conducao;Colisao transversal;Com Vitimas Feridas;Pleno dia;Chuva;Reta
sabado;ES;Defeito Mecanico no Veiculo;Tombamento;Com Vitimas Feridas;Pleno dia;Ceu Claro;Reta
sabado;SC;Ingestao de Substancias Psicoativas;Colisao traseira;Com Vitimas Feridas;Pleno dia;Ceu Claro;Reta
sabado;ES;Nao guardar distancia de seguranca;Engavetamento;Sem Vitimas;Pleno dia;Ceu Claro;Reta
sabado;RJ;Falta de Atencao Conducao;Colisao traseira;Com Vitimas Feridas;Pleno dia;Ceu Claro;Reta
sabado;RJ;Falta de Atencao Conducao;Colisao traseira;Com Vitimas Feridas;Pleno dia;Ceu Claro;Desvio Temporario
sabado;RJ;Falta de Atencao Conducao;Colisao traseira;Com Vitimas Feridas;Pleno dia;Ceu Claro;Reta
sabado;RN;Falta de Atencao Conducao;Capotamento;Com Vitimas Feridas;Pleno dia;Ceu Claro;Reta
sabado;MA;Ingestao de Alcool;Tombamento;Com Vitimas Feridas;Pleno dia;Sol;Reta
sabado;SC;Desobediencia nas normas de transito pelo condutor;Tombamento;Com Vitimas Feridas;Pleno dia;Ceu Claro;Reta
sabado;PR;Falta de Atencao Conducao;Colisao traseira;Com Vitimas Feridas;Pleno dia;Ceu Claro;Reta
sabado;RS;Desobediencia nas normas de transito pelo condutor;Colisao transversal;Com Vitimas Feridas;Pleno dia;Ceu Claro;Reta
sabado;PE;Falta de Atencao Conducao;Queda de ocupante de veiculo;Com Vitimas Feridas;Pleno dia;Chuva;Nao Informado
sabado;RJ;Falta de Atencao Conducao;Colisao traseira;Com Vitimas Feridas;Pleno dia;Ceu Claro;Reta
sabado;MG;Avarias e/ou desgaste excessivo no pneu;Queda de ocupante de veiculo;Com Vitimas Feridas;Pleno dia;Ceu Claro;Reta
sabado;DF;Defeito Mecanico no Veiculo;Colisao lateral;Com Vitimas Feridas;Pleno dia;Ceu Claro;Reta
sabado;PR;Velocidade Incompativel;Tombamento;Com Vitimas Feridas;Pleno dia;Sol;Curva
sabado;SP;Defeito na Via;Tombamento;Com Vitimas Feridas;Pleno dia;Sol;Curva
sabado;GO;Falta de Atencao Conducao;Colisao transversal;Com Vitimas Feridas;Pleno dia;Garoa/Chuvisco;Reta
sabado;PB;Pista Escorregadia;Colisao com objeto estatico;Com Vitimas Feridas;Pleno dia;Chuva;Curva
sabado;RO;Ingestao de Alcool;Saida de leito carrocavel;Com Vitimas Fatais;Pleno dia;Ceu Claro;Reta
sabado;GO;Falta de Atencao Conducao;Colisao lateral;Com Vitimas Feridas;Pleno dia;Nublado;Reta
sabado;RJ;Ingestao de Alcool;Saida de leito carrocavel;Com Vitimas Feridas;Plena Noite;Ceu Claro;Reta