dia_semana;uf;causa_acidente;tipo_acidente;classificacao_acidente;fase_dia;condicao_metereologica;tracado_via
sabado;PR;Nao guardar distancia de seguranca;Colisao traseira;Sem Vitimas;Pleno dia;Ceu Claro;Reta
sabado;SP;Condutor Dormindo;Colisao lateral;Com Vitimas Feridas;Pleno dia;Ceu Claro;Reta
sabado;RS;Falta de Atencao Conducao;Colisao lateral;Com Vitimas Feridas;Pleno dia;Ceu Claro;Nao Informado
sabado;RJ;Falta de Atencao Conducao;Colisao traseira;Com Vitimas Feridas;Pleno dia;Ceu Claro;Reta
sabado;PR;Velocidade Incompativel;Colisao frontal;Com Vitimas Feridas;Pleno dia;Ceu Claro;Reta
sabado;MA;Falta de Atencao Conducao;Colisao frontal;Com Vitimas Feridas;Pleno dia;Chuva;Reta
sabado;RO;Desobediencia nas normas de transito pelo condutor;Colisao lateral;Com Vitimas Feridas;Pleno dia;Ceu Claro;Reta
sabado;RJ;Velocidade Incompativel;Tombamento;Sem Vitimas;Pleno dia;Ceu Claro;Curva
sabado;MG;Condutor Dormindo;Capotamento;Com Vitimas Feridas;Pleno dia;Ceu Claro;Reta
sabado;PE;Falta de Atencao Conducao;Colisao frontal;Com Vitimas Feridas;Pleno dia;Ceu Claro;Curva
sabado;ES;Falta de Atencao Conducao;Colisao lateral;Com Vitimas Feridas;Pleno dia;Ceu Claro;Intersecao de vias
sabado;DF;Ingestao de Alcool;Colisao traseira;Com Vitimas Feridas;Pleno dia;Nublado;Reta
sabado;DF;Falta de Atencao Conducao;Colisao traseira;Com Vitimas Feridas;Pleno dia;Chuva;Reta
sabado;MG;Falta de Atencao Conducao;Colisao lateral;Com Vitimas Feridas;Pleno dia;Ceu Claro;Reta
sabado;MS;Ingestao de Alcool;Colisao transversal;Com Vitimas Feridas;Pleno dia;Ceu Claro;Reta
sabado;RS;Restricao de Visibilidade;Colisao traseira;Com Vitimas Feridas;Pleno dia;Nublado;Reta
sabado;TO;Falta de Atencao Conducao;Saida de leito carrocavel;Sem Vitimas;Pleno dia;Ceu Claro;Reta
sabado;SP;Falta de Atencao Conducao;Saida de leito carrocavel;Com Vitimas Feridas;Anoitecer;Nublado;Desvio Temporario
sabado;SC;Defeito Mecanico no Veiculo;Tombamento;Com Vitimas Feridas;Pleno dia;Ceu Claro;Reta
sabado;PR;Velocidade Incompativel;Colisao traseira;Com Vitimas Feridas;Anoitecer;Ceu Claro;Reta
sabado;RS;Pista Escorregadia;Saida de leito carrocavel;Com Vitimas Feridas;Pleno dia;Chuva;Curva
sabado;ES;Ingestao de Alcool;Colisao transversal;Com Vitimas Feridas;Anoitecer;Ceu Claro;Intersecao de vias
sabado;PE;Deficincia ou nao Acionamento do Sistema de Iluminacao/Sinalizacao do Veiculo;Colisao traseira;Com Vitimas Feridas;Plena Noite;Nublado;Reta
sabado;PR;Falta de Atencao Conducao;Atropelamento de Pedestre;Com Vitimas Feridas;Pleno dia;Sol;Reta
sabado;SC;Velocidade Incompativel;Saida de leito carrocavel;Com Vitimas Feridas;Pleno dia;Garoa/Chuvisco;Curva
sabado;SP;Falta de Atencao Conducao;Colisao traseira;Com Vitimas Feridas;Anoitecer;Ceu Claro;Reta
sabado;CE;Ingestao de Alcool;Colisao traseira;Com Vitimas Feridas;Anoitecer;Ceu Claro;Reta
sabado;SE;Ultrapassagem Indevida;Colisao lateral;Com Vitimas Feridas;Plena Noite;Ceu Claro;Nao Informado
sabado;SC;Falta de Atencao Conducao;Colisao com objeto em movimento;Com Vitimas Feridas;Plena Noite;Garoa/Chuvisco;Curva
sabado;MT;Ultrapassagem Indevida;Colisao lateral;Com Vitimas Feridas;Anoitecer;Nublado;Reta
sabado;MG;Ingestao de Alcool;Colisao frontal;Com Vitimas Feridas;Plena Noite;Ceu Claro;Reta
sabado;SC;Falta de Atencao Conducao;Colisao lateral;Com Vitimas Feridas;Pleno dia;Ceu Claro;Reta
sabado;PR;Falta de Atencao Conducao;Saida de leito carrocavel;Com Vitimas Feridas;Plena Noite;Ceu Claro;Nao Informado
sabado;GO;Falta de Atencao do Pedestre;Atropelamento de Pedestre;Com Vitimas Fatais;Plena Noite;Ceu Claro;Retorno Regulamentado
sabado;MG;Defeito Mecanico no Veiculo;Saida de leito carrocavel;Sem Vitimas;Pleno dia;Ceu Claro;Reta
sabado;PR;Falta de Atencao Conducao;Colisao lateral;Com Vitimas Feridas;Plena Noite;Nublado;Reta
sabado;SP;Falta de Atencao Conducao;Colisao traseira;Sem Vitimas;Anoitecer;Ceu Claro;Reta
sabado;ES;Nao guardar distancia de seguranca;Colisao traseira;Com Vitimas Feridas;Plena Noite;Ceu Claro;Reta
sabado;PB;Animais na Pista;Saida de leito carrocavel;Com Vitimas Feridas;Plena Noite;Nublado;Reta
sabado;BA;Falta de Atencao do Pedestre;Atropelamento de Pedestre;Com Vitimas Feridas;Pleno dia;Ceu Claro;Reta
sabado;RN;Nao guardar distancia de seguranca;Colisao traseira;Sem Vitimas;Plena Noite;Garoa/Chuvisco;Reta
sabado;GO;Pista Escorregadia;Colisao com objeto estatico;Com Vitimas Feridas;Anoitecer;Nublado;Curva
sabado;PE;Falta de Atencao Conducao;Colisao transversal;Com Vitimas Feridas;Plena Noite;Ceu Claro;Reta
sabado;PE;Ingestao de Alcool;Colisao lateral;Com Vitimas Feridas;Plena Noite;Nublado;Reta
sabado;PE;Falta de Atencao Conducao;Colisao traseira;Com Vitimas Feridas;Plena Noite;Ceu Claro;Reta
sabado;RJ;Falta de Atencao Conducao;Colisao com objeto estatico;Sem Vitimas;Plena Noite;Ceu Claro;Reta
sabado;SC;Desobediencia nas normas de transito pelo condutor;Colisao transversal;Com Vitimas Feridas;Plena Noite;Nublado;Reta
sabado;MG;Falta de Atencao Conducao;Queda de ocupante de veiculo;Com Vitimas Feridas;Plena Noite;Ceu Claro;Reta
sabado;MG;Falta de Atencao Conducao;Colisao traseira;Sem Vitimas;Plena Noite;Ceu Claro;Curva
sabado;PR;Falta de Atencao Conducao;Saida de leito carrocavel;Com Vitimas Feridas;Pleno dia;Chuva;Curva
sabado;MA;Carga excessiva e/ou mal acondicionada;Tombamento;Sem Vitimas;Pleno dia;Ceu Claro;Reta
sabado;RJ;Animais na Pista;Atropelamento de Animal;Com Vitimas Feridas;Plena Noite;Ceu Claro;Reta
sabado;SP;Pista Escorregadia;Tombamento;Com Vitimas Feridas;Plena Noite;Ceu Claro;Reta
sabado;MG;Ingestao de Alcool;Colisao com objeto estatico;Sem Vitimas;Plena Noite;Ceu Claro;Reta
sabado;MA;Ingestao de Alcool e/ou substancias psicoativas pelo pedestre;Colisao transversal;Com Vitimas Feridas;Plena Noite;Ceu Claro;Intersecao de vias
sabado;MT;Restricao de Visibilidade;Colisao com objeto estatico;Com Vitimas Feridas;Plena Noite;Ceu Claro;Reta
sabado;SC;Falta de Atencao Conducao;Colisao traseira;Com Vitimas Feridas;Plena Noite;Nublado;Reta
sabado;PI;Falta de Atencao Conducao;Colisao traseira;Com Vitimas Fatais;Plena Noite;Nublado;Reta
sabado;RO;Pista Escorregadia;Tombamento;Com Vitimas Feridas;Pleno dia;Chuva;Reta
sabado;RJ;Falta de Atencao Conducao;Colisao lateral;Com Vitimas Feridas;Plena Noite;Ignorado;Reta
sabado;ES;Ingestao de Alcool;Saida de leito carrocavel;Sem Vitimas;Plena Noite;Ceu Claro;Reta
sabado;BA;Mal Subito;Saida de leito carrocavel;Com Vitimas Feridas;Plena Noite;Ceu Claro;Reta
sabado;RS;Animais na Pista;Atropelamento de Animal;Com Vitimas Feridas;Plena Noite;Ceu Claro;Reta
sabado;MG;Desobediencia nas normas de transito pelo condutor;Colisao com objeto estatico;Com Vitimas Fatais;Plena Noite;Ceu Claro;Curva
sabado;MT;Ingestao de Alcool;Queda de ocupante de veiculo;Com Vitimas Feridas;Plena Noite;Nublado;Curva
sabado;PR;Falta de Atencao Conducao;Colisao traseira;Com Vitimas Feridas;Plena Noite;Nublado;Reta
quarta-feira;MA;Condutor Dormindo;Saida de leito carrocavel;Sem Vitimas;Plena Noite;Ceu Claro;Reta
sabado;CE;Defeito na Via;Saida de leito carrocavel;Com Vitimas Feridas;Plena Noite;Ceu Claro;Reta
sabado;ES;Defeito Mecanico no Veiculo;Queda de ocupante de veiculo;Com Vitimas Feridas;Plena Noite;Nublado;Reta
sabado;SC;Velocidade Incompativel;Colisao frontal;Com Vitimas Feridas;Pleno dia;Chuva;Nao Informado
sabado;PR;Desobediencia nas normas de transito pelo condutor;Colisao transversal;Com Vitimas Feridas;Plena Noite;Nublado;Reta
sabado;SC;Falta de Atencao Conducao;Colisao frontal;Com Vitimas Feridas;Plena Noite;Ceu Claro;Reta
sabado;SC;Velocidade Incompativel;Saida de leito carrocavel;Com Vitimas Feridas;Anoitecer;Ceu Claro;Curva
sabado;MT;Falta de Atencao Conducao;Colisao traseira;Com Vitimas Feridas;Plena Noite;Ceu Claro;Reta
sabado;MT;Defeito na Via;Saida de leito carrocavel;Com Vitimas Feridas;Plena Noite;Nublado;Reta
sabado;MG;Falta de Atencao Conducao;Capotamento;Com Vitimas Feridas;Plena Noite;Ceu Claro;Reta
sabado;SP;Ingestao de Alcool;Colisao transversal;Com Vitimas Feridas;Plena Noite;Ceu Claro;Reta
sabado;PR;Falta de Atencao Conducao;Colisao traseira;Com Vitimas Feridas;Plena Noite;Ceu Claro;Reta
sabado;PA;Desobediencia nas normas de transito pelo condutor;Colisao traseira;Com Vitimas Feridas;Plena Noite;Ceu Claro;Reta
sabado;MG;Condutor Dormindo;Colisao traseira;Sem Vitimas;Plena Noite;Ignorado;Reta
sabado;RS;Desobediencia nas normas de transito pelo condutor;Saida de leito carrocavel;Sem Vitimas;Plena Noite;Garoa/Chuvisco;Reta
sabado;PR;Ingestao de Alcool;Saida de leito carrocavel;Sem Vitimas;Plena Noite;Chuva;Reta
domingo;GO;Ingestao de Alcool;Colisao transversal;Com Vitimas Fatais;Plena Noite;Ceu Claro;Reta
domingo;SP;Velocidade Incompativel;Atropelamento de Pedestre;Com Vitimas Fatais;Plena Noite;Nublado;Nao Informado
domingo;ES;Desobediencia nas normas de transito pelo condutor;Colisao frontal;Com Vitimas Fatais;Plena Noite;Ceu Claro;Reta
sabado;SC;Desobediencia nas normas de transito pelo condutor;Colisao com objeto estatico;Com Vitimas Fatais;Plena Noite;Ceu Claro;Curva
domingo;DF;Avarias e/ou desgaste excessivo no pneu;Capotamento;Com Vitimas Feridas;Plena Noite;Ceu Claro;Reta
sabado;SC;Falta de Atencao Conducao;Colisao traseira;Sem Vitimas;Plena Noite;Nublado;Reta
domingo;SC;Ingestao de Alcool;Colisao transversal;Com Vitimas Feridas;Plena Noite;Ceu Claro;Reta
domingo;PR;Falta de Atencao do Pedestre;Atropelamento de Pedestre;Com Vitimas Fatais;Plena Noite;Ceu Claro;Reta
domingo;ES;Agressao Externa;Incendio;Sem Vitimas;Plena Noite;Ceu Claro;Reta
domingo;SP;Falta de Atencao Conducao;Tombamento;Com Vitimas Feridas;Plena Noite;Ceu Claro;Reta
domingo;SP;Falta de Atencao Conducao;Colisao traseira;Com Vitimas Feridas;Plena Noite;Ceu Claro;Reta
sabado;MT;Falta de Atencao Conducao;Colisao traseira;Com Vitimas Feridas;Plena Noite;Chuva;Reta
sabado;MG;Restricao de Visibilidade;Atropelamento de Pedestre;Com Vitimas Fatais;Plena Noite;Ceu Claro;Reta
domingo;PR;Falta de Atencao Conducao;Saida de leito carrocavel;Sem Vitimas;Plena Noite;Ceu Claro;Reta
domingo;SP;Ingestao de Alcool;Capotamento;Com Vitimas Feridas;Plena Noite;Ceu Claro;Curva
sabado;RJ;Animais na Pista;Atropelamento de Animal;Com Vitimas Feridas;Plena Noite;Ceu Claro;Reta
domingo;PI;Falta de Atencao Conducao;Atropelamento de Animal;Com Vitimas Feridas;Plena Noite;Nublado;Reta
domingo;MT;Falta de Atencao Conducao;Tombamento;Com Vitimas Feridas;Plena Noite;Ceu Claro;Reta
sabado;RO;Defeito Mecanico no Veiculo;Incendio;Sem Vitimas;Plena Noite;Ceu Claro;Reta
domingo;GO;Desobediencia nas normas de transito pelo condutor;Colisao traseira;Com Vitimas Feridas;Plena Noite;Ceu Claro;Reta
domingo;DF;Desobediencia nas normas de transito pelo condutor;Colisao traseira;Com Vitimas Feridas;Plena Noite;Nublado;Reta
sabado;MG;Ultrapassagem Indevida;Colisao frontal;Com Vitimas Feridas;Plena Noite;Ceu Claro;Reta
domingo;RO;Ingestao de Alcool;Queda de ocupante de veiculo;Com Vitimas Feridas;Plena Noite;Ceu Claro;Reta
sabado;MG;Falta de Atencao Conducao;Colisao transversal;Com Vitimas Feridas;Plena Noite;Nublado;Reta
sabado;MG;Falta de Atencao Conducao;Saida de leito carrocavel;Com Vitimas Feridas;Plena Noite;Nublado;Curva
domingo;MG;Velocidade Incompativel;Saida de leito carrocavel;Com Vitimas Feridas;Plena Noite;Nublado;Curva
domingo;PI;Falta de Atencao do Pedestre;Atropelamento de Pedestre;Com Vitimas Fatais;Plena Noite;Ceu Claro;Reta
domingo;RS;Desobediencia nas normas de transito pelo condutor;Colisao frontal;Com Vitimas Feridas;Plena Noite;Chuva;Curva
domingo;SC;Velocidade Incompativel;Saida de leito carrocavel;Com Vitimas Feridas;Plena Noite;Ceu Claro;Nao Informado
domingo;RJ;Falta de Atencao Conducao;Colisao com objeto estatico;Com Vitimas Feridas;Plena Noite;Ceu Claro;Tunel
domingo;PR;Ingestao de Alcool;Queda de ocupante de veiculo;Com Vitimas Feridas;Plena Noite;Ceu Claro;Reta
domingo;BA;Ingestao de Alcool;Queda de ocupante de veiculo;Com Vitimas Feridas;Amanhecer;Nublado;Rotatoria
domingo;SP;Falta de Atencao Conducao;Colisao com objeto estatico;Com Vitimas Feridas;Plena Noite;Nublado;Reta
sabado;PR;Ingestao de Alcool;Saida de leito carrocavel;Sem Vitimas;Plena Noite;Nublado;Reta
domingo;GO;Falta de Atencao Conducao;Colisao lateral;Com Vitimas Feridas;Plena Noite;Ceu Claro;Reta
domingo;BA;Falta de Atencao Conducao;Colisao frontal;Sem Vitimas;Pleno dia;Ceu Claro;Reta
domingo;PR;Velocidade Incompativel;Saida de leito carrocavel;Com Vitimas Feridas;Plena Noite;Nublado;Ponte
domingo;CE;Condutor Dormindo;Colisao com objeto estatico;Com Vitimas Feridas;Amanhecer;Ceu Claro;Reta
domingo;MG;Carga excessiva e/ou mal acondicionada;Tombamento;Com Vitimas Feridas;Plena Noite;Ceu Claro;Reta
domingo;SP;Sinalizacao da via insuficiente ou inadequada;Queda de ocupante de veiculo;Com Vitimas Fatais;Plena Noite;Ceu Claro;Nao Informado
domingo;PE;Falta de Atencao Conducao;Colisao traseira;Com Vitimas Feridas;Pleno dia;Ceu Claro;Reta
domingo;MG;Falta de Atencao Conducao;Saida de leito carrocavel;Com Vitimas Feridas;Plena Noite;Nublado;Curva
domingo;MG;Ingestao de Alcool;Colisao traseira;Com Vitimas Feridas;Pleno dia;Sol;Reta
domingo;MG;Velocidade Incompativel;Saida de leito carrocavel;Com Vitimas Feridas;Plena Noite;Nublado;Curva
domingo;MG;Falta de Atencao Conducao;Colisao transversal;Com Vitimas Feridas;Plena Noite;Ceu Claro;Reta
domingo;AL;Ingestao de Alcool;Queda de ocupante de veiculo;Com Vitimas Feridas;Pleno dia;Ceu Claro;Desvio Temporario
domingo;MG;Falta de Atencao Conducao;Tombamento;Com Vitimas Feridas;Plena Noite;Ceu Claro;Viaduto
domingo;PR;Defeito Mecanico no Veiculo;Saida de leito carrocavel;Com Vitimas Feridas;Pleno dia;Ceu Claro;Reta
domingo;MS;Condutor Dormindo;Saida de leito carrocavel;Com Vitimas Feridas;Pleno dia;Sol;Reta
domingo;RJ;Falta de Atencao Conducao;Tombamento;Sem Vitimas;Pleno dia;Ceu Claro;Curva
domingo;RS;Pista Escorregadia;Tombamento;Com Vitimas Feridas;Pleno dia;Nublado;Curva
domingo;RS;Pista Escorregadia;Tombamento;Com Vitimas Feridas;Pleno dia;Nublado;Curva
domingo;DF;Condutor Dormindo;Colisao com objeto estatico;Com Vitimas Feridas;Pleno dia;Sol;Curva
domingo;PR;Velocidade Incompativel;Capotamento;Com Vitimas Feridas;Pleno dia;Chuva;Reta
sabado;RO;Falta de Atencao Conducao;Saida de leito carrocavel;Com Vitimas Feridas;Pleno dia;Ceu Claro;Desvio Temporario
domingo;SC;Ingestao de Alcool;Saida de leito carrocavel;Sem Vitimas;Amanhecer;Garoa/Chuvisco;Curva
domingo;RS;Falta de Atencao Conducao;Saida de leito carrocavel;Com Vitimas Feridas;Pleno dia;Nevoeiro/Neblina;Desvio Temporario
domingo;RJ;Velocidade Incompativel;Queda de ocupante de veiculo;Com Vitimas Feridas;Pleno dia;Ceu Claro;Curva
segunda-feira;RJ;Falta de Atencao Conducao;Colisao com objeto estatico;Com Vitimas Feridas;Pleno dia;Ceu Claro;Reta
domingo;RS;Velocidade Incompativel;Saida de leito carrocavel;Com Vitimas Fatais;Pleno dia;Chuva;Curva
domingo;GO;Defeito Mecanico no Veiculo;Saida de leito carrocavel;Com Vitimas Feridas;Pleno dia;Ceu Claro;Nao Informado
domingo;SC;Falta de Atencao Conducao;Tombamento;Com Vitimas Feridas;Pleno dia;Nublado;Curva
domingo;MG;Falta de Atencao Conducao;Colisao traseira;Com Vitimas Feridas;Pleno dia;Ceu Claro;Curva
domingo;PR;Carga excessiva e/ou mal acondicionada;Colisao com objeto estatico;Com Vitimas Feridas;Pleno dia;Chuva;Curva
domingo;MG;Falta de Atencao Conducao;Colisao traseira;Com Vitimas Feridas;Pleno dia;Ceu Claro;Curva
domingo;MG;Falta de Atencao Conducao;Queda de ocupante de veiculo;Com Vitimas Feridas;Pleno dia;Ceu Claro;Reta
domingo;RS;Velocidade Incompativel;Colisao frontal;Com Vitimas Fatais;Pleno dia;Nublado;Curva
sabado;MG;Animais na Pista;Atropelamento de Animal;Com Vitimas Feridas;Plena Noite;Ceu Claro;Reta
sabado;RO;Ingestao de Alcool;Colisao transversal;Com Vitimas Feridas;Plena Noite;Nublado;Reta
domingo;MG;Falta de Atencao Conducao;Saida de leito carrocavel;Com Vitimas Feridas;Pleno dia;Ceu Claro;Reta
domingo;SP;Ingestao de Alcool;Colisao com objeto estatico;Com Vitimas Feridas;Pleno dia;Ceu Claro;Reta
domingo;GO;Defeito Mecanico no Veiculo;Queda de ocupante de veiculo;Com Vitimas Feridas;Pleno dia;Ceu Claro;Nao Informado
domingo;RS;Velocidade Incompativel;Saida de leito carrocavel;Com Vitimas Feridas;Pleno dia;Garoa/Chuvisco;Nao Informado
domingo;PR;Desobediencia nas normas de transito pelo condutor;Colisao transversal;Com Vitimas Feridas;Pleno dia;Nublado;Intersecao de vias
domingo;PR;Velocidade Incompativel;Colisao com objeto estatico;Com Vitimas Feridas;Pleno dia;Garoa/Chuvisco;Curva
domingo;PE;Falta de Atencao Conducao;Colisao lateral;Com Vitimas Feridas;Pleno dia;Sol;Nao Informado
domingo;PR;Velocidade Incompativel;Saida de leito carrocavel;Com Vitimas Feridas;Pleno dia;Chuva;Curva
domingo;MG;Mal Subito;Colisao traseira;Com Vitimas Feridas;Pleno dia;Ceu Claro;Reta
domingo;PR;Ultrapassagem Indevida;Saida de leito carrocavel;Com Vitimas Feridas;Pleno dia;Nublado;Reta
domingo;SC;Nao guardar distancia de seguranca;Colisao traseira;Com Vitimas Feridas;Pleno dia;Ceu Claro;Nao Informado
domingo;MG;Velocidade Incompativel;Saida de leito carrocavel;Com Vitimas Feridas;Pleno dia;Ceu Claro;Nao Informado
domingo;SP;Desobediencia nas normas de transito pelo condutor;Colisao traseira;Com Vitimas Feridas;Pleno dia;Ceu Claro;Desvio Temporario
domingo;SP;Nao guardar distancia de seguranca;Colisao traseira;Com Vitimas Feridas;Pleno dia;Ceu Claro;Reta
domingo;SC;Falta de Atencao Conducao;Colisao lateral;Sem Vitimas;Amanhecer;Nevoeiro/Neblina;Reta
domingo;SC;Falta de Atencao Conducao;Colisao com objeto estatico;Sem Vitimas;Plena Noite;Nublado;Curva
domingo;BA;Defeito Mecanico no Veiculo;Queda de ocupante de veiculo;Com Vitimas Feridas;Pleno dia;Ceu Claro;Nao Informado
sexta-feira;PE;Velocidade Incompativel;Tombamento;Com Vitimas Feridas;Pleno dia;Ceu Claro;Curva
domingo;MG;Falta de Atencao Conducao;Colisao com objeto estatico;Com Vitimas Feridas;Pleno dia;Ceu Claro;Nao Informado
domingo;SE;Condutor Dormindo;Colisao lateral;Com Vitimas Feridas;Pleno dia;Sol;Nao Informado
domingo;ES;Falta de Atencao Conducao;Colisao traseira;Sem Vitimas;Pleno dia;Sol;Reta
domingo;PR;Velocidade Incompativel;Saida de leito carrocavel;Com Vitimas Feridas;Pleno dia;Chuva;Curva
domingo;MT;Falta de Atencao Conducao;Colisao lateral;Com Vitimas Feridas;Pleno dia;Ceu Claro;Reta
domingo;PR;Velocidade Incompativel;Saida de leito carrocavel;Com Vitimas Feridas;Pleno dia;Nublado;Curva
domingo;PB;Ingestao de Alcool;Colisao traseira;Com Vitimas Feridas;Pleno dia;Ceu Claro;Reta
domingo;GO;Falta de Atencao Conducao;Saida de leito carrocavel;Com Vitimas Feridas;Pleno dia;Ceu Claro;Nao Informado
domingo;PR;Velocidade Incompativel;Saida de leito carrocavel;Com Vitimas Feridas;Pleno dia;Chuva;Curva
domingo;ES;Falta de Atencao Conducao;Colisao traseira;Com Vitimas Feridas;Pleno dia;Ceu Claro;Reta
domingo;GO;Desobediencia nas normas de transito pelo condutor;Colisao lateral;Com Vitimas Feridas;Pleno dia;Ceu Claro;Reta
domingo;BA;Falta de Atencao Conducao;Capotamento;Com Vitimas Feridas;Pleno dia;Nublado;Reta
domingo;MG;Velocidade Incompativel;Tombamento;Com Vitimas Feridas;Pleno dia;Ceu Claro;Curva
domingo;PB;Condutor Dormindo;Colisao frontal;Com Vitimas Feridas;Pleno dia;Ceu Claro;Reta
domingo;SP;Falta de Atencao Conducao;Tombamento;Com Vitimas Feridas;Pleno dia;Ceu Claro;Rotatoria
domingo;PI;Desobediencia nas normas de transito pelo condutor;Colisao frontal;Com Vitimas Feridas;Pleno dia;Ceu Claro;Reta
domingo;PR;Velocidade Incompativel;Capotamento;Com Vitimas Feridas;Pleno dia;Chuva;Curva
domingo;PR;Animais na Pista;Atropelamento de Animal;Com Vitimas Feridas;Pleno dia;Ceu Claro;Nao Informado
domingo;MG;Velocidade Incompativel;Colisao frontal;Com Vitimas Fatais;Pleno dia;Ceu Claro;Curva
quarta-feira;MT;Falta de Atencao Conducao;Atropelamento de Pedestre;Com Vitimas Feridas;Pleno dia;Nublado;Reta
domingo;PI;Falta de Atencao Conducao;Colisao traseira;Sem Vitimas;Pleno dia;Ceu Claro;Reta
domingo;PE;Velocidade Incompativel;Colisao lateral;Com Vitimas Feridas;Pleno dia;Ceu Claro;Reta
domingo;CE;Nao guardar distancia de seguranca;Colisao traseira;Com Vitimas Feridas;Pleno dia;Sol;Reta
domingo;MG;Defeito Mecanico no Veiculo;Danos eventuais;Com Vitimas Feridas;Pleno dia;Ceu Claro;Reta
domingo;MG;Falta de Atencao Conducao;Colisao traseira;Sem Vitimas;Pleno dia;Ceu Claro;Reta
domingo;RS;Falta de Atencao Conducao;Capotamento;Com Vitimas Feridas;Pleno dia;Sol;Nao Informado
quarta-feira;PR;Condutor Dormindo;Saida de leito carrocavel;Com Vitimas Feridas;Pleno dia;Ceu Claro;Reta
domingo;BA;Ingestao de Alcool;Colisao transversal;Com Vitimas Feridas;Pleno dia;Nublado;Reta
domingo;DF;Falta de Atencao Conducao;Colisao lateral;Com Vitimas Feridas;Pleno dia;Garoa/Chuvisco;Desvio Temporario
domingo;SP;Nao guardar distancia de seguranca;Engavetamento;Sem Vitimas;Pleno dia;Ceu Claro;Reta
domingo;TO;Avarias e/ou desgaste excessivo no pneu;Colisao traseira;Com Vitimas Feridas;Pleno dia;Chuva;Reta
domingo;BA;Velocidade Incompativel;Saida de leito carrocavel;Sem Vitimas;Pleno dia;Ceu Claro;Reta
domingo;BA;Desobediencia nas normas de transito pelo condutor;Colisao frontal;Com Vitimas Feridas;Pleno dia;Chuva;Intersecao de vias
domingo;SP;Defeito Mecanico no Veiculo;Incendio;Sem Vitimas;Pleno dia;Nublado;Retorno Regulamentado
domingo;DF;Ingestao de Alcool;Colisao traseira;Com Vitimas Feridas;Pleno dia;Chuva;Reta
domingo;SP;Falta de Atencao Conducao;Engavetamento;Com Vitimas Feridas;Pleno dia;Ceu Claro;Reta
domingo;PR;Falta de Atencao Conducao;Colisao lateral;Com Vitimas Feridas;Pleno dia;Nublado;Reta
domingo;SP;Agressao Externa;Danos eventuais;Sem Vitimas;Pleno dia;Nublado;Curva
domingo;SE;Nao guardar distancia de seguranca;Colisao traseira;Com Vitimas Feridas;Pleno dia;Sol;Reta
domingo;SP;Velocidade Incompativel;Colisao com objeto estatico;Com Vitimas Feridas;Pleno dia;Garoa/Chuvisco;Curva
domingo;SP;Pista Escorregadia;Queda de ocupante de veiculo;Com Vitimas Feridas;Pleno dia;Garoa/Chuvisco;Reta
domingo;AL;Falta de Atencao Conducao;Colisao transversal;Com Vitimas Feridas;Pleno dia;Nublado;Nao Informado
domingo;GO;Falta de Atencao Conducao;Tombamento;Com Vitimas Feridas;Pleno dia;Ceu Claro;Reta
domingo;SP;Falta de Atencao Conducao;Queda de ocupante de veiculo;Com Vitimas Feridas;Pleno dia;Ceu Claro;Reta
domingo;RJ;Defeito na Via;Colisao lateral;Com Vitimas Feridas;Pleno dia;Ceu Claro;Reta
domingo;MG;Avarias e/ou desgaste excessivo no pneu;Capotamento;Com Vitimas Feridas;Pleno dia;Ceu Claro;Reta
domingo;PR;Nao guardar distancia de seguranca;Colisao traseira;Sem Vitimas;Pleno dia;Garoa/Chuvisco;Reta
domingo;MG;Nao guardar distancia de seguranca;Colisao traseira;Com Vitimas Feridas;Pleno dia;Ceu Claro;Nao Informado
domingo;SC;Falta de Atencao Conducao;Colisao transversal;Com Vitimas Feridas;Pleno dia;Nublado;Reta
domingo;PR;Falta de Atencao Conducao;Colisao transversal;Com Vitimas Feridas;Pleno dia;Nublado;Intersecao de vias
domingo;SC;Falta de Atencao Conducao;Colisao transversal;Com Vitimas Feridas;Pleno dia;Nublado;Reta
domingo;MG;Velocidade Incompativel;Colisao traseira;Com Vitimas Feridas;Pleno dia;Ceu Claro;Reta
domingo;MT;Falta de Atencao Conducao;Colisao com objeto estatico;Com Vitimas Feridas;Pleno dia;Nublado;Ponte
domingo;GO;Falta de Atencao Conducao;Colisao lateral;Sem Vitimas;Pleno dia;Nublado;Nao Informado
domingo;PB;Falta de Atencao Conducao;Colisao traseira;Sem Vitimas;Pleno dia;Nublado;Curva
domingo;MT;Defeito Mecanico no Veiculo;Colisao lateral;Com Vitimas Feridas;Pleno dia;Ceu Claro;Reta
domingo;RS;Nao guardar distancia de seguranca;Colisao traseira;Com Vitimas Feridas;Pleno dia;Garoa/Chuvisco;Reta
domingo;GO;Falta de Atencao Conducao;Saida de leito carrocavel;Com Vitimas Feridas;Pleno dia;Ceu Claro;Reta
domingo;BA;Defeito na Via;Colisao lateral;Sem Vitimas;Pleno dia;Ceu Claro;Reta
domingo;RS;Desobediencia nas normas de transito pelo condutor;Colisao lateral;Sem Vitimas;Anoitecer;Garoa/Chuvisco;Curva
domingo;ES;Defeito Mecanico no Veiculo;Capotamento;Sem Vitimas;Anoitecer;Ceu Claro;Curva
domingo;RS;Ultrapassagem Indevida;Saida de leito carrocavel;Com Vitimas Feridas;Pleno dia;Nublado;Reta