dia_semana;uf;causa_acidente;tipo_acidente;classificacao_acidente;fase_dia;condicao_metereologica;tracado_via
domingo;BA;Ultrapassagem Indevida;Colisao frontal;Com Vitimas Fatais;Plena Noite;Ceu Claro;Reta
domingo;SP;Falta de Atencao Conducao;Colisao lateral;Com Vitimas Feridas;Anoitecer;Ceu Claro;Rotatoria
domingo;SC;Nao guardar distancia de seguranca;Colisao traseira;Sem Vitimas;Plena Noite;Nublado;Reta
domingo;RS;Defeito Mecanico no Veiculo;Colisao com objeto estatico;Sem Vitimas;Pleno dia;Ceu Claro;Rotatoria
domingo;MG;Defeito Mecanico no Veiculo;Queda de ocupante de veiculo;Com Vitimas Feridas;Pleno dia;Ceu Claro;Curva
domingo;RJ;Desobediencia nas normas de transito pelo condutor;Colisao com objeto estatico;Com Vitimas Fatais;Pleno dia;Sol;Reta
domingo;PR;Ingestao de Alcool;Colisao traseira;Sem Vitimas;Anoitecer;Garoa/Chuvisco;Reta
domingo;BA;Falta de Atencao Conducao;Colisao frontal;Com Vitimas Feridas;Anoitecer;Nublado;Reta
domingo;MG;Falta de Atencao Conducao;Capotamento;Com Vitimas Feridas;Plena Noite;Ceu Claro;Curva
domingo;RJ;Ingestao de Alcool;Colisao frontal;Com Vitimas Fatais;Plena Noite;Ceu Claro;Reta
domingo;RJ;Falta de Atencao Conducao;Colisao transversal;Com Vitimas Feridas;Plena Noite;Ceu Claro;Reta
domingo;GO;Desobediencia nas normas de transito pelo condutor;Atropelamento de Pedestre;Com Vitimas Feridas;Plena Noite;Chuva;Reta
domingo;RO;Falta de Atencao Conducao;Saida de leito carrocavel;Com Vitimas Feridas;Pleno dia;Sol;Reta
domingo;RS;Nao guardar distancia de seguranca;Colisao traseira;Sem Vitimas;Anoitecer;Nublado;Reta
domingo;MG;Nao guardar distancia de seguranca;Colisao traseira;Com Vitimas Feridas;Anoitecer;Ceu Claro;Reta
domingo;PR;Desobediencia nas normas de transito pelo condutor;Colisao transversal;Com Vitimas Feridas;Plena Noite;Garoa/Chuvisco;Reta
domingo;PB;Falta de Atencao Conducao;Colisao traseira;Sem Vitimas;Plena Noite;Nublado;Nao Informado
domingo;PR;Nao guardar distancia de seguranca;Colisao traseira;Com Vitimas Feridas;Plena Noite;Garoa/Chuvisco;Reta
domingo;PE;Ingestao de Alcool;Colisao traseira;Com Vitimas Feridas;Plena Noite;Ceu Claro;Reta
domingo;MS;Nao guardar distancia de seguranca;Colisao traseira;Com Vitimas Feridas;Anoitecer;Ceu Claro;Desvio Temporario
domingo;RS;Animais na Pista;Atropelamento de Animal;Sem Vitimas;Plena Noite;Ceu Claro;Reta
domingo;PR;Falta de Atencao Conducao;Queda de ocupante de veiculo;Com Vitimas Feridas;Plena Noite;Ceu Claro;Desvio Temporario
domingo;GO;Falta de Atencao Conducao;Colisao traseira;Com Vitimas Feridas;Plena Noite;Ceu Claro;Reta
domingo;GO;Falta de Atencao do Pedestre;Atropelamento de Pedestre;Com Vitimas Feridas;Plena Noite;Ceu Claro;Reta
domingo;SP;Falta de Atencao Conducao;Colisao transversal;Com Vitimas Fatais;Plena Noite;Nublado;Reta
domingo;RN;Desobediencia nas normas de transito pelo condutor;Colisao transversal;Com Vitimas Feridas;Plena Noite;Nublado;Reta
terca-feira;MS;Animais na Pista;Atropelamento de Animal;Com Vitimas Feridas;Plena Noite;Ceu Claro;Reta
domingo;SC;Falta de Atencao Conducao;Colisao lateral;Sem Vitimas;Plena Noite;Chuva;Curva
domingo;MG;Falta de Atencao Conducao;Colisao traseira;Sem Vitimas;Anoitecer;Ceu Claro;Reta
domingo;TO;Falta de Atencao Conducao;Colisao transversal;Com Vitimas Feridas;Plena Noite;Garoa/Chuvisco;Intersecao de vias
domingo;GO;Ingestao de Alcool;Colisao lateral;Sem Vitimas;Plena Noite;Garoa/Chuvisco;Reta
domingo;SC;Desobediencia nas normas de transito pelo condutor;Colisao transversal;Com Vitimas Feridas;Plena Noite;Ceu Claro;Intersecao de vias
domingo;BA;Falta de Atencao Conducao;Engavetamento;Sem Vitimas;Anoitecer;Ceu Claro;Nao Informado
domingo;DF;Falta de Atencao Conducao;Colisao traseira;Com Vitimas Feridas;Plena Noite;Ceu Claro;Reta
domingo;SC;Falta de Atencao Conducao;Colisao traseira;Sem Vitimas;Pleno dia;Chuva;Reta
domingo;MG;Falta de Atencao do Pedestre;Atropelamento de Pedestre;Com Vitimas Feridas;Plena Noite;Ceu Claro;Reta
domingo;RJ;Ingestao de Alcool;Colisao frontal;Com Vitimas Feridas;Plena Noite;Ceu Claro;Reta
domingo;GO;Falta de Atencao Conducao;Tombamento;Com Vitimas Feridas;Plena Noite;Ceu Claro;Curva
domingo;TO;Falta de Atencao Conducao;Colisao transversal;Com Vitimas Feridas;Pleno dia;Ignorado;Rotatoria
domingo;ES;Falta de Atencao Conducao;Colisao lateral;Com Vitimas Feridas;Plena Noite;Ceu Claro;Intersecao de vias
domingo;AL;Ingestao de Alcool;Atropelamento de Animal;Com Vitimas Feridas;Plena Noite;Ceu Claro;Ponte
domingo;PR;Velocidade Incompativel;Saida de leito carrocavel;Sem Vitimas;Plena Noite;Garoa/Chuvisco;Nao Informado
domingo;SP;Falta de Atencao Conducao;Atropelamento de Pedestre;Com Vitimas Feridas;Plena Noite;Ceu Claro;Reta
domingo;ES;Falta de Atencao Conducao;Colisao traseira;Com Vitimas Feridas;Pleno dia;Ceu Claro;Reta
domingo;RO;Falta de Atencao Conducao;Tombamento;Com Vitimas Feridas;Pleno dia;Nublado;Reta
domingo;PI;Ingestao de Alcool;Colisao traseira;Com Vitimas Feridas;Plena Noite;Nublado;Reta
domingo;TO;Falta de Atencao Conducao;Colisao transversal;Com Vitimas Feridas;Plena Noite;Nublado;Reta
domingo;MG;Desobediencia nas normas de transito pelo condutor;Colisao lateral;Com Vitimas Feridas;Plena Noite;Ceu Claro;Nao Informado
domingo;PR;Ingestao de Alcool;Colisao lateral;Sem Vitimas;Pleno dia;Chuva;Reta
domingo;SP;Ingestao de Alcool;Colisao traseira;Sem Vitimas;Plena Noite;Ceu Claro;Reta
domingo;RJ;Agressao Externa;Queda de ocupante de veiculo;Com Vitimas Feridas;Plena Noite;Ceu Claro;Reta
domingo;PR;Velocidade Incompativel;Colisao com objeto estatico;Com Vitimas Feridas;Plena Noite;Chuva;Curva
domingo;PE;Ingestao de Alcool e/ou substancias psicoativas pelo pedestre;Atropelamento de Pedestre;Com Vitimas Feridas;Plena Noite;Ceu Claro;Reta
domingo;SP;Falta de Atencao Conducao;Colisao lateral;Com Vitimas Feridas;Plena Noite;Nublado;Nao Informado
domingo;PR;Falta de Atencao Conducao;Colisao com objeto estatico;Sem Vitimas;Anoitecer;Chuva;Curva
domingo;PR;Ingestao de Alcool;Colisao traseira;Com Vitimas Feridas;Plena Noite;Chuva;Reta
domingo;SC;Ingestao de Alcool;Colisao transversal;Com Vitimas Feridas;Plena Noite;Nublado;Reta
domingo;SC;Falta de Atencao Conducao;Colisao transversal;Sem Vitimas;Plena Noite;Garoa/Chuvisco;Reta
domingo;ES;Ultrapassagem Indevida;Colisao lateral;Com Vitimas Feridas;Plena Noite;Ceu Claro;Reta
domingo;MG;Nao guardar distancia de seguranca;Colisao traseira;Com Vitimas Feridas;Pleno dia;Ceu Claro;Reta
domingo;BA;Velocidade Incompativel;Tombamento;Com Vitimas Feridas;Plena Noite;Ceu Claro;Reta
domingo;MT;Falta de Atencao Conducao;Colisao frontal;Com Vitimas Feridas;Plena Noite;Ceu Claro;Reta
domingo;RJ;Falta de Atencao Conducao;Colisao lateral;Sem Vitimas;Plena Noite;Ceu Claro;Reta
domingo;SC;Falta de Atencao Conducao;Colisao transversal;Com Vitimas Feridas;Plena Noite;Chuva;Reta
domingo;RJ;Falta de Atencao Conducao;Tombamento;Com Vitimas Feridas;Plena Noite;Nublado;Reta
domingo;SP;Falta de Atencao Conducao;Colisao com objeto estatico;Com Vitimas Feridas;Plena Noite;Ceu Claro;Reta
domingo;ES;Velocidade Incompativel;Colisao com objeto estatico;Sem Vitimas;Plena Noite;Ceu Claro;Reta
domingo;BA;Falta de Atencao Conducao;Colisao transversal;Com Vitimas Feridas;Plena Noite;Ceu Claro;Curva
domingo;SC;Desobediencia nas normas de transito pelo condutor;Colisao transversal;Com Vitimas Feridas;Pleno dia;Nublado;Reta
domingo;SP;Desobediencia nas normas de transito pelo condutor;Colisao traseira;Com Vitimas Feridas;Plena Noite;Ceu Claro;Reta
domingo;SP;Defeito Mecanico no Veiculo;Colisao frontal;Com Vitimas Feridas;Plena Noite;Ceu Claro;Reta
domingo;SP;Condutor Dormindo;Saida de leito carrocavel;Com Vitimas Feridas;Plena Noite;Nublado;Reta
domingo;PA;Avarias e/ou desgaste excessivo no pneu;Queda de ocupante de veiculo;Com Vitimas Feridas;Plena Noite;Nublado;Reta
domingo;RR;Nao guardar distancia de seguranca;Colisao lateral;Com Vitimas Feridas;Anoitecer;Ceu Claro;Reta
domingo;SC;Falta de Atencao Conducao;Colisao transversal;Com Vitimas Feridas;Plena Noite;Chuva;Reta
domingo;SC;Desobediencia nas normas de transito pelo condutor;Colisao traseira;Com Vitimas Feridas;Pleno dia;Chuva;Reta
domingo;MG;Desobediencia nas normas de transito pelo condutor;Colisao lateral;Com Vitimas Feridas;Plena Noite;Ceu Claro;Curva
domingo;SP;Desobediencia nas normas de transito pelo condutor;Colisao traseira;Com Vitimas Fatais;Plena Noite;Ceu Claro;Reta
domingo;PR;Velocidade Incompativel;Colisao traseira;Com Vitimas Feridas;Plena Noite;Chuva;Nao Informado
domingo;BA;Desobediencia nas normas de transito pelo condutor;Colisao traseira;Com Vitimas Feridas;Plena Noite;Ceu Claro;Nao Informado
domingo;AC;Defeito na Via;Queda de ocupante de veiculo;Com Vitimas Feridas;Plena Noite;Ignorado;Reta
domingo;MG;Velocidade Incompativel;Colisao com objeto estatico;Sem Vitimas;Pleno dia;Ceu Claro;Curva
domingo;PR;Ingestao de Alcool;Colisao traseira;Sem Vitimas;Plena Noite;Ceu Claro;Intersecao de vias
domingo;SC;Falta de Atencao Conducao;Colisao transversal;Com Vitimas Feridas;Plena Noite;Chuva;Reta
domingo;RS;Velocidade Incompativel;Tombamento;Com Vitimas Feridas;Plena Noite;Nublado;Curva
domingo;PR;Velocidade Incompativel;Saida de leito carrocavel;Sem Vitimas;Pleno dia;Chuva;Curva
domingo;PR;Velocidade Incompativel;Saida de leito carrocavel;Sem Vitimas;Plena Noite;Chuva;Curva
domingo;SC;Falta de Atencao Conducao;Colisao transversal;Com Vitimas Feridas;Plena Noite;Garoa/Chuvisco;Rotatoria
domingo;PR;Deficincia ou nao Acionamento do Sistema de Iluminacao/Sinalizacao do Veiculo;Colisao traseira;Com Vitimas Feridas;Plena Noite;Nublado;Reta
domingo;GO;Ingestao de Alcool;Saida de leito carrocavel;Sem Vitimas;Plena Noite;Ceu Claro;Nao Informado
domingo;MG;Falta de Atencao Conducao;Colisao frontal;Com Vitimas Feridas;Plena Noite;Ceu Claro;Reta
domingo;PI;Ingestao de Alcool;Queda de ocupante de veiculo;Com Vitimas Feridas;Plena Noite;Nublado;Reta
domingo;SC;Velocidade Incompativel;Colisao traseira;Com Vitimas Feridas;Plena Noite;Chuva;Reta
domingo;SC;Falta de Atencao do Pedestre;Atropelamento de Pedestre;Com Vitimas Feridas;Plena Noite;Nublado;Reta
domingo;SP;Condutor Dormindo;Saida de leito carrocavel;Com Vitimas Feridas;Plena Noite;Ceu Claro;Reta
domingo;RJ;Ingestao de Alcool;Colisao traseira;Com Vitimas Feridas;Plena Noite;Ceu Claro;Reta
domingo;SC;Falta de Atencao Conducao;Colisao traseira;Com Vitimas Feridas;Plena Noite;Garoa/Chuvisco;Reta
domingo;PR;Velocidade Incompativel;Saida de leito carrocavel;Com Vitimas Feridas;Plena Noite;Chuva;Curva
domingo;RJ;Velocidade Incompativel;Queda de ocupante de veiculo;Com Vitimas Feridas;Plena Noite;Nublado;Retorno Regulamentado
domingo;RJ;Defeito Mecanico no Veiculo;Tombamento;Com Vitimas Feridas;Plena Noite;Ceu Claro;Curva
domingo;SC;Pista Escorregadia;Colisao traseira;Com Vitimas Feridas;Anoitecer;Chuva;Retorno Regulamentado
domingo;PR;Desobediencia nas normas de transito pelo condutor;Colisao traseira;Sem Vitimas;Plena Noite;Garoa/Chuvisco;Curva
domingo;RO;Ingestao de Alcool;Colisao traseira;Com Vitimas Feridas;Plena Noite;Ceu Claro;Reta
domingo;RR;Sinalizacao da via insuficiente ou inadequada;Colisao transversal;Sem Vitimas;Plena Noite;Ceu Claro;Intersecao de vias
domingo;SC;Restricao de Visibilidade;Engavetamento;Com Vitimas Feridas;Plena Noite;Chuva;Reta
segunda-feira;MT;Falta de Atencao Conducao;Capotamento;Com Vitimas Feridas;Plena Noite;Ceu Claro;Reta
segunda-feira;MG;Falta de Atencao Conducao;Colisao com objeto estatico;Com Vitimas Feridas;Plena Noite;Ceu Claro;Nao Informado
segunda-feira;RS;Ingestao de Alcool;Saida de leito carrocavel;Com Vitimas Feridas;Plena Noite;Nublado;Reta
segunda-feira;RJ;Defeito na Via;Colisao com objeto estatico;Com Vitimas Feridas;Plena Noite;Ceu Claro;Nao Informado
segunda-feira;SP;Desobedincia nas normas de transito pelo pedestre;Atropelamento de Pedestre;Com Vitimas Fatais;Plena Noite;Nublado;Reta
segunda-feira;ES;Falta de Atencao Conducao;Saida de leito carrocavel;Sem Vitimas;Plena Noite;Ceu Claro;Reta
segunda-feira;DF;Desobediencia nas normas de transito pelo condutor;Engavetamento;Com Vitimas Feridas;Amanhecer;Ceu Claro;Reta
segunda-feira;PR;Falta de Atencao Conducao;Colisao traseira;Com Vitimas Feridas;Plena Noite;Chuva;Reta
segunda-feira;RJ;Desobediencia nas normas de transito pelo condutor;Queda de ocupante de veiculo;Com Vitimas Feridas;Amanhecer;Ceu Claro;Reta
segunda-feira;PE;Defeito Mecanico no Veiculo;Incendio;Sem Vitimas;Pleno dia;Ceu Claro;Reta
segunda-feira;PE;Nao guardar distancia de seguranca;Colisao traseira;Sem Vitimas;Pleno dia;Ceu Claro;Reta
segunda-feira;SP;Defeito na Via;Capotamento;Sem Vitimas;Pleno dia;Chuva;Nao Informado
segunda-feira;BA;Falta de Atencao Conducao;Colisao transversal;Com Vitimas Feridas;Pleno dia;Ceu Claro;Reta
segunda-feira;BA;Desobedincia nas normas de transito pelo pedestre;Colisao lateral;Com Vitimas Feridas;Pleno dia;Ceu Claro;Curva
segunda-feira;PR;Velocidade Incompativel;Saida de leito carrocavel;Com Vitimas Feridas;Pleno dia;Chuva;Curva
segunda-feira;ES;Velocidade Incompativel;Colisao traseira;Com Vitimas Feridas;Pleno dia;Ceu Claro;Nao Informado
segunda-feira;MG;Condutor Dormindo;Saida de leito carrocavel;Com Vitimas Feridas;Amanhecer;Ceu Claro;Reta
segunda-feira;PE;Nao guardar distancia de seguranca;Colisao traseira;Sem Vitimas;Pleno dia;Ceu Claro;Reta
segunda-feira;PR;Falta de Atencao Conducao;Saida de leito carrocavel;Com Vitimas Feridas;Pleno dia;Garoa/Chuvisco;Intersecao de vias
segunda-feira;SC;Falta de Atencao Conducao;Colisao frontal;Com Vitimas Feridas;Pleno dia;Garoa/Chuvisco;Curva
segunda-feira;SC;Desobediencia nas normas de transito pelo condutor;Colisao lateral;Com Vitimas Feridas;Pleno dia;Nublado;Reta
segunda-feira;SC;Defeito Mecanico no Veiculo;Incendio;Sem Vitimas;Plena Noite;Nublado;Reta
segunda-feira;PR;Desobediencia nas normas de transito pelo condutor;Colisao transversal;Com Vitimas Feridas;Pleno dia;Nublado;Intersecao de vias
segunda-feira;BA;Nao guardar distancia de seguranca;Colisao lateral;Sem Vitimas;Pleno dia;Ceu Claro;Reta
segunda-feira;MG;Velocidade Incompativel;Tombamento;Sem Vitimas;Pleno dia;Ceu Claro;Curva
domingo;PR;Ingestao de Alcool;Colisao lateral;Sem Vitimas;Pleno dia;Ceu Claro;Reta
segunda-feira;SC;Falta de Atencao Conducao;Colisao lateral;Com Vitimas Feridas;Pleno dia;Ceu Claro;Reta
segunda-feira;PE;Falta de Atencao Conducao;Saida de leito carrocavel;Sem Vitimas;Pleno dia;Ceu Claro;Reta
segunda-feira;PR;Falta de Atencao Conducao;Colisao traseira;Com Vitimas Feridas;Pleno dia;Nublado;Reta
segunda-feira;SC;Pista Escorregadia;Tombamento;Com Vitimas Feridas;Pleno dia;Chuva;Reta
segunda-feira;MG;Desobediencia nas normas de transito pelo condutor;Colisao lateral;Com Vitimas Feridas;Pleno dia;Ceu Claro;Reta
segunda-feira;PB;Falta de Atencao Conducao;Tombamento;Com Vitimas Feridas;Pleno dia;Sol;Reta
domingo;RO;Ingestao de Alcool;Atropelamento de Pedestre;Com Vitimas Feridas;Plena Noite;Ceu Claro;Nao Informado
segunda-feira;MG;Nao guardar distancia de seguranca;Colisao lateral;Com Vitimas Feridas;Pleno dia;Ceu Claro;Reta
domingo;RJ;Deficincia ou nao Acionamento do Sistema de Iluminacao/Sinalizacao do Veiculo;Colisao traseira;Com Vitimas Feridas;Plena Noite;Ceu Claro;Curva
segunda-feira;SP;Defeito Mecanico no Veiculo;Engavetamento;Sem Vitimas;Pleno dia;Sol;Reta
segunda-feira;RS;Falta de Atencao Conducao;Colisao lateral;Com Vitimas Feridas;Pleno dia;Nublado;Reta
segunda-feira;ES;Falta de Atencao Conducao;Tombamento;Sem Vitimas;Amanhecer;Ceu Claro;Curva
segunda-feira;MG;Mal Subito;Saida de leito carrocavel;Com Vitimas Feridas;Pleno dia;Ceu Claro;Nao Informado
segunda-feira;MG;Desobediencia nas normas de transito pelo condutor;Colisao transversal;Com Vitimas Feridas;Pleno dia;Ceu Claro;Rotatoria
quarta-feira;RS;Falta de Atencao Conducao;Colisao com objeto estatico;Sem Vitimas;Pleno dia;Ceu Claro;Reta
segunda-feira;MA;Nao guardar distancia de seguranca;Colisao traseira;Sem Vitimas;Amanhecer;Ceu Claro;Reta
segunda-feira;RS;Desobediencia nas normas de transito pelo condutor;Saida de leito carrocavel;Sem Vitimas;Pleno dia;Ceu Claro;Curva
segunda-feira;SC;Defeito Mecanico no Veiculo;Tombamento;Com Vitimas Feridas;Pleno dia;Chuva;Curva
segunda-feira;RN;Falta de Atencao Conducao;Colisao lateral;Com Vitimas Feridas;Pleno dia;Nublado;Reta
segunda-feira;RJ;Condutor Dormindo;Colisao com objeto estatico;Sem Vitimas;Amanhecer;Ceu Claro;Reta
segunda-feira;MG;Desobediencia nas normas de transito pelo condutor;Colisao transversal;Com Vitimas Feridas;Pleno dia;Ceu Claro;Reta
quarta-feira;PR;Desobediencia nas normas de transito pelo condutor;Colisao transversal;Com Vitimas Feridas;Pleno dia;Ignorado;Reta
domingo;PB;Ingestao de Substancias Psicoativas;Tombamento;Com Vitimas Feridas;Plena Noite;Ceu Claro;Reta
segunda-feira;PR;Pista Escorregadia;Queda de ocupante de veiculo;Com Vitimas Feridas;Pleno dia;Chuva;Reta
segunda-feira;SC;Desobediencia nas normas de transito pelo condutor;Colisao transversal;Com Vitimas Feridas;Pleno dia;Sol;Viaduto
segunda-feira;PE;Falta de Atencao Conducao;Colisao transversal;Com Vitimas Feridas;Pleno dia;Ceu Claro;Reta
segunda-feira;RR;Defeito Mecanico no Veiculo;Incendio;Sem Vitimas;Pleno dia;Ceu Claro;Reta
segunda-feira;PE;Falta de Atencao Conducao;Colisao traseira;Sem Vitimas;Pleno dia;Ceu Claro;Reta
segunda-feira;ES;Nao guardar distancia de seguranca;Colisao com objeto em movimento;Com Vitimas Feridas;Pleno dia;Sol;Nao Informado
quinta-feira;MT;Velocidade Incompativel;Colisao lateral;Com Vitimas Feridas;Pleno dia;Ignorado;Reta
segunda-feira;PA;Desobediencia nas normas de transito pelo condutor;Colisao transversal;Com Vitimas Feridas;Pleno dia;Ceu Claro;Intersecao de vias
segunda-feira;SP;Falta de Atencao Conducao;Colisao com objeto estatico;Com Vitimas Feridas;Pleno dia;Ceu Claro;Reta
quarta-feira;RJ;Pista Escorregadia;Colisao com objeto estatico;Com Vitimas Feridas;Pleno dia;Chuva;Reta
segunda-feira;SC;Desobediencia nas normas de transito pelo condutor;Colisao frontal;Com Vitimas Fatais;Pleno dia;Ceu Claro;Reta
segunda-feira;AL;Falta de Atencao Conducao;Colisao traseira;Com Vitimas Feridas;Pleno dia;Nublado;Nao Informado
segunda-feira;GO;Falta de Atencao Conducao;Colisao lateral;Com Vitimas Feridas;Pleno dia;Ceu Claro;Reta
segunda-feira;RS;Desobedincia nas normas de transito pelo pedestre;Atropelamento de Pedestre;Com Vitimas Feridas;Pleno dia;Nublado;Reta
segunda-feira;SC;Falta de Atencao Conducao;Tombamento;Com Vitimas Feridas;Pleno dia;Garoa/Chuvisco;Intersecao de vias
segunda-feira;SP;Falta de Atencao Conducao;Colisao traseira;Com Vitimas Feridas;Pleno dia;Ceu Claro;Nao Informado
segunda-feira;SC;Velocidade Incompativel;Colisao com objeto estatico;Com Vitimas Fatais;Pleno dia;Chuva;Reta
segunda-feira;MT;Mal Subito;Capotamento;Com Vitimas Feridas;Pleno dia;Ceu Claro;Reta
segunda-feira;SC;Falta de Atencao Conducao;Queda de ocupante de veiculo;Com Vitimas Feridas;Pleno dia;Garoa/Chuvisco;Reta
segunda-feira;SC;Nao guardar distancia de seguranca;Colisao traseira;Com Vitimas Feridas;Pleno dia;Nublado;Reta
segunda-feira;CE;Desobediencia nas normas de transito pelo condutor;Colisao transversal;Com Vitimas Feridas;Pleno dia;Sol;Intersecao de vias
segunda-feira;MG;Falta de Atencao do Pedestre;Atropelamento de Pedestre;Com Vitimas Feridas;Pleno dia;Ceu Claro;Curva
segunda-feira;RN;Falta de Atencao Conducao;Colisao lateral;Sem Vitimas;Pleno dia;Ceu Claro;Reta
segunda-feira;SC;Falta de Atencao Conducao;Colisao lateral;Com Vitimas Feridas;Pleno dia;Garoa/Chuvisco;Reta
segunda-feira;RO;Desobediencia nas normas de transito pelo condutor;Colisao transversal;Com Vitimas Feridas;Pleno dia;Ceu Claro;Reta
segunda-feira;RS;Defeito Mecanico no Veiculo;Incendio;Sem Vitimas;Pleno dia;Nublado;Reta
segunda-feira;BA;Falta de Atencao Conducao;Colisao transversal;Com Vitimas Feridas;Pleno dia;Ceu Claro;Reta
segunda-feira;AL;Falta de Atencao Conducao;Colisao lateral;Sem Vitimas;Pleno dia;Ceu Claro;Curva
sexta-feira;PE;Mal Subito;Colisao frontal;Com Vitimas Feridas;Plena Noite;Ceu Claro;Nao Informado
segunda-feira;BA;Falta de Atencao Conducao;Colisao lateral;Com Vitimas Feridas;Pleno dia;Ceu Claro;Reta
segunda-feira;RJ;Falta de Atencao Conducao;Colisao transversal;Sem Vitimas;Pleno dia;Ceu Claro;Reta
segunda-feira;PI;Falta de Atencao Conducao;Colisao frontal;Com Vitimas Fatais;Pleno dia;Ceu Claro;Nao Informado
segunda-feira;PR;Nao guardar distancia de seguranca;Colisao lateral;Com Vitimas Feridas;Pleno dia;Nublado;Reta
segunda-feira;MG;Velocidade Incompativel;Tombamento;Com Vitimas Feridas;Pleno dia;Ceu Claro;Curva
segunda-feira;RO;Ultrapassagem Indevida;Colisao traseira;Com Vitimas Feridas;Pleno dia;Ceu Claro;Reta
segunda-feira;PI;Nao guardar distancia de seguranca;Colisao traseira;Com Vitimas Feridas;Pleno dia;Ceu Claro;Reta
segunda-feira;PR;Falta de Atencao Conducao;Colisao transversal;Com Vitimas Feridas;Pleno dia;Ceu Claro;Nao Informado
segunda-feira;SC;Pista Escorregadia;Saida de leito carrocavel;Com Vitimas Feridas;Pleno dia;Chuva;Nao Informado
segunda-feira;PR;Mal Subito;Saida de leito carrocavel;Com Vitimas Feridas;Pleno dia;Ceu Claro;Reta
segunda-feira;RR;Desobediencia nas normas de transito pelo condutor;Colisao lateral;Com Vitimas Feridas;Pleno dia;Ceu Claro;Reta
segunda-feira;MS;Avarias e/ou desgaste excessivo no pneu;Colisao transversal;Com Vitimas Feridas;Pleno dia;Chuva;Reta
segunda-feira;SC;Defeito Mecanico no Veiculo;Incendio;Sem Vitimas;Pleno dia;Nublado;Reta
segunda-feira;SC;Pista Escorregadia;Colisao frontal;Com Vitimas Fatais;Pleno dia;Garoa/Chuvisco;Curva
segunda-feira;SC;Falta de Atencao Conducao;Tombamento;Com Vitimas Feridas;Pleno dia;Chuva;Curva
segunda-feira;SP;Condutor Dormindo;Saida de leito carrocavel;Com Vitimas Feridas;Pleno dia;Ceu Claro;Reta
segunda-feira;RS;Falta de Atencao Conducao;Colisao transversal;Com Vitimas Feridas;Pleno dia;Nublado;Nao Informado
segunda-feira;GO;Sinalizacao da via insuficiente ou inadequada;Colisao lateral;Com Vitimas Feridas;Pleno dia;Ceu Claro;Nao Informado
segunda-feira;RN;Falta de Atencao Conducao;Colisao traseira;Com Vitimas Feridas;Pleno dia;Ceu Claro;Reta
segunda-feira;SC;Desobediencia nas normas de transito pelo condutor;Atropelamento de Pedestre;Com Vitimas Feridas;Pleno dia;Nublado;Reta
segunda-feira;PI;Defeito na Via;Saida de leito carrocavel;Com Vitimas Feridas;Pleno dia;Chuva;Curva
domingo;MS;Ingestao de Alcool;Saida de leito carrocavel;Com Vitimas Feridas;Plena Noite;Ceu Claro;Curva
segunda-feira;PR;Falta de Atencao Conducao;Capotamento;Com Vitimas Feridas;Pleno dia;Nublado;Reta
segunda-feira;SC;Pista Escorregadia;Saida de leito carrocavel;Com Vitimas Feridas;Pleno dia;Chuva;Reta
segunda-feira;RS;Falta de Atencao Conducao;Colisao traseira;Sem Vitimas;Pleno dia;Ceu Claro;Curva
segunda-feira;SP;Falta de Atencao Conducao;Saida de leito carrocavel;Sem Vitimas;Pleno dia;Ceu Claro;Curva
segunda-feira;PR;Defeito Mecanico no Veiculo;Saida de leito carrocavel;Com Vitimas Feridas;Pleno dia;Nublado;Reta
segunda-feira;MT;Falta de Atencao Conducao;Colisao transversal;Com Vitimas Feridas;Pleno dia;Nublado;Reta
segunda-feira;PR;Desobediencia nas normas de transito pelo condutor;Colisao frontal;Com Vitimas Fatais;Pleno dia;Ceu Claro;Reta
segunda-feira;SP;Falta de Atencao Conducao;Colisao traseira;Com Vitimas Feridas;Pleno dia;Ceu Claro;Reta
segunda-feira;PI;Desobediencia nas normas de transito pelo condutor;Colisao transversal;Com Vitimas Feridas;Pleno dia;Nublado;Reta
segunda-feira;MT;Defeito Mecanico no Veiculo;Saida de leito carrocavel;Sem Vitimas;Pleno dia;Ceu Claro;Nao Informado
quinta-feira;SP;Nao guardar distancia de seguranca;Colisao lateral;Com Vitimas Feridas;Pleno dia;Sol;Reta
segunda-feira;GO;Defeito Mecanico no Veiculo;Saida de leito carrocavel;Com Vitimas Feridas;Pleno dia;Nublado;Reta
segunda-feira;RJ;Defeito na Via;Engavetamento;Com Vitimas Feridas;Pleno dia;Ceu Claro;Reta
segunda-feira;RJ;Falta de Atencao Conducao;Saida de leito carrocavel;Sem Vitimas;Pleno dia;Ceu Claro;Reta
segunda-feira;RJ;Nao guardar distancia de seguranca;Colisao traseira;Com Vitimas Feridas;Pleno dia;Ceu Claro;Reta
segunda-feira;PI;Falta de Atencao Conducao;Colisao transversal;Com Vitimas Feridas;Pleno dia;Ceu Claro;Reta