dia_semana;uf;causa_acidente;tipo_acidente;classificacao_acidente;fase_dia;condicao_metereologica;tracado_via
sabado;PR;Velocidade Incompativel;Saida de leito carrocavel;Com Vitimas Feridas;Plena Noite;Chuva;Curva
sabado;SC;Falta de Atencao Conducao;Colisao frontal;Com Vitimas Feridas;Plena Noite;Garoa/Chuvisco;Reta
sabado;GO;Falta de Atencao Conducao;Colisao transversal;Com Vitimas Fatais;Plena Noite;Ceu Claro;Reta
sabado;RJ;Ingestao de Alcool;Colisao lateral;Sem Vitimas;Plena Noite;Ceu Claro;Reta
sabado;SC;Ingestao de Alcool e/ou substancias psicoativas pelo pedestre;Colisao com objeto em movimento;Com Vitimas Feridas;Plena Noite;Chuva;Reta
sabado;SC;Ingestao de Alcool;Colisao transversal;Com Vitimas Feridas;Plena Noite;Chuva;Intersecao de vias
sabado;PB;Animais na Pista;Atropelamento de Animal;Com Vitimas Feridas;Plena Noite;Ceu Claro;Curva
sabado;RJ;Falta de Atencao do Pedestre;Atropelamento de Pedestre;Com Vitimas Fatais;Plena Noite;Ceu Claro;Reta
sabado;PE;Falta de Atencao Conducao;Colisao traseira;Sem Vitimas;Plena Noite;Nublado;Curva
sabado;SC;Velocidade Incompativel;Saida de leito carrocavel;Com Vitimas Feridas;Plena Noite;Chuva;Curva
sabado;RS;Falta de Atencao Conducao;Colisao transversal;Com Vitimas Feridas;Pleno dia;Nublado;Reta
sabado;PR;Velocidade Incompativel;Colisao frontal;Com Vitimas Fatais;Plena Noite;Chuva;Curva
sabado;SC;Falta de Atencao Conducao;Capotamento;Com Vitimas Feridas;Plena Noite;Chuva;Reta
sabado;BA;Desobediencia nas normas de transito pelo condutor;Colisao traseira;Com Vitimas Feridas;Plena Noite;Nublado;Reta
sabado;SC;Falta de Atencao Conducao;Colisao transversal;Com Vitimas Feridas;Pleno dia;Chuva;Reta
sabado;SC;Velocidade Incompativel;Tombamento;Com Vitimas Feridas;Pleno dia;Chuva;Reta
sabado;SC;Desobediencia nas normas de transito pelo condutor;Colisao traseira;Com Vitimas Feridas;Plena Noite;Chuva;Reta
sabado;PI;Deficincia ou nao Acionamento do Sistema de Iluminacao/Sinalizacao do Veiculo;Colisao traseira;Com Vitimas Feridas;Plena Noite;Ceu Claro;Reta
sabado;PA;Falta de Atencao Conducao;Colisao traseira;Com Vitimas Feridas;Plena Noite;Ignorado;Reta
sabado;MG;Falta de Atencao Conducao;Colisao traseira;Com Vitimas Feridas;Plena Noite;Ceu Claro;Reta
sabado;PI;Falta de Atencao Conducao;Colisao lateral;Com Vitimas Feridas;Plena Noite;Ceu Claro;Reta
sabado;PE;Falta de Atencao do Pedestre;Atropelamento de Pedestre;Com Vitimas Fatais;Plena Noite;Nublado;Reta
sabado;PI;Ingestao de Alcool;Colisao traseira;Com Vitimas Fatais;Plena Noite;Ceu Claro;Desvio Temporario
sabado;MT;Ingestao de Alcool;Saida de leito carrocavel;Sem Vitimas;Plena Noite;Ceu Claro;Reta
sabado;CE;Falta de Atencao Conducao;Colisao lateral;Com Vitimas Feridas;Plena Noite;Ceu Claro;Curva
sabado;SP;Agressao Externa;Capotamento;Sem Vitimas;Plena Noite;Ceu Claro;Reta
sabado;PR;Falta de Atencao Conducao;Colisao lateral;Com Vitimas Feridas;Plena Noite;Chuva;Reta
sabado;RO;Desobediencia nas normas de transito pelo condutor;Colisao transversal;Com Vitimas Feridas;Pleno dia;Sol;Reta
sabado;SP;Falta de Atencao Conducao;Tombamento;Com Vitimas Feridas;Plena Noite;Ceu Claro;Curva
sabado;PR;Ingestao de Alcool e/ou substancias psicoativas pelo pedestre;Colisao lateral;Sem Vitimas;Plena Noite;Chuva;Curva
sabado;RS;Ingestao de Alcool;Saida de leito carrocavel;Sem Vitimas;Plena Noite;Chuva;Curva
domingo;SP;Falta de Atencao Conducao;Colisao transversal;Com Vitimas Feridas;Plena Noite;Ceu Claro;Reta
domingo;RS;Desobediencia nas normas de transito pelo condutor;Colisao transversal;Com Vitimas Feridas;Plena Noite;Nublado;Intersecao de vias
sabado;SC;Falta de Atencao Conducao;Saida de leito carrocavel;Com Vitimas Feridas;Plena Noite;Chuva;Curva
domingo;ES;Animais na Pista;Atropelamento de Animal;Com Vitimas Feridas;Plena Noite;Ceu Claro;Reta
sabado;MS;Velocidade Incompativel;Saida de leito carrocavel;Com Vitimas Feridas;Plena Noite;Garoa/Chuvisco;Curva
sabado;MG;Falta de Atencao Conducao;Colisao transversal;Com Vitimas Feridas;Pleno dia;Ceu Claro;Reta
sabado;PR;Nao guardar distancia de seguranca;Colisao traseira;Com Vitimas Feridas;Plena Noite;Ceu Claro;Reta
domingo;RJ;Deficincia ou nao Acionamento do Sistema de Iluminacao/Sinalizacao do Veiculo;Colisao traseira;Com Vitimas Feridas;Plena Noite;Ceu Claro;Reta
sabado;PR;Falta de Atencao Conducao;Saida de leito carrocavel;Com Vitimas Feridas;Plena Noite;Chuva;Reta
domingo;BA;Restricao de Visibilidade;Saida de leito carrocavel;Com Vitimas Feridas;Plena Noite;Ceu Claro;Rotatoria
domingo;PR;Velocidade Incompativel;Saida de leito carrocavel;Com Vitimas Feridas;Plena Noite;Nublado;Curva
domingo;CE;Falta de Atencao Conducao;Colisao transversal;Com Vitimas Feridas;Plena Noite;Ceu Claro;Reta
domingo;PR;Ingestao de Alcool;Saida de leito carrocavel;Com Vitimas Feridas;Pleno dia;Chuva;Curva
domingo;GO;Defeito Mecanico no Veiculo;Queda de ocupante de veiculo;Com Vitimas Feridas;Plena Noite;Ceu Claro;Reta
domingo;RO;Defeito na Via;Tombamento;Com Vitimas Feridas;Plena Noite;Ceu Claro;Reta
domingo;SC;Velocidade Incompativel;Saida de leito carrocavel;Sem Vitimas;Plena Noite;Nevoeiro/Neblina;Curva
domingo;SP;Condutor Dormindo;Saida de leito carrocavel;Sem Vitimas;Plena Noite;Ceu Claro;Reta
domingo;RO;Desobediencia nas normas de transito pelo condutor;Colisao frontal;Com Vitimas Fatais;Plena Noite;Ceu Claro;Reta
domingo;PR;Velocidade Incompativel;Colisao com objeto estatico;Com Vitimas Feridas;Pleno dia;Nublado;Reta
domingo;SC;Falta de Atencao Conducao;Colisao transversal;Sem Vitimas;Plena Noite;Nublado;Reta
domingo;PR;Falta de Atencao Conducao;Saida de leito carrocavel;Com Vitimas Feridas;Plena Noite;Nublado;Nao Informado
domingo;RS;Ingestao de Alcool;Colisao transversal;Com Vitimas Feridas;Plena Noite;Ceu Claro;Reta
domingo;ES;Animais na Pista;Atropelamento de Animal;Com Vitimas Feridas;Plena Noite;Ceu Claro;Reta
domingo;SC;Ingestao de Alcool;Colisao com objeto estatico;Sem Vitimas;Plena Noite;Nublado;Reta
domingo;MG;Velocidade Incompativel;Saida de leito carrocavel;Com Vitimas Feridas;Amanhecer;Ignorado;Curva
domingo;RS;Ingestao de Alcool;Saida de leito carrocavel;Sem Vitimas;Plena Noite;Nublado;Curva
domingo;MG;Condutor Dormindo;Saida de leito carrocavel;Com Vitimas Feridas;Pleno dia;Ceu Claro;Nao Informado
domingo;MG;Desobediencia nas normas de transito pelo condutor;Colisao lateral;Com Vitimas Feridas;Plena Noite;Ceu Claro;Reta
domingo;PB;Falta de Atencao Conducao;Capotamento;Sem Vitimas;Amanhecer;Nublado;Tunel
domingo;RJ;Falta de Atencao Conducao;Colisao com objeto estatico;Sem Vitimas;Plena Noite;Nevoeiro/Neblina;Retorno Regulamentado
domingo;MG;Desobediencia nas normas de transito pelo condutor;Colisao traseira;Com Vitimas Feridas;Amanhecer;Ceu Claro;Curva
domingo;PI;Defeito na Via;Tombamento;Com Vitimas Feridas;Plena Noite;Ceu Claro;Curva
domingo;CE;Nao guardar distancia de seguranca;Colisao traseira;Sem Vitimas;Amanhecer;Ceu Claro;Reta
domingo;PI;Falta de Atencao Conducao;Colisao com objeto estatico;Sem Vitimas;Pleno dia;Sol;Reta
domingo;PR;Falta de Atencao Conducao;Queda de ocupante de veiculo;Com Vitimas Feridas;Amanhecer;Garoa/Chuvisco;Intersecao de vias
sabado;BA;Falta de Atencao Conducao;Tombamento;Com Vitimas Feridas;Plena Noite;Ceu Claro;Reta
domingo;RS;Ingestao de Alcool;Saida de leito carrocavel;Sem Vitimas;Pleno dia;Garoa/Chuvisco;Curva
domingo;SP;Condutor Dormindo;Saida de leito carrocavel;Com Vitimas Feridas;Amanhecer;Ceu Claro;Reta
domingo;PR;Nao guardar distancia de seguranca;Colisao traseira;Com Vitimas Feridas;Plena Noite;Garoa/Chuvisco;Desvio Temporario
domingo;PR;Falta de Atencao Conducao;Colisao lateral;Com Vitimas Feridas;Pleno dia;Nublado;Reta
domingo;RJ;Velocidade Incompativel;Colisao com objeto estatico;Com Vitimas Feridas;Pleno dia;Ceu Claro;Reta
domingo;AL;Desobediencia nas normas de transito pelo condutor;Colisao frontal;Com Vitimas Feridas;Pleno dia;Ceu Claro;Reta
domingo;GO;Falta de Atencao Conducao;Saida de leito carrocavel;Sem Vitimas;Amanhecer;Ignorado;Rotatoria
domingo;SE;Pista Escorregadia;Colisao com objeto estatico;Sem Vitimas;Amanhecer;Ceu Claro;Retorno Regulamentado
domingo;SC;Ingestao de Alcool;Saida de leito carrocavel;Sem Vitimas;Pleno dia;Nublado;Reta
domingo;SC;Velocidade Incompativel;Colisao com objeto estatico;Com Vitimas Feridas;Pleno dia;Nublado;Curva
domingo;GO;Falta de Atencao Conducao;Capotamento;Com Vitimas Feridas;Pleno dia;Sol;Nao Informado
domingo;SC;Ingestao de Alcool e/ou substancias psicoativas pelo pedestre;Colisao traseira;Com Vitimas Feridas;Pleno dia;Nublado;Reta
sabado;BA;Defeito Mecanico no Veiculo;Incendio;Sem Vitimas;Pleno dia;Ceu Claro;Reta
quarta-feira;PR;Nao guardar distancia de seguranca;Colisao traseira;Com Vitimas Feridas;Pleno dia;Ceu Claro;Reta
domingo;ES;Falta de Atencao Conducao;Tombamento;Com Vitimas Feridas;Pleno dia;Chuva;Desvio Temporario
domingo;SP;Velocidade Incompativel;Tombamento;Com Vitimas Feridas;Pleno dia;Ceu Claro;Curva
domingo;RJ;Falta de Atencao Conducao;Colisao traseira;Com Vitimas Feridas;Pleno dia;Ceu Claro;Reta
sabado;SE;Falta de Atencao Conducao;Colisao traseira;Com Vitimas Feridas;Pleno dia;Nublado;Curva
domingo;SC;Condutor Dormindo;Colisao transversal;Com Vitimas Feridas;Plena Noite;Garoa/Chuvisco;Curva
domingo;RJ;Desobediencia nas normas de transito pelo condutor;Colisao com objeto estatico;Sem Vitimas;Amanhecer;Ceu Claro;Curva
terca-feira;PE;Desobediencia nas normas de transito pelo condutor;Colisao lateral;Com Vitimas Feridas;Amanhecer;Ceu Claro;Rotatoria
domingo;RS;Velocidade Incompativel;Capotamento;Sem Vitimas;Amanhecer;Nublado;Curva
domingo;GO;Desobediencia nas normas de transito pelo condutor;Colisao com objeto estatico;Sem Vitimas;Pleno dia;Ceu Claro;Reta
domingo;PE;Falta de Atencao Conducao;Colisao lateral;Com Vitimas Feridas;Pleno dia;Ceu Claro;Reta
domingo;BA;Nao guardar distancia de seguranca;Colisao traseira;Com Vitimas Feridas;Pleno dia;Ceu Claro;Reta
domingo;RN;Desobediencia nas normas de transito pelo condutor;Colisao transversal;Com Vitimas Feridas;Pleno dia;Ceu Claro;Intersecao de vias
domingo;TO;Condutor Dormindo;Colisao lateral;Com Vitimas Feridas;Pleno dia;Ceu Claro;Curva
domingo;SP;Mal Subito;Queda de ocupante de veiculo;Com Vitimas Feridas;Pleno dia;Nublado;Reta
domingo;RS;Velocidade Incompativel;Colisao frontal;Com Vitimas Feridas;Pleno dia;Nublado;Curva
domingo;MG;Agressao Externa;Saida de leito carrocavel;Com Vitimas Feridas;Pleno dia;Sol;Reta
domingo;SC;Falta de Atencao Conducao;Saida de leito carrocavel;Sem Vitimas;Plena Noite;Ignorado;Reta
domingo;AL;Velocidade Incompativel;Saida de leito carrocavel;Com Vitimas Feridas;Pleno dia;Nublado;Nao Informado
domingo;SP;Nao guardar distancia de seguranca;Tombamento;Com Vitimas Feridas;Pleno dia;Ceu Claro;Reta
domingo;PR;Nao guardar distancia de seguranca;Colisao traseira;Com Vitimas Feridas;Pleno dia;Chuva;Reta
domingo;RJ;Falta de Atencao Conducao;Tombamento;Com Vitimas Fatais;Pleno dia;Ceu Claro;Reta
domingo;SC;Velocidade Incompativel;Colisao lateral;Com Vitimas Feridas;Pleno dia;Chuva;Curva
domingo;CE;Desobediencia nas normas de transito pelo condutor;Colisao transversal;Sem Vitimas;Pleno dia;Sol;Intersecao de vias
domingo;PR;Velocidade Incompativel;Saida de leito carrocavel;Com Vitimas Feridas;Pleno dia;Chuva;Curva
domingo;MG;Agressao Externa;Queda de ocupante de veiculo;Com Vitimas Feridas;Pleno dia;Ceu Claro;Reta
domingo;SC;Pista Escorregadia;Saida de leito carrocavel;Com Vitimas Feridas;Pleno dia;Chuva;Curva
domingo;PR;Velocidade Incompativel;Saida de leito carrocavel;Com Vitimas Feridas;Pleno dia;Garoa/Chuvisco;Curva
domingo;MT;Falta de Atencao Conducao;Queda de ocupante de veiculo;Com Vitimas Feridas;Pleno dia;Nublado;Reta
domingo;MT;Falta de Atencao Conducao;Queda de ocupante de veiculo;Com Vitimas Feridas;Pleno dia;Ceu Claro;Nao Informado
domingo;PB;Defeito Mecanico no Veiculo;Incendio;Sem Vitimas;Pleno dia;Ceu Claro;Reta
sabado;PI;Pista Escorregadia;Saida de leito carrocavel;Com Vitimas Feridas;Plena Noite;Chuva;Curva
domingo;SC;Falta de Atencao Conducao;Colisao lateral;Sem Vitimas;Pleno dia;Chuva;Reta
domingo;DF;Falta de Atencao Conducao;Colisao transversal;Com Vitimas Feridas;Pleno dia;Ceu Claro;Reta
domingo;SC;Falta de Atencao Conducao;Colisao transversal;Com Vitimas Feridas;Pleno dia;Chuva;Curva
domingo;GO;Falta de Atencao Conducao;Queda de ocupante de veiculo;Com Vitimas Feridas;Pleno dia;Ceu Claro;Reta
domingo;RS;Falta de Atencao Conducao;Colisao frontal;Com Vitimas Feridas;Pleno dia;Ceu Claro;Curva
domingo;MT;Velocidade Incompativel;Saida de leito carrocavel;Sem Vitimas;Pleno dia;Garoa/Chuvisco;Reta
domingo;SC;Falta de Atencao Conducao;Colisao com objeto estatico;Com Vitimas Feridas;Pleno dia;Nublado;Curva
domingo;RJ;Falta de Atencao Conducao;Queda de ocupante de veiculo;Com Vitimas Feridas;Pleno dia;Ceu Claro;Curva
domingo;RS;Falta de Atencao Conducao;Tombamento;Com Vitimas Feridas;Pleno dia;Ceu Claro;Reta
domingo;MT;Ingestao de Alcool;Saida de leito carrocavel;Sem Vitimas;Pleno dia;Nublado;Reta
domingo;BA;Pista Escorregadia;Saida de leito carrocavel;Com Vitimas Feridas;Pleno dia;Chuva;Reta
domingo;PA;Falta de Atencao Conducao;Colisao transversal;Com Vitimas Feridas;Pleno dia;Ceu Claro;Reta
domingo;RJ;Falta de Atencao Conducao;Colisao com objeto estatico;Com Vitimas Feridas;Pleno dia;Ceu Claro;Curva
domingo;GO;Desobediencia nas normas de transito pelo condutor;Colisao lateral;Com Vitimas Feridas;Pleno dia;Ceu Claro;Reta
domingo;PE;Falta de Atencao Conducao;Colisao transversal;Com Vitimas Feridas;Pleno dia;Ceu Claro;Reta
domingo;RJ;Falta de Atencao do Pedestre;Atropelamento de Pedestre;Com Vitimas Feridas;Pleno dia;Sol;Reta
domingo;RN;Falta de Atencao Conducao;Colisao lateral;Com Vitimas Feridas;Pleno dia;Ceu Claro;Reta
domingo;PR;Falta de Atencao Conducao;Saida de leito carrocavel;Com Vitimas Feridas;Plena Noite;Chuva;Curva
domingo;SP;Desobediencia nas normas de transito pelo condutor;Colisao traseira;Com Vitimas Feridas;Pleno dia;Ceu Claro;Reta
domingo;BA;Falta de Atencao Conducao;Colisao lateral;Com Vitimas Feridas;Pleno dia;Ceu Claro;Reta
quinta-feira;SC;Desobediencia nas normas de transito pelo condutor;Saida de leito carrocavel;Sem Vitimas;Plena Noite;Ignorado;Reta
domingo;SP;Pista Escorregadia;Saida de leito carrocavel;Com Vitimas Feridas;Pleno dia;Chuva;Reta
domingo;MG;Mal Subito;Saida de leito carrocavel;Com Vitimas Feridas;Pleno dia;Nublado;Reta
domingo;MA;Desobediencia nas normas de transito pelo condutor;Colisao transversal;Com Vitimas Fatais;Pleno dia;Ceu Claro;Intersecao de vias
domingo;SP;Pista Escorregadia;Saida de leito carrocavel;Com Vitimas Feridas;Anoitecer;Chuva;Curva
domingo;MG;Falta de Atencao Conducao;Saida de leito carrocavel;Com Vitimas Feridas;Pleno dia;Ceu Claro;Curva
domingo;MS;Falta de Atencao Conducao;Saida de leito carrocavel;Com Vitimas Feridas;Anoitecer;Chuva;Reta
domingo;SP;Falta de Atencao Conducao;Colisao traseira;Com Vitimas Feridas;Pleno dia;Garoa/Chuvisco;Reta
domingo;MT;Ingestao de Alcool;Saida de leito carrocavel;Sem Vitimas;Pleno dia;Ceu Claro;Reta
domingo;PR;Falta de Atencao Conducao;Colisao com objeto estatico;Sem Vitimas;Pleno dia;Nublado;Intersecao de vias
domingo;RN;Falta de Atencao Conducao;Colisao traseira;Sem Vitimas;Plena Noite;Ceu Claro;Desvio Temporario
domingo;SC;Falta de Atencao Conducao;Colisao transversal;Com Vitimas Feridas;Pleno dia;Ceu Claro;Retorno Regulamentado
domingo;MG;Falta de Atencao Conducao;Colisao traseira;Com Vitimas Feridas;Anoitecer;Ceu Claro;Reta
domingo;PA;Falta de Atencao Conducao;Tombamento;Sem Vitimas;Anoitecer;Chuva;Nao Informado
domingo;SP;Pista Escorregadia;Colisao com objeto estatico;Com Vitimas Feridas;Pleno dia;Garoa/Chuvisco;Reta
domingo;PR;Defeito Mecanico no Veiculo;Saida de leito carrocavel;Sem Vitimas;Anoitecer;Nublado;Reta
domingo;PR;Falta de Atencao Conducao;Saida de leito carrocavel;Com Vitimas Feridas;Pleno dia;Nublado;Reta
domingo;RN;Ingestao de Alcool;Colisao com objeto em movimento;Com Vitimas Feridas;Plena Noite;Ignorado;Reta
domingo;SC;Mal Subito;Colisao lateral;Com Vitimas Feridas;Plena Noite;Nublado;Reta
domingo;GO;Falta de Atencao Conducao;Tombamento;Sem Vitimas;Pleno dia;Ceu Claro;Retorno Regulamentado
domingo;MG;Ingestao de Alcool;Colisao traseira;Com Vitimas Feridas;Pleno dia;Ceu Claro;Reta
domingo;MG;Falta de Atencao Conducao;Saida de leito carrocavel;Com Vitimas Feridas;Pleno dia;Ceu Claro;Reta
domingo;PR;Desobediencia nas normas de transito pelo condutor;Colisao transversal;Com Vitimas Feridas;Anoitecer;Nublado;Retorno Regulamentado
domingo;PR;Falta de Atencao Conducao;Colisao traseira;Sem Vitimas;Anoitecer;Nublado;Reta
domingo;PI;Ingestao de Alcool;Colisao frontal;Sem Vitimas;Plena Noite;Nublado;Reta
domingo;PE;Falta de Atencao Conducao;Colisao transversal;Com Vitimas Feridas;Plena Noite;Nublado;Curva
domingo;RJ;Falta de Atencao Conducao;Atropelamento de Pedestre;Com Vitimas Feridas;Plena Noite;Ceu Claro;Reta
domingo;GO;Falta de Atencao do Pedestre;Atropelamento de Pedestre;Com Vitimas Feridas;Plena Noite;Ceu Claro;Reta
domingo;SP;Ingestao de Alcool;Colisao lateral;Com Vitimas Feridas;Plena Noite;Chuva;Reta
domingo;MG;Falta de Atencao Conducao;Saida de leito carrocavel;Com Vitimas Feridas;Plena Noite;Nublado;Reta
domingo;GO;Falta de Atencao Conducao;Colisao lateral;Com Vitimas Feridas;Plena Noite;Ignorado;Reta
domingo;RN;Nao guardar distancia de seguranca;Colisao lateral;Com Vitimas Feridas;Plena Noite;Ceu Claro;Intersecao de vias
domingo;RN;Desobediencia nas normas de transito pelo condutor;Colisao frontal;Com Vitimas Feridas;Plena Noite;Ceu Claro;Reta
domingo;SP;Restricao de Visibilidade;Colisao com objeto em movimento;Com Vitimas Feridas;Plena Noite;Chuva;Reta
domingo;SP;Ingestao de Alcool;Colisao traseira;Com Vitimas Feridas;Plena Noite;Chuva;Reta
domingo;GO;Falta de Atencao Conducao;Atropelamento de Pedestre;Com Vitimas Feridas;Plena Noite;Ignorado;Reta
domingo;MG;Falta de Atencao Conducao;Colisao lateral;Com Vitimas Feridas;Plena Noite;Ceu Claro;Curva
sexta-feira;GO;Falta de Atencao Conducao;Colisao lateral;Com Vitimas Feridas;Pleno dia;Ceu Claro;Reta
domingo;SC;Velocidade Incompativel;Saida de leito carrocavel;Com Vitimas Feridas;Pleno dia;Chuva;Curva
domingo;SC;Mal Subito;Colisao transversal;Com Vitimas Feridas;Plena Noite;Ceu Claro;Curva
domingo;GO;Defeito Mecanico no Veiculo;Incendio;Sem Vitimas;Plena Noite;Ceu Claro;Desvio Temporario
domingo;RS;Ingestao de Alcool e/ou substancias psicoativas pelo pedestre;Colisao lateral;Sem Vitimas;Anoitecer;Nublado;Reta
domingo;DF;Falta de Atencao do Pedestre;Atropelamento de Pedestre;Com Vitimas Feridas;Plena Noite;Ceu Claro;Reta
domingo;SC;Falta de Atencao Conducao;Colisao lateral;Com Vitimas Feridas;Pleno dia;Ceu Claro;Curva
domingo;RJ;Falta de Atencao Conducao;Saida de leito carrocavel;Com Vitimas Feridas;Plena Noite;Vento;Curva
domingo;ES;Nao guardar distancia de seguranca;Colisao traseira;Com Vitimas Feridas;Plena Noite;Nublado;Reta
domingo;SC;Desobediencia nas normas de transito pelo condutor;Colisao frontal;Com Vitimas Feridas;Anoitecer;Chuva;Reta
domingo;ES;Falta de Atencao Conducao;Colisao transversal;Com Vitimas Feridas;Plena Noite;Ceu Claro;Rotatoria
domingo;SC;Falta de Atencao Conducao;Colisao transversal;Sem Vitimas;Plena Noite;Ceu Claro;Reta
domingo;MG;Fenomenos da Natureza;Capotamento;Com Vitimas Feridas;Plena Noite;Vento;Curva
domingo;RJ;Falta de Atencao Conducao;Capotamento;Com Vitimas Feridas;Plena Noite;Chuva;Reta
domingo;MG;Nao guardar distancia de seguranca;Colisao traseira;Com Vitimas Feridas;Plena Noite;Ceu Claro;Reta
domingo;SP;Ingestao de Alcool;Colisao com objeto estatico;Com Vitimas Feridas;Plena Noite;Nublado;Reta
domingo;MG;Velocidade Incompativel;Saida de leito carrocavel;Com Vitimas Fatais;Plena Noite;Ceu Claro;Intersecao de vias
domingo;ES;Falta de Atencao Conducao;Colisao lateral;Sem Vitimas;Plena Noite;Ceu Claro;Reta
domingo;BA;Falta de Atencao do Pedestre;Atropelamento de Pedestre;Com Vitimas Feridas;Plena Noite;Ceu Claro;Reta
domingo;PA;Nao guardar distancia de seguranca;Saida de leito carrocavel;Sem Vitimas;Pleno dia;Chuva;Reta
domingo;BA;Falta de Atencao Conducao;Colisao transversal;Com Vitimas Fatais;Plena Noite;Ceu Claro;Reta
domingo;BA;Ingestao de Alcool;Capotamento;Com Vitimas Fatais;Plena Noite;Ceu Claro;Reta
domingo;PE;Ingestao de Alcool;Colisao frontal;Com Vitimas Feridas;Plena Noite;Ceu Claro;Reta
domingo;RO;Pista Escorregadia;Saida de leito carrocavel;Com Vitimas Feridas;Pleno dia;Chuva;Reta
domingo;PR;Ingestao de Alcool;Colisao frontal;Com Vitimas Feridas;Plena Noite;Ceu Claro;Reta
domingo;MG;Falta de Atencao Conducao;Colisao com objeto estatico;Sem Vitimas;Plena Noite;Nublado;Intersecao de vias
domingo;MG;Defeito Mecanico no Veiculo;Incendio;Sem Vitimas;Plena Noite;Nublado;Reta
domingo;BA;Falta de Atencao Conducao;Colisao frontal;Sem Vitimas;Plena Noite;Ceu Claro;Curva
domingo;BA;Falta de Atencao Conducao;Colisao frontal;Com Vitimas Feridas;Plena Noite;Ceu Claro;Reta
domingo;SC;Falta de Atencao Conducao;Colisao transversal;Com Vitimas Feridas;Plena Noite;Nevoeiro/Neblina;Reta
domingo;SP;Nao guardar distancia de seguranca;Colisao traseira;Sem Vitimas;Plena Noite;Nublado;Reta
domingo;MA;Desobediencia nas normas de transito pelo condutor;Colisao frontal;Com Vitimas Fatais;Plena Noite;Ceu Claro;Reta
domingo;MS;Falta de Atencao Conducao;Queda de ocupante de veiculo;Com Vitimas Feridas;Plena Noite;Ceu Claro;Reta
domingo;ES;Ingestao de Alcool;Colisao traseira;Com Vitimas Feridas;Plena Noite;Ceu Claro;Reta
domingo;DF;Falta de Atencao Conducao;Colisao traseira;Com Vitimas Feridas;Pleno dia;Ceu Claro;Reta
domingo;MG;Animais na Pista;Atropelamento de Animal;Com Vitimas Feridas;Plena Noite;Nublado;Curva
domingo;SE;Desobediencia nas normas de transito pelo condutor;Colisao frontal;Com Vitimas Feridas;Plena Noite;Ceu Claro;Reta
segunda-feira;PR;Falta de Atencao Conducao;Colisao traseira;Com Vitimas Feridas;Plena Noite;Nublado;Reta
domingo;RR;Falta de Atencao Conducao;Colisao traseira;Sem Vitimas;Plena Noite;Ceu Claro;Reta
segunda-feira;RS;Velocidade Incompativel;Capotamento;Com Vitimas Feridas;Plena Noite;Ceu Claro;Reta
segunda-feira;PR;Velocidade Incompativel;Colisao com objeto estatico;Sem Vitimas;Plena Noite;Ceu Claro;Reta
segunda-feira;RN;Falta de Atencao do Pedestre;Atropelamento de Pedestre;Com Vitimas Feridas;Plena Noite;Ceu Claro;Reta
segunda-feira;RS;Animais na Pista;Atropelamento de Animal;Com Vitimas Feridas;Plena Noite;Nublado;Curva
segunda-feira;RS;Falta de Atencao Conducao;Colisao transversal;Com Vitimas Feridas;Pleno dia;Ceu Claro;Intersecao de vias
segunda-feira;BA;Condutor Dormindo;Saida de leito carrocavel;Com Vitimas Feridas;Plena Noite;Nevoeiro/Neblina;Reta
segunda-feira;BA;Falta de Atencao Conducao;Queda de ocupante de veiculo;Com Vitimas Feridas;Pleno dia;Ceu Claro;Reta
domingo;RN;Falta de Atencao Conducao;Colisao transversal;Com Vitimas Feridas;Plena Noite;Ceu Claro;Rotatoria
segunda-feira;SP;Animais na Pista;Tombamento;Com Vitimas Feridas;Pleno dia;Ceu Claro;Reta
segunda-feira;SP;Carga excessiva e/ou mal acondicionada;Tombamento;Com Vitimas Feridas;Pleno dia;Chuva;Nao Informado
segunda-feira;SP;Desobediencia nas normas de transito pelo condutor;Colisao traseira;Sem Vitimas;Pleno dia;Nublado;Reta
segunda-feira;RS;Ingestao de Alcool;Colisao traseira;Com Vitimas Feridas;Pleno dia;Nublado;Nao Informado
segunda-feira;SC;Falta de Atencao Conducao;Colisao transversal;Com Vitimas Feridas;Pleno dia;Nublado;Reta
segunda-feira;MG;Pista Escorregadia;Capotamento;Com Vitimas Feridas;Pleno dia;Chuva;Curva
segunda-feira;SC;Agressao Externa;Saida de leito carrocavel;Sem Vitimas;Plena Noite;Nublado;Reta
segunda-feira;CE;Ingestao de Alcool;Colisao transversal;Sem Vitimas;Pleno dia;Ceu Claro;Reta
segunda-feira;PR;Fenomenos da Natureza;Queda de ocupante de veiculo;Com Vitimas Feridas;Amanhecer;Nevoeiro/Neblina;Rotatoria
segunda-feira;GO;Condutor Dormindo;Tombamento;Com Vitimas Feridas;Plena Noite;Ceu Claro;Curva
segunda-feira;RO;Defeito Mecanico no Veiculo;Tombamento;Com Vitimas Feridas;Pleno dia;Ceu Claro;Reta
quinta-feira;GO;Velocidade Incompativel;Colisao traseira;Com Vitimas Feridas;Pleno dia;Ceu Claro;Curva