dia_semana;uf;causa_acidente;tipo_acidente;classificacao_acidente;fase_dia;condicao_metereologica;tracado_via
segunda-feira;MA;Defeito Mecanico no Veiculo;Tombamento;Com Vitimas Feridas;Pleno dia;Ceu Claro;Reta
segunda-feira;PR;Falta de Atencao Conducao;Colisao transversal;Com Vitimas Feridas;Pleno dia;Ceu Claro;Reta
segunda-feira;RN;Nao guardar distancia de seguranca;Colisao traseira;Com Vitimas Feridas;Pleno dia;Ceu Claro;Reta
segunda-feira;MG;Falta de Atencao Conducao;Colisao lateral;Com Vitimas Feridas;Pleno dia;Ceu Claro;Reta
segunda-feira;RS;Nao guardar distancia de seguranca;Colisao traseira;Com Vitimas Feridas;Amanhecer;Nevoeiro/Neblina;Reta
segunda-feira;RN;Falta de Atencao Conducao;Colisao lateral;Com Vitimas Feridas;Pleno dia;Sol;Rotatoria
sabado;AC;Falta de Atencao do Pedestre;Atropelamento de Pedestre;Com Vitimas Feridas;Plena Noite;Ceu Claro;Reta
segunda-feira;SC;Falta de Atencao Conducao;Colisao traseira;Sem Vitimas;Pleno dia;Ceu Claro;Reta
segunda-feira;PR;Falta de Atencao do Pedestre;Atropelamento de Pedestre;Com Vitimas Feridas;Pleno dia;Ceu Claro;Reta
segunda-feira;MG;Velocidade Incompativel;Colisao frontal;Com Vitimas Fatais;Pleno dia;Chuva;Curva
terca-feira;SC;Defeito Mecanico no Veiculo;Colisao traseira;Com Vitimas Feridas;Pleno dia;Ceu Claro;Nao Informado
segunda-feira;MG;Falta de Atencao Conducao;Colisao lateral;Com Vitimas Feridas;Pleno dia;Sol;Desvio Temporario
segunda-feira;GO;Defeito Mecanico no Veiculo;Colisao com objeto em movimento;Sem Vitimas;Pleno dia;Ceu Claro;Reta
terca-feira;SP;Velocidade Incompativel;Colisao lateral;Sem Vitimas;Plena Noite;Ceu Claro;Reta
segunda-feira;GO;Falta de Atencao do Pedestre;Atropelamento de Pedestre;Com Vitimas Feridas;Pleno dia;Ceu Claro;Reta
segunda-feira;SP;Nao guardar distancia de seguranca;Colisao com objeto em movimento;Com Vitimas Feridas;Pleno dia;Sol;Nao Informado
segunda-feira;MG;Falta de Atencao Conducao;Colisao lateral;Com Vitimas Feridas;Amanhecer;Ceu Claro;Desvio Temporario
segunda-feira;MG;Condutor Dormindo;Colisao frontal;Com Vitimas Fatais;Pleno dia;Nublado;Curva
segunda-feira;PE;Defeito Mecanico no Veiculo;Saida de leito carrocavel;Com Vitimas Feridas;Pleno dia;Ceu Claro;Reta
segunda-feira;SP;Falta de Atencao Conducao;Tombamento;Com Vitimas Feridas;Pleno dia;Chuva;Curva
segunda-feira;SC;Falta de Atencao Conducao;Queda de ocupante de veiculo;Com Vitimas Feridas;Pleno dia;Ceu Claro;Reta
segunda-feira;PR;Falta de Atencao Conducao;Colisao traseira;Com Vitimas Feridas;Pleno dia;Ceu Claro;Reta
sexta-feira;MA;Ingestao de Alcool;Colisao frontal;Sem Vitimas;Plena Noite;Ceu Claro;Reta
segunda-feira;PR;Desobediencia nas normas de transito pelo condutor;Colisao transversal;Com Vitimas Feridas;Pleno dia;Sol;Intersecao de vias
terca-feira;MG;Desobedincia nas normas de transito pelo pedestre;Atropelamento de Pedestre;Com Vitimas Feridas;Plena Noite;Ceu Claro;Reta
segunda-feira;MA;Falta de Atencao Conducao;Colisao lateral;Com Vitimas Feridas;Pleno dia;Sol;Retorno Regulamentado
segunda-feira;SC;Desobediencia nas normas de transito pelo condutor;Colisao lateral;Com Vitimas Feridas;Pleno dia;Sol;Reta
segunda-feira;PB;Nao guardar distancia de seguranca;Engavetamento;Com Vitimas Feridas;Pleno dia;Sol;Reta
segunda-feira;BA;Falta de Atencao Conducao;Colisao traseira;Com Vitimas Feridas;Pleno dia;Ceu Claro;Reta
segunda-feira;SC;Falta de Atencao Conducao;Colisao transversal;Com Vitimas Feridas;Pleno dia;Ceu Claro;Reta
segunda-feira;PE;Falta de Atencao Conducao;Colisao traseira;Com Vitimas Feridas;Pleno dia;Sol;Reta
segunda-feira;SP;Falta de Atencao Conducao;Tombamento;Com Vitimas Feridas;Pleno dia;Garoa/Chuvisco;Reta
segunda-feira;SC;Desobediencia nas normas de transito pelo condutor;Colisao transversal;Com Vitimas Feridas;Pleno dia;Ceu Claro;Intersecao de vias
segunda-feira;RS;Falta de Atencao Conducao;Colisao transversal;Sem Vitimas;Pleno dia;Ceu Claro;Reta
segunda-feira;RJ;Falta de Atencao Conducao;Colisao com objeto estatico;Com Vitimas Feridas;Pleno dia;Ceu Claro;Reta
segunda-feira;BA;Defeito Mecanico no Veiculo;Incendio;Sem Vitimas;Pleno dia;Ceu Claro;Curva
segunda-feira;ES;Condutor Dormindo;Saida de leito carrocavel;Com Vitimas Feridas;Pleno dia;Ceu Claro;Curva
segunda-feira;RS;Falta de Atencao Conducao;Colisao lateral;Com Vitimas Feridas;Pleno dia;Ceu Claro;Nao Informado
segunda-feira;RS;Velocidade Incompativel;Colisao com objeto estatico;Sem Vitimas;Pleno dia;Sol;Nao Informado
segunda-feira;PA;Desobediencia nas normas de transito pelo condutor;Colisao frontal;Sem Vitimas;Pleno dia;Ceu Claro;Reta
segunda-feira;MG;Falta de Atencao Conducao;Saida de leito carrocavel;Sem Vitimas;Pleno dia;Ceu Claro;Reta
segunda-feira;PR;Falta de Atencao Conducao;Colisao transversal;Com Vitimas Feridas;Pleno dia;Ceu Claro;Reta
segunda-feira;PB;Nao guardar distancia de seguranca;Engavetamento;Com Vitimas Feridas;Pleno dia;Ceu Claro;Reta
segunda-feira;MG;Falta de Atencao Conducao;Colisao transversal;Com Vitimas Feridas;Pleno dia;Ceu Claro;Nao Informado
segunda-feira;BA;Desobediencia nas normas de transito pelo condutor;Colisao frontal;Com Vitimas Fatais;Pleno dia;Sol;Curva
segunda-feira;MS;Condutor Dormindo;Capotamento;Com Vitimas Feridas;Pleno dia;Ceu Claro;Reta
segunda-feira;MG;Falta de Atencao Conducao;Colisao frontal;Com Vitimas Feridas;Pleno dia;Chuva;Curva
segunda-feira;RJ;Falta de Atencao Conducao;Saida de leito carrocavel;Com Vitimas Feridas;Pleno dia;Sol;Reta
segunda-feira;SC;Falta de Atencao Conducao;Queda de ocupante de veiculo;Com Vitimas Feridas;Pleno dia;Ceu Claro;Reta
segunda-feira;GO;Condutor Dormindo;Saida de leito carrocavel;Com Vitimas Feridas;Pleno dia;Ceu Claro;Reta
segunda-feira;MG;Pista Escorregadia;Saida de leito carrocavel;Com Vitimas Feridas;Pleno dia;Ceu Claro;Reta
segunda-feira;SP;Velocidade Incompativel;Colisao com objeto estatico;Com Vitimas Feridas;Pleno dia;Chuva;Nao Informado
segunda-feira;RS;Falta de Atencao Conducao;Colisao traseira;Com Vitimas Feridas;Pleno dia;Ceu Claro;Reta
sabado;RO;Falta de Atencao Conducao;Saida de leito carrocavel;Com Vitimas Feridas;Anoitecer;Nublado;Reta
segunda-feira;RS;Ultrapassagem Indevida;Colisao lateral;Sem Vitimas;Pleno dia;Sol;Nao Informado
segunda-feira;GO;Velocidade Incompativel;Colisao transversal;Com Vitimas Feridas;Amanhecer;Ceu Claro;Reta
segunda-feira;GO;Velocidade Incompativel;Colisao traseira;Com Vitimas Feridas;Pleno dia;Ceu Claro;Reta
segunda-feira;SC;Desobediencia nas normas de transito pelo condutor;Colisao transversal;Com Vitimas Feridas;Pleno dia;Ceu Claro;Reta
segunda-feira;SC;Falta de Atencao Conducao;Colisao lateral;Com Vitimas Feridas;Pleno dia;Ceu Claro;Curva
segunda-feira;PR;Desobediencia nas normas de transito pelo condutor;Colisao transversal;Com Vitimas Feridas;Amanhecer;Ceu Claro;Intersecao de vias
segunda-feira;RS;Ingestao de Alcool;Colisao frontal;Com Vitimas Feridas;Pleno dia;Ceu Claro;Intersecao de vias
segunda-feira;RJ;Deficincia ou nao Acionamento do Sistema de Iluminacao/Sinalizacao do Veiculo;Colisao lateral;Com Vitimas Feridas;Pleno dia;Ceu Claro;Reta
segunda-feira;PR;Falta de Atencao Conducao;Colisao traseira;Com Vitimas Feridas;Pleno dia;Ceu Claro;Reta
segunda-feira;MG;Falta de Atencao Conducao;Saida de leito carrocavel;Com Vitimas Feridas;Pleno dia;Chuva;Curva
segunda-feira;RS;Defeito na Via;Tombamento;Com Vitimas Feridas;Pleno dia;Ceu Claro;Nao Informado
segunda-feira;MT;Falta de Atencao Conducao;Colisao lateral;Com Vitimas Feridas;Pleno dia;Ceu Claro;Desvio Temporario
segunda-feira;AP;Fenomenos da Natureza;Saida de leito carrocavel;Com Vitimas Feridas;Pleno dia;Chuva;Curva
segunda-feira;PB;Avarias e/ou desgaste excessivo no pneu;Colisao com objeto estatico;Com Vitimas Feridas;Pleno dia;Ceu Claro;Reta
segunda-feira;SC;Falta de Atencao do Pedestre;Atropelamento de Pedestre;Com Vitimas Feridas;Pleno dia;Ceu Claro;Reta
segunda-feira;MT;Falta de Atencao Conducao;Capotamento;Com Vitimas Feridas;Pleno dia;Garoa/Chuvisco;Reta
segunda-feira;RJ;Falta de Atencao Conducao;Colisao transversal;Com Vitimas Feridas;Pleno dia;Ceu Claro;Reta
segunda-feira;RS;Velocidade Incompativel;Tombamento;Com Vitimas Feridas;Pleno dia;Sol;Nao Informado
segunda-feira;SC;Restricao de Visibilidade;Colisao traseira;Com Vitimas Feridas;Anoitecer;Nublado;Reta
segunda-feira;RS;Falta de Atencao Conducao;Colisao traseira;Com Vitimas Feridas;Pleno dia;Sol;Nao Informado
segunda-feira;MT;Pista Escorregadia;Queda de ocupante de veiculo;Com Vitimas Feridas;Pleno dia;Ceu Claro;Desvio Temporario
segunda-feira;SP;Desobediencia nas normas de transito pelo condutor;Colisao traseira;Com Vitimas Feridas;Anoitecer;Ceu Claro;Nao Informado
segunda-feira;RS;Velocidade Incompativel;Colisao lateral;Com Vitimas Feridas;Pleno dia;Ceu Claro;Curva
segunda-feira;SP;Falta de Atencao Conducao;Colisao traseira;Sem Vitimas;Anoitecer;Ceu Claro;Reta
segunda-feira;SC;Velocidade Incompativel;Capotamento;Com Vitimas Fatais;Pleno dia;Ceu Claro;Reta
segunda-feira;MG;Nao guardar distancia de seguranca;Colisao traseira;Com Vitimas Feridas;Pleno dia;Chuva;Reta
segunda-feira;PE;Animais na Pista;Atropelamento de Animal;Com Vitimas Feridas;Anoitecer;Ceu Claro;Nao Informado
segunda-feira;MG;Pista Escorregadia;Saida de leito carrocavel;Com Vitimas Feridas;Pleno dia;Chuva;Reta
segunda-feira;ES;Desobediencia nas normas de transito pelo condutor;Colisao frontal;Com Vitimas Fatais;Anoitecer;Ceu Claro;Reta
segunda-feira;CE;Pista Escorregadia;Colisao frontal;Sem Vitimas;Pleno dia;Garoa/Chuvisco;Reta
segunda-feira;PE;Falta de Atencao Conducao;Colisao transversal;Com Vitimas Feridas;Plena Noite;Ceu Claro;Nao Informado
segunda-feira;MG;Desobediencia nas normas de transito pelo condutor;Colisao transversal;Com Vitimas Feridas;Plena Noite;Ceu Claro;Reta
segunda-feira;BA;Falta de Atencao Conducao;Tombamento;Com Vitimas Feridas;Anoitecer;Ceu Claro;Reta
segunda-feira;MS;Animais na Pista;Tombamento;Com Vitimas Feridas;Anoitecer;Ceu Claro;Reta
segunda-feira;RS;Falta de Atencao Conducao;Colisao transversal;Com Vitimas Feridas;Plena Noite;Ceu Claro;Nao Informado
segunda-feira;RS;Desobediencia nas normas de transito pelo condutor;Colisao transversal;Com Vitimas Feridas;Anoitecer;Ceu Claro;Reta
segunda-feira;GO;Falta de Atencao Conducao;Colisao com objeto estatico;Com Vitimas Feridas;Pleno dia;Sol;Reta
segunda-feira;SC;Desobediencia nas normas de transito pelo condutor;Colisao transversal;Com Vitimas Feridas;Pleno dia;Ceu Claro;Rotatoria
segunda-feira;PR;Ingestao de Alcool e/ou substancias psicoativas pelo pedestre;Atropelamento de Pedestre;Com Vitimas Feridas;Plena Noite;Nublado;Reta
segunda-feira;SP;Falta de Atencao do Pedestre;Atropelamento de Pedestre;Com Vitimas Feridas;Plena Noite;Ceu Claro;Reta
segunda-feira;MS;Falta de Atencao Conducao;Colisao traseira;Com Vitimas Feridas;Anoitecer;Ceu Claro;Reta
segunda-feira;RO;Falta de Atencao Conducao;Colisao transversal;Com Vitimas Feridas;Anoitecer;Nublado;Intersecao de vias
segunda-feira;PR;Falta de Atencao Conducao;Colisao transversal;Com Vitimas Feridas;Plena Noite;Ceu Claro;Reta
segunda-feira;RN;Velocidade Incompativel;Colisao transversal;Com Vitimas Feridas;Plena Noite;Ceu Claro;Curva
segunda-feira;MG;Falta de Atencao Conducao;Colisao transversal;Com Vitimas Feridas;Plena Noite;Nublado;Intersecao de vias
segunda-feira;PB;Ingestao de Alcool;Atropelamento de Pedestre;Com Vitimas Feridas;Plena Noite;Ceu Claro;Reta
segunda-feira;SP;Falta de Atencao Conducao;Colisao lateral;Com Vitimas Feridas;Plena Noite;Nublado;Reta
segunda-feira;PE;Falta de Atencao Conducao;Colisao traseira;Com Vitimas Feridas;Plena Noite;Ceu Claro;Curva
segunda-feira;SC;Desobediencia nas normas de transito pelo condutor;Colisao frontal;Com Vitimas Feridas;Plena Noite;Nublado;Reta
segunda-feira;SC;Falta de Atencao Conducao;Engavetamento;Sem Vitimas;Plena Noite;Nublado;Nao Informado
segunda-feira;PA;Ingestao de Alcool;Colisao traseira;Com Vitimas Feridas;Plena Noite;Ceu Claro;Reta
segunda-feira;GO;Defeito na Via;Tombamento;Com Vitimas Feridas;Plena Noite;Nublado;Reta
segunda-feira;PB;Desobediencia nas normas de transito pelo condutor;Atropelamento de Pedestre;Com Vitimas Feridas;Anoitecer;Ceu Claro;Reta
segunda-feira;MG;Velocidade Incompativel;Saida de leito carrocavel;Com Vitimas Fatais;Plena Noite;Ceu Claro;Reta
segunda-feira;RJ;Mal Subito;Colisao com objeto estatico;Com Vitimas Feridas;Plena Noite;Ceu Claro;Reta
segunda-feira;MG;Defeito Mecanico no Veiculo;Incendio;Sem Vitimas;Plena Noite;Ceu Claro;Curva
quinta-feira;RS;Falta de Atencao Conducao;Colisao traseira;Com Vitimas Feridas;Anoitecer;Chuva;Viaduto
segunda-feira;SC;Defeito Mecanico no Veiculo;Queda de ocupante de veiculo;Com Vitimas Feridas;Plena Noite;Ceu Claro;Nao Informado
segunda-feira;RJ;Carga excessiva e/ou mal acondicionada;Tombamento;Sem Vitimas;Plena Noite;Ceu Claro;Curva
segunda-feira;AL;Velocidade Incompativel;Queda de ocupante de veiculo;Com Vitimas Feridas;Plena Noite;Nublado;Viaduto
segunda-feira;PB;Defeito Mecanico no Veiculo;Incendio;Sem Vitimas;Plena Noite;Ceu Claro;Reta
segunda-feira;RJ;Defeito Mecanico no Veiculo;Tombamento;Sem Vitimas;Plena Noite;Nublado;Curva
segunda-feira;RO;Ultrapassagem Indevida;Colisao traseira;Com Vitimas Fatais;Anoitecer;Ceu Claro;Reta
segunda-feira;RO;Falta de Atencao Conducao;Tombamento;Com Vitimas Feridas;Plena Noite;Chuva;Reta
segunda-feira;GO;Animais na Pista;Atropelamento de Animal;Com Vitimas Feridas;Plena Noite;Ceu Claro;Reta
segunda-feira;RO;Desobediencia nas normas de transito pelo condutor;Colisao transversal;Com Vitimas Feridas;Plena Noite;Nublado;Nao Informado
segunda-feira;RJ;Velocidade Incompativel;Tombamento;Com Vitimas Feridas;Plena Noite;Nublado;Nao Informado
segunda-feira;MG;Defeito Mecanico no Veiculo;Incendio;Sem Vitimas;Plena Noite;Ceu Claro;Reta
segunda-feira;MG;Defeito Mecanico no Veiculo;Incendio;Com Vitimas Fatais;Plena Noite;Ceu Claro;Reta
segunda-feira;SC;Falta de Atencao Conducao;Colisao traseira;Com Vitimas Feridas;Plena Noite;Ceu Claro;Reta
segunda-feira;MG;Falta de Atencao Conducao;Atropelamento de Pedestre;Com Vitimas Feridas;Pleno dia;Nublado;Curva
terca-feira;RS;Ingestao de Alcool;Saida de leito carrocavel;Com Vitimas Feridas;Plena Noite;Ceu Claro;Reta
segunda-feira;RS;Ingestao de Alcool;Saida de leito carrocavel;Sem Vitimas;Plena Noite;Ceu Claro;Nao Informado
terca-feira;RS;Condutor Dormindo;Saida de leito carrocavel;Com Vitimas Feridas;Plena Noite;Nublado;Reta
segunda-feira;RO;Mal Subito;Colisao lateral;Com Vitimas Fatais;Plena Noite;Nublado;Reta
terca-feira;SC;Ingestao de Alcool;Colisao frontal;Com Vitimas Feridas;Plena Noite;Ceu Claro;Reta
terca-feira;MG;Condutor Dormindo;Capotamento;Com Vitimas Feridas;Plena Noite;Ceu Claro;Reta
segunda-feira;RJ;Fenomenos da Natureza;Colisao com objeto estatico;Com Vitimas Feridas;Plena Noite;Chuva;Nao Informado
terca-feira;MG;Mal Subito;Saida de leito carrocavel;Com Vitimas Feridas;Plena Noite;Ceu Claro;Reta
terca-feira;MG;Defeito Mecanico no Veiculo;Queda de ocupante de veiculo;Com Vitimas Feridas;Amanhecer;Nublado;Reta
terca-feira;PR;Restricao de Visibilidade;Atropelamento de Pedestre;Com Vitimas Feridas;Amanhecer;Nublado;Reta
terca-feira;PE;Velocidade Incompativel;Saida de leito carrocavel;Sem Vitimas;Amanhecer;Nublado;Desvio Temporario
terca-feira;RS;Animais na Pista;Atropelamento de Animal;Com Vitimas Feridas;Plena Noite;Nublado;Reta
sabado;MG;Falta de Atencao Conducao;Colisao lateral;Com Vitimas Feridas;Pleno dia;Ceu Claro;Curva
terca-feira;SE;Desobedincia nas normas de transito pelo pedestre;Atropelamento de Pedestre;Com Vitimas Fatais;Pleno dia;Ceu Claro;Nao Informado
terca-feira;GO;Falta de Atencao Conducao;Colisao lateral;Com Vitimas Feridas;Amanhecer;Ceu Claro;Reta
terca-feira;RS;Restricao de Visibilidade;Colisao transversal;Com Vitimas Feridas;Amanhecer;Nevoeiro/Neblina;Reta
terca-feira;CE;Falta de Atencao Conducao;Colisao transversal;Com Vitimas Feridas;Pleno dia;Ceu Claro;Reta
terca-feira;SP;Pista Escorregadia;Colisao com objeto estatico;Com Vitimas Feridas;Amanhecer;Garoa/Chuvisco;Curva
terca-feira;PB;Desobediencia nas normas de transito pelo condutor;Colisao traseira;Com Vitimas Feridas;Pleno dia;Ceu Claro;Reta
segunda-feira;SC;Carga excessiva e/ou mal acondicionada;Saida de leito carrocavel;Com Vitimas Feridas;Plena Noite;Ceu Claro;Curva
terca-feira;RJ;Condutor Dormindo;Tombamento;Com Vitimas Feridas;Pleno dia;Chuva;Reta
terca-feira;SP;Falta de Atencao Conducao;Tombamento;Com Vitimas Feridas;Pleno dia;Ceu Claro;Reta
terca-feira;MG;Falta de Atencao Conducao;Colisao lateral;Com Vitimas Feridas;Pleno dia;Sol;Intersecao de vias
terca-feira;SC;Velocidade Incompativel;Colisao traseira;Com Vitimas Feridas;Pleno dia;Nublado;Reta
terca-feira;PE;Falta de Atencao Conducao;Colisao lateral;Com Vitimas Feridas;Pleno dia;Ceu Claro;Reta
terca-feira;PI;Nao guardar distancia de seguranca;Colisao traseira;Com Vitimas Feridas;Pleno dia;Nublado;Ponte
terca-feira;MG;Pista Escorregadia;Saida de leito carrocavel;Com Vitimas Feridas;Pleno dia;Ceu Claro;Curva
terca-feira;RJ;Falta de Atencao Conducao;Colisao traseira;Com Vitimas Feridas;Amanhecer;Sol;Curva
terca-feira;BA;Desobediencia nas normas de transito pelo condutor;Colisao transversal;Com Vitimas Feridas;Pleno dia;Ceu Claro;Reta
terca-feira;MT;Animais na Pista;Saida de leito carrocavel;Com Vitimas Feridas;Amanhecer;Ceu Claro;Reta
terca-feira;PR;Falta de Atencao Conducao;Colisao traseira;Com Vitimas Feridas;Pleno dia;Ceu Claro;Reta
terca-feira;SP;Desobediencia nas normas de transito pelo condutor;Colisao traseira;Com Vitimas Feridas;Pleno dia;Sol;Reta
terca-feira;PE;Falta de Atencao Conducao;Colisao transversal;Com Vitimas Feridas;Pleno dia;Ceu Claro;Reta
terca-feira;RS;Desobediencia nas normas de transito pelo condutor;Colisao lateral;Com Vitimas Feridas;Pleno dia;Ceu Claro;Reta
terca-feira;MT;Animais na Pista;Atropelamento de Animal;Com Vitimas Feridas;Amanhecer;Ceu Claro;Reta
terca-feira;BA;Desobediencia nas normas de transito pelo condutor;Queda de ocupante de veiculo;Com Vitimas Feridas;Pleno dia;Nublado;Reta
terca-feira;RJ;Falta de Atencao Conducao;Tombamento;Com Vitimas Feridas;Pleno dia;Nublado;Reta
terca-feira;PR;Falta de Atencao Conducao;Colisao transversal;Com Vitimas Feridas;Pleno dia;Ceu Claro;Reta
terca-feira;GO;Falta de Atencao Conducao;Colisao traseira;Com Vitimas Feridas;Pleno dia;Ceu Claro;Reta
terca-feira;SC;Falta de Atencao Conducao;Colisao lateral;Com Vitimas Feridas;Pleno dia;Ceu Claro;Reta
terca-feira;MT;Velocidade Incompativel;Colisao com objeto estatico;Sem Vitimas;Pleno dia;Chuva;Curva
terca-feira;GO;Nao guardar distancia de seguranca;Colisao lateral;Com Vitimas Feridas;Pleno dia;Ceu Claro;Reta
terca-feira;PB;Mal Subito;Colisao com objeto estatico;Com Vitimas Feridas;Pleno dia;Ceu Claro;Reta
terca-feira;RJ;Falta de Atencao Conducao;Colisao transversal;Com Vitimas Feridas;Pleno dia;Sol;Nao Informado
terca-feira;ES;Ultrapassagem Indevida;Colisao lateral;Com Vitimas Feridas;Pleno dia;Ceu Claro;Reta
terca-feira;RO;Desobediencia nas normas de transito pelo condutor;Colisao lateral;Com Vitimas Feridas;Pleno dia;Ceu Claro;Reta
terca-feira;SP;Nao guardar distancia de seguranca;Colisao lateral;Com Vitimas Feridas;Pleno dia;Sol;Reta
terca-feira;SP;Falta de Atencao Conducao;Tombamento;Com Vitimas Feridas;Pleno dia;Ceu Claro;Reta
terca-feira;RJ;Falta de Atencao Conducao;Colisao traseira;Com Vitimas Feridas;Pleno dia;Sol;Reta
quinta-feira;PR;Falta de Atencao Conducao;Colisao lateral;Com Vitimas Feridas;Amanhecer;Nublado;Curva
terca-feira;MT;Falta de Atencao Conducao;Queda de ocupante de veiculo;Com Vitimas Feridas;Pleno dia;Nublado;Nao Informado
terca-feira;RJ;Falta de Atencao Conducao;Colisao lateral;Sem Vitimas;Pleno dia;Ceu Claro;Reta
segunda-feira;CE;Desobediencia nas normas de transito pelo condutor;Colisao frontal;Com Vitimas Fatais;Plena Noite;Ceu Claro;Nao Informado
terca-feira;BA;Falta de Atencao Conducao;Colisao frontal;Com Vitimas Feridas;Pleno dia;Ceu Claro;Reta
terca-feira;MG;Pista Escorregadia;Saida de leito carrocavel;Sem Vitimas;Pleno dia;Ceu Claro;Curva
terca-feira;PR;Falta de Atencao Conducao;Colisao transversal;Com Vitimas Feridas;Pleno dia;Nublado;Intersecao de vias
terca-feira;SP;Defeito Mecanico no Veiculo;Colisao lateral;Com Vitimas Feridas;Pleno dia;Ceu Claro;Reta
terca-feira;SC;Desobediencia nas normas de transito pelo condutor;Colisao transversal;Com Vitimas Feridas;Pleno dia;Nublado;Reta
terca-feira;SC;Falta de Atencao Conducao;Colisao traseira;Com Vitimas Feridas;Pleno dia;Ceu Claro;Rotatoria
terca-feira;MA;Desobediencia nas normas de transito pelo condutor;Colisao traseira;Com Vitimas Feridas;Pleno dia;Sol;Reta
terca-feira;PR;Falta de Atencao Conducao;Saida de leito carrocavel;Com Vitimas Fatais;Pleno dia;Ceu Claro;Curva
terca-feira;BA;Falta de Atencao Conducao;Engavetamento;Sem Vitimas;Pleno dia;Sol;Reta
terca-feira;RS;Desobediencia nas normas de transito pelo condutor;Colisao traseira;Com Vitimas Feridas;Pleno dia;Ceu Claro;Reta
terca-feira;SC;Falta de Atencao Conducao;Colisao traseira;Com Vitimas Feridas;Pleno dia;Ceu Claro;Reta
terca-feira;GO;Falta de Atencao Conducao;Tombamento;Com Vitimas Feridas;Pleno dia;Ceu Claro;Reta
terca-feira;PE;Falta de Atencao Conducao;Colisao traseira;Com Vitimas Feridas;Pleno dia;Ceu Claro;Nao Informado
terca-feira;RN;Falta de Atencao Conducao;Colisao lateral;Com Vitimas Feridas;Pleno dia;Chuva;Reta
terca-feira;PE;Falta de Atencao Conducao;Saida de leito carrocavel;Sem Vitimas;Pleno dia;Chuva;Curva
terca-feira;MG;Velocidade Incompativel;Tombamento;Com Vitimas Feridas;Pleno dia;Sol;Nao Informado
terca-feira;SP;Falta de Atencao Conducao;Colisao lateral;Com Vitimas Feridas;Pleno dia;Sol;Desvio Temporario
terca-feira;MG;Desobediencia nas normas de transito pelo condutor;Colisao transversal;Com Vitimas Feridas;Pleno dia;Sol;Nao Informado
terca-feira;SC;Desobediencia nas normas de transito pelo condutor;Colisao lateral;Com Vitimas Feridas;Pleno dia;Ceu Claro;Reta
terca-feira;RO;Avarias e/ou desgaste excessivo no pneu;Saida de leito carrocavel;Com Vitimas Feridas;Pleno dia;Ceu Claro;Nao Informado
terca-feira;MG;Carga excessiva e/ou mal acondicionada;Colisao com objeto em movimento;Com Vitimas Feridas;Pleno dia;Ceu Claro;Reta
terca-feira;MG;Nao guardar distancia de seguranca;Colisao traseira;Com Vitimas Feridas;Pleno dia;Ceu Claro;Reta
segunda-feira;MS;Falta de Atencao Conducao;Tombamento;Com Vitimas Feridas;Plena Noite;Chuva;Reta
terca-feira;TO;Falta de Atencao Conducao;Colisao lateral;Sem Vitimas;Pleno dia;Ceu Claro;Reta
terca-feira;SC;Avarias e/ou desgaste excessivo no pneu;Tombamento;Com Vitimas Feridas;Pleno dia;Ceu Claro;Intersecao de vias
terca-feira;MG;Falta de Atencao Conducao;Colisao lateral;Com Vitimas Feridas;Pleno dia;Ceu Claro;Reta
terca-feira;SC;Falta de Atencao Conducao;Colisao frontal;Com Vitimas Feridas;Pleno dia;Nublado;Reta
terca-feira;GO;Velocidade Incompativel;Tombamento;Com Vitimas Feridas;Pleno dia;Chuva;Intersecao de vias
terca-feira;AM;Falta de Atencao Conducao;Danos eventuais;Sem Vitimas;Pleno dia;Nublado;Reta
terca-feira;MG;Pista Escorregadia;Saida de leito carrocavel;Com Vitimas Feridas;Amanhecer;Nublado;Curva
terca-feira;GO;Falta de Atencao Conducao;Tombamento;Com Vitimas Feridas;Pleno dia;Sol;Reta
quarta-feira;MG;Falta de Atencao Conducao;Colisao traseira;Com Vitimas Feridas;Plena Noite;Vento;Reta
terca-feira;PB;Falta de Atencao Conducao;Colisao transversal;Com Vitimas Feridas;Pleno dia;Ceu Claro;Curva
terca-feira;PB;Condutor Dormindo;Capotamento;Com Vitimas Feridas;Pleno dia;Ceu Claro;Reta
terca-feira;PR;Falta de Atencao Conducao;Colisao lateral;Com Vitimas Feridas;Pleno dia;Nublado;Reta
terca-feira;RJ;Falta de Atencao Conducao;Colisao lateral;Com Vitimas Feridas;Pleno dia;Ceu Claro;Reta
terca-feira;PR;Falta de Atencao Conducao;Capotamento;Com Vitimas Feridas;Pleno dia;Sol;Curva
terca-feira;RO;Falta de Atencao Conducao;Colisao traseira;Com Vitimas Feridas;Pleno dia;Sol;Reta
terca-feira;SC;Falta de Atencao Conducao;Colisao transversal;Com Vitimas Feridas;Pleno dia;Sol;Intersecao de vias
terca-feira;SC;Desobediencia nas normas de transito pelo condutor;Colisao transversal;Com Vitimas Feridas;Pleno dia;Sol;Reta